Command line invocation:
    /Applications/Xcode.app/Contents/Developer/usr/bin/xcodebuild -workspace Example/vantiq-ui-ios.xcworkspace -scheme vantiq-ui-ios-Example -sdk iphonesimulator -destination "platform=iOS Simulator,name=iPhone 17" build test

Build settings from command line:
    SDKROOT = iphonesimulator26.4

ComputePackagePrebuildTargetDependencyGraph

CreateBuildRequest

SendProjectDescription

CreateBuildOperation

ComputeTargetDependencyGraph
note: Building targets in dependency order
note: Target dependency graph (8 targets)
    Target 'vantiq-ui-ios_Example' in project 'vantiq-ui-ios'
        ➜ Implicit dependency on target 'Pods-vantiq-ui-ios_Example' in project 'Pods' via file 'Pods_vantiq_ui_ios_Example.framework' in build phase 'Link Binary'
        ➜ Implicit dependency on target 'AppAuth' in project 'Pods' via options '-framework AppAuth' in build setting 'OTHER_LDFLAGS'
        ➜ Implicit dependency on target 'Base64' in project 'Pods' via options '-framework Base64' in build setting 'OTHER_LDFLAGS'
        ➜ Implicit dependency on target 'JWT' in project 'Pods' via options '-framework JWT' in build setting 'OTHER_LDFLAGS'
        ➜ Implicit dependency on target 'vantiq-sdk-ios' in project 'Pods' via options '-framework vantiq_sdk_ios' in build setting 'OTHER_LDFLAGS'
        ➜ Implicit dependency on target 'vantiq-ui-ios' in project 'Pods' via options '-framework vantiq_ui_ios' in build setting 'OTHER_LDFLAGS'
    Target 'Pods-vantiq-ui-ios_Example' in project 'Pods'
        ➜ Explicit dependency on target 'AppAuth' in project 'Pods'
        ➜ Explicit dependency on target 'Base64' in project 'Pods'
        ➜ Explicit dependency on target 'JWT' in project 'Pods'
        ➜ Explicit dependency on target 'vantiq-sdk-ios' in project 'Pods'
        ➜ Explicit dependency on target 'vantiq-ui-ios' in project 'Pods'
    Target 'vantiq-ui-ios' in project 'Pods'
        ➜ Explicit dependency on target 'AppAuth' in project 'Pods'
        ➜ Explicit dependency on target 'Base64' in project 'Pods'
        ➜ Explicit dependency on target 'JWT' in project 'Pods'
        ➜ Explicit dependency on target 'vantiq-sdk-ios' in project 'Pods'
    Target 'vantiq-sdk-ios' in project 'Pods' (no dependencies)
    Target 'JWT' in project 'Pods'
        ➜ Explicit dependency on target 'Base64' in project 'Pods'
    Target 'Base64' in project 'Pods' (no dependencies)
    Target 'AppAuth' in project 'Pods'
        ➜ Explicit dependency on target 'AppAuth-AppAuthCore_Privacy' in project 'Pods'
    Target 'AppAuth-AppAuthCore_Privacy' in project 'Pods' (no dependencies)

GatherProvisioningInputs

CreateBuildDescription

ExecuteExternalTool /Applications/Xcode.app/Contents/Developer/Toolchains/XcodeDefault.xctoolchain/usr/bin/clang -v -E -dM -arch arm64 -isysroot /Applications/Xcode.app/Contents/Developer/Platforms/iPhoneSimulator.platform/Developer/SDKs/iPhoneSimulator26.4.sdk -x c -c /dev/null

ExecuteExternalTool /Applications/Xcode.app/Contents/Developer/Toolchains/XcodeDefault.xctoolchain/usr/bin/clang -v -E -dM -isysroot /Applications/Xcode.app/Contents/Developer/Platforms/iPhoneSimulator.platform/Developer/SDKs/iPhoneSimulator26.4.sdk -x c -c /dev/null

ExecuteExternalTool /Applications/Xcode.app/Contents/Developer/Toolchains/XcodeDefault.xctoolchain/usr/bin/clang -v -E -dM -arch arm64 -isysroot /Applications/Xcode.app/Contents/Developer/Platforms/iPhoneSimulator.platform/Developer/SDKs/iPhoneSimulator26.4.sdk -x objective-c -c /dev/null

ExecuteExternalTool /Applications/Xcode.app/Contents/Developer/usr/bin/ibtool --version --output-format xml1

ExecuteExternalTool /Applications/Xcode.app/Contents/Developer/usr/bin/actool --print-asset-tag-combinations --output-format xml1 /Users/swan/Development/vantiq-ui-ios/Example/vantiq-ui-ios/Images.xcassets

ExecuteExternalTool /Applications/Xcode.app/Contents/Developer/Toolchains/XcodeDefault.xctoolchain/usr/bin/ld -version_details

ExecuteExternalTool /Applications/Xcode.app/Contents/Developer/Toolchains/XcodeDefault.xctoolchain/usr/bin/libtool -V

ExecuteExternalTool /Applications/Xcode.app/Contents/Developer/usr/bin/actool --version --output-format xml1

Build description signature: 3721c30a8a002b91abc92053335096f5
Build description path: /Users/swan/Development/vantiq-ui-ios/Example/build/XCBuildData/3721c30a8a002b91abc92053335096f5.xcbuilddata
CreateBuildDirectory /Users/swan/Development/vantiq-ui-ios/Example/build
    cd /Users/swan/Development/vantiq-ui-ios/Example
    builtin-create-build-directory /Users/swan/Development/vantiq-ui-ios/Example/build

ClangStatCache /Applications/Xcode.app/Contents/Developer/Toolchains/XcodeDefault.xctoolchain/usr/bin/clang-stat-cache /Applications/Xcode.app/Contents/Developer/Platforms/iPhoneSimulator.platform/Developer/SDKs/iPhoneSimulator26.4.sdk /Users/swan/Library/Developer/Xcode/DerivedData/SDKStatCaches.noindex/iphonesimulator26.4-23E237-686eebb5dc1d8ecb277353a59184f4aa.sdkstatcache
    cd /Users/swan/Development/vantiq-ui-ios/Example
    /Applications/Xcode.app/Contents/Developer/Toolchains/XcodeDefault.xctoolchain/usr/bin/clang-stat-cache /Applications/Xcode.app/Contents/Developer/Platforms/iPhoneSimulator.platform/Developer/SDKs/iPhoneSimulator26.4.sdk -o /Users/swan/Library/Developer/Xcode/DerivedData/SDKStatCaches.noindex/iphonesimulator26.4-23E237-686eebb5dc1d8ecb277353a59184f4aa.sdkstatcache

CreateBuildDirectory /Users/swan/Development/vantiq-ui-ios/Example/build/ExplicitPrecompiledModules
    cd /Users/swan/Development/vantiq-ui-ios/Example
    builtin-create-build-directory /Users/swan/Development/vantiq-ui-ios/Example/build/ExplicitPrecompiledModules

CreateBuildDirectory /Users/swan/Development/vantiq-ui-ios/Example/build/SwiftExplicitPrecompiledModules
    cd /Users/swan/Development/vantiq-ui-ios/Example
    builtin-create-build-directory /Users/swan/Development/vantiq-ui-ios/Example/build/SwiftExplicitPrecompiledModules

CreateBuildDirectory /Users/swan/Development/vantiq-ui-ios/Example/build/Debug-iphonesimulator
    cd /Users/swan/Development/vantiq-ui-ios/Example
    builtin-create-build-directory /Users/swan/Development/vantiq-ui-ios/Example/build/Debug-iphonesimulator

CreateBuildDirectory /Users/swan/Development/vantiq-ui-ios/Example/build/EagerLinkingTBDs/Debug-iphonesimulator
    cd /Users/swan/Development/vantiq-ui-ios/Example
    builtin-create-build-directory /Users/swan/Development/vantiq-ui-ios/Example/build/EagerLinkingTBDs/Debug-iphonesimulator

WriteAuxiliaryFile /Users/swan/Development/vantiq-ui-ios/Example/build/vantiq-ui-ios.build/Debug-iphonesimulator/vantiq-ui-ios-12889ee29767ca378cb491cb186b44c5-VFS-iphonesimulator/all-product-headers.yaml
    cd /Users/swan/Development/vantiq-ui-ios/Example
    write-file /Users/swan/Development/vantiq-ui-ios/Example/build/vantiq-ui-ios.build/Debug-iphonesimulator/vantiq-ui-ios-12889ee29767ca378cb491cb186b44c5-VFS-iphonesimulator/all-product-headers.yaml

CreateBuildDirectory /Users/swan/Development/vantiq-ui-ios/Example/build/Debug-iphonesimulator/vantiq-ui-ios
    cd /Users/swan/Development/vantiq-ui-ios/Example
    builtin-create-build-directory /Users/swan/Development/vantiq-ui-ios/Example/build/Debug-iphonesimulator/vantiq-ui-ios

CreateBuildDirectory /Users/swan/Development/vantiq-ui-ios/Example/build/Debug-iphonesimulator/vantiq-sdk-ios
    cd /Users/swan/Development/vantiq-ui-ios/Example
    builtin-create-build-directory /Users/swan/Development/vantiq-ui-ios/Example/build/Debug-iphonesimulator/vantiq-sdk-ios

CreateBuildDirectory /Users/swan/Development/vantiq-ui-ios/Example/build/Debug-iphonesimulator/JWT
    cd /Users/swan/Development/vantiq-ui-ios/Example
    builtin-create-build-directory /Users/swan/Development/vantiq-ui-ios/Example/build/Debug-iphonesimulator/JWT

CreateBuildDirectory /Users/swan/Development/vantiq-ui-ios/Example/build/Debug-iphonesimulator/AppAuth
    cd /Users/swan/Development/vantiq-ui-ios/Example
    builtin-create-build-directory /Users/swan/Development/vantiq-ui-ios/Example/build/Debug-iphonesimulator/AppAuth

CreateBuildDirectory /Users/swan/Development/vantiq-ui-ios/Example/build/Debug-iphonesimulator/Base64
    cd /Users/swan/Development/vantiq-ui-ios/Example
    builtin-create-build-directory /Users/swan/Development/vantiq-ui-ios/Example/build/Debug-iphonesimulator/Base64

WriteAuxiliaryFile /Users/swan/Development/vantiq-ui-ios/Example/build/Pods.build/Debug-iphonesimulator/Pods-8699adb1dd336b26511df848a716bd42-VFS-iphonesimulator/all-product-headers.yaml
    cd /Users/swan/Development/vantiq-ui-ios/Example
    write-file /Users/swan/Development/vantiq-ui-ios/Example/build/Pods.build/Debug-iphonesimulator/Pods-8699adb1dd336b26511df848a716bd42-VFS-iphonesimulator/all-product-headers.yaml

WriteAuxiliaryFile /Users/swan/Development/vantiq-ui-ios/Example/build/Pods.build/Debug-iphonesimulator/vantiq-ui-ios.build/vantiq_ui_ios-generated-files.hmap (in target 'vantiq-ui-ios' from project 'Pods')
    cd /Users/swan/Development/vantiq-ui-ios/Example/Pods
    write-file /Users/swan/Development/vantiq-ui-ios/Example/build/Pods.build/Debug-iphonesimulator/vantiq-ui-ios.build/vantiq_ui_ios-generated-files.hmap

WriteAuxiliaryFile /Users/swan/Development/vantiq-ui-ios/Example/build/Pods.build/Debug-iphonesimulator/vantiq-ui-ios.build/vantiq_ui_ios.hmap (in target 'vantiq-ui-ios' from project 'Pods')
    cd /Users/swan/Development/vantiq-ui-ios/Example/Pods
    write-file /Users/swan/Development/vantiq-ui-ios/Example/build/Pods.build/Debug-iphonesimulator/vantiq-ui-ios.build/vantiq_ui_ios.hmap

WriteAuxiliaryFile /Users/swan/Development/vantiq-ui-ios/Example/build/Pods.build/Debug-iphonesimulator/vantiq-ui-ios.build/vantiq_ui_ios.DependencyStaticMetadataFileList (in target 'vantiq-ui-ios' from project 'Pods')
    cd /Users/swan/Development/vantiq-ui-ios/Example/Pods
    write-file /Users/swan/Development/vantiq-ui-ios/Example/build/Pods.build/Debug-iphonesimulator/vantiq-ui-ios.build/vantiq_ui_ios.DependencyStaticMetadataFileList

WriteAuxiliaryFile /Users/swan/Development/vantiq-ui-ios/Example/build/Pods.build/Debug-iphonesimulator/vantiq-ui-ios.build/vantiq_ui_ios-all-target-headers.hmap (in target 'vantiq-ui-ios' from project 'Pods')
    cd /Users/swan/Development/vantiq-ui-ios/Example/Pods
    write-file /Users/swan/Development/vantiq-ui-ios/Example/build/Pods.build/Debug-iphonesimulator/vantiq-ui-ios.build/vantiq_ui_ios-all-target-headers.hmap

WriteAuxiliaryFile /Users/swan/Development/vantiq-ui-ios/Example/build/Pods.build/Debug-iphonesimulator/vantiq-ui-ios.build/vantiq_ui_ios-project-headers.hmap (in target 'vantiq-ui-ios' from project 'Pods')
    cd /Users/swan/Development/vantiq-ui-ios/Example/Pods
    write-file /Users/swan/Development/vantiq-ui-ios/Example/build/Pods.build/Debug-iphonesimulator/vantiq-ui-ios.build/vantiq_ui_ios-project-headers.hmap

WriteAuxiliaryFile /Users/swan/Development/vantiq-ui-ios/Example/build/Pods.build/Debug-iphonesimulator/vantiq-ui-ios.build/vantiq_ui_ios-own-target-headers.hmap (in target 'vantiq-ui-ios' from project 'Pods')
    cd /Users/swan/Development/vantiq-ui-ios/Example/Pods
    write-file /Users/swan/Development/vantiq-ui-ios/Example/build/Pods.build/Debug-iphonesimulator/vantiq-ui-ios.build/vantiq_ui_ios-own-target-headers.hmap

WriteAuxiliaryFile /Users/swan/Development/vantiq-ui-ios/Example/build/Pods.build/Debug-iphonesimulator/vantiq-ui-ios.build/vantiq_ui_ios.DependencyMetadataFileList (in target 'vantiq-ui-ios' from project 'Pods')
    cd /Users/swan/Development/vantiq-ui-ios/Example/Pods
    write-file /Users/swan/Development/vantiq-ui-ios/Example/build/Pods.build/Debug-iphonesimulator/vantiq-ui-ios.build/vantiq_ui_ios.DependencyMetadataFileList

WriteAuxiliaryFile /Users/swan/Development/vantiq-ui-ios/Example/build/Pods.build/Debug-iphonesimulator/vantiq-ui-ios.build/vantiq_ui_ios-all-non-framework-target-headers.hmap (in target 'vantiq-ui-ios' from project 'Pods')
    cd /Users/swan/Development/vantiq-ui-ios/Example/Pods
    write-file /Users/swan/Development/vantiq-ui-ios/Example/build/Pods.build/Debug-iphonesimulator/vantiq-ui-ios.build/vantiq_ui_ios-all-non-framework-target-headers.hmap

WriteAuxiliaryFile /Users/swan/Development/vantiq-ui-ios/Example/build/vantiq-ui-ios.build/Debug-iphonesimulator/vantiq-ui-ios_Example.build/vantiq-ui-ios_Example.DependencyMetadataFileList (in target 'vantiq-ui-ios_Example' from project 'vantiq-ui-ios')
    cd /Users/swan/Development/vantiq-ui-ios/Example
    write-file /Users/swan/Development/vantiq-ui-ios/Example/build/vantiq-ui-ios.build/Debug-iphonesimulator/vantiq-ui-ios_Example.build/vantiq-ui-ios_Example.DependencyMetadataFileList

WriteAuxiliaryFile /Users/swan/Development/vantiq-ui-ios/Example/build/vantiq-ui-ios.build/Debug-iphonesimulator/vantiq-ui-ios_Example.build/vantiq-ui-ios_Example.hmap (in target 'vantiq-ui-ios_Example' from project 'vantiq-ui-ios')
    cd /Users/swan/Development/vantiq-ui-ios/Example
    write-file /Users/swan/Development/vantiq-ui-ios/Example/build/vantiq-ui-ios.build/Debug-iphonesimulator/vantiq-ui-ios_Example.build/vantiq-ui-ios_Example.hmap

WriteAuxiliaryFile /Users/swan/Development/vantiq-ui-ios/Example/build/vantiq-ui-ios.build/Debug-iphonesimulator/vantiq-ui-ios_Example.build/vantiq-ui-ios_Example.DependencyStaticMetadataFileList (in target 'vantiq-ui-ios_Example' from project 'vantiq-ui-ios')
    cd /Users/swan/Development/vantiq-ui-ios/Example
    write-file /Users/swan/Development/vantiq-ui-ios/Example/build/vantiq-ui-ios.build/Debug-iphonesimulator/vantiq-ui-ios_Example.build/vantiq-ui-ios_Example.DependencyStaticMetadataFileList

WriteAuxiliaryFile /Users/swan/Development/vantiq-ui-ios/Example/build/Pods.build/Debug-iphonesimulator/vantiq-ui-ios.build/Objects-normal/arm64/7187679823f38a2a940e0043cdf9d637-common-args.resp (in target 'vantiq-ui-ios' from project 'Pods')
    cd /Users/swan/Development/vantiq-ui-ios/Example/Pods
    write-file /Users/swan/Development/vantiq-ui-ios/Example/build/Pods.build/Debug-iphonesimulator/vantiq-ui-ios.build/Objects-normal/arm64/7187679823f38a2a940e0043cdf9d637-common-args.resp
'-std=gnu11' -fmodules -gmodules '-fmodules-cache-path=/Users/swan/Library/Developer/Xcode/DerivedData/ModuleCache.noindex' '-fmodule-name=vantiq_ui_ios' -fpascal-strings -O0 -fno-common '-DPOD_CONFIGURATION_DEBUG=1' '-DDEBUG=1' '-DCOCOAPODS=1' -g -iquote /Users/swan/Development/vantiq-ui-ios/Example/build/Pods.build/Debug-iphonesimulator/vantiq-ui-ios.build/vantiq_ui_ios-generated-files.hmap -I/Users/swan/Development/vantiq-ui-ios/Example/build/Pods.build/Debug-iphonesimulator/vantiq-ui-ios.build/vantiq_ui_ios-own-target-headers.hmap -I/Users/swan/Development/vantiq-ui-ios/Example/build/Pods.build/Debug-iphonesimulator/vantiq-ui-ios.build/vantiq_ui_ios-all-non-framework-target-headers.hmap -ivfsoverlay /Users/swan/Development/vantiq-ui-ios/Example/build/Pods.build/Debug-iphonesimulator/Pods-8699adb1dd336b26511df848a716bd42-VFS-iphonesimulator/all-product-headers.yaml -iquote /Users/swan/Development/vantiq-ui-ios/Example/build/Pods.build/Debug-iphonesimulator/vantiq-ui-ios.build/vantiq_ui_ios-project-headers.hmap -I/Users/swan/Development/vantiq-ui-ios/Example/build/Debug-iphonesimulator/vantiq-ui-ios/include -I/Users/swan/Development/vantiq-ui-ios/Example/build/Pods.build/Debug-iphonesimulator/vantiq-ui-ios.build/DerivedSources-normal/arm64 -I/Users/swan/Development/vantiq-ui-ios/Example/build/Pods.build/Debug-iphonesimulator/vantiq-ui-ios.build/DerivedSources/arm64 -I/Users/swan/Development/vantiq-ui-ios/Example/build/Pods.build/Debug-iphonesimulator/vantiq-ui-ios.build/DerivedSources -F/Users/swan/Development/vantiq-ui-ios/Example/build/Debug-iphonesimulator/vantiq-ui-ios -F/Users/swan/Development/vantiq-ui-ios/Example/build/Debug-iphonesimulator/AppAuth -F/Users/swan/Development/vantiq-ui-ios/Example/build/Debug-iphonesimulator/Base64 -F/Users/swan/Development/vantiq-ui-ios/Example/build/Debug-iphonesimulator/JWT -F/Users/swan/Development/vantiq-ui-ios/Example/build/Debug-iphonesimulator/vantiq-sdk-ios

WriteAuxiliaryFile /Users/swan/Development/vantiq-ui-ios/Example/build/Pods.build/Debug-iphonesimulator/vantiq-ui-ios.build/Objects-normal/arm64/e6072d4f65d7061329687fe24e3d63a7-common-args.resp (in target 'vantiq-ui-ios' from project 'Pods')
    cd /Users/swan/Development/vantiq-ui-ios/Example/Pods
    write-file /Users/swan/Development/vantiq-ui-ios/Example/build/Pods.build/Debug-iphonesimulator/vantiq-ui-ios.build/Objects-normal/arm64/e6072d4f65d7061329687fe24e3d63a7-common-args.resp
'-std=gnu11' -fobjc-arc -fmodules -gmodules '-fmodules-cache-path=/Users/swan/Library/Developer/Xcode/DerivedData/ModuleCache.noindex' '-fmodule-name=vantiq_ui_ios' -fpascal-strings -O0 -fno-common '-DPOD_CONFIGURATION_DEBUG=1' '-DDEBUG=1' '-DCOCOAPODS=1' '-DOBJC_OLD_DISPATCH_PROTOTYPES=0' -g '-fobjc-abi-version=2' -fobjc-legacy-dispatch -iquote /Users/swan/Development/vantiq-ui-ios/Example/build/Pods.build/Debug-iphonesimulator/vantiq-ui-ios.build/vantiq_ui_ios-generated-files.hmap -I/Users/swan/Development/vantiq-ui-ios/Example/build/Pods.build/Debug-iphonesimulator/vantiq-ui-ios.build/vantiq_ui_ios-own-target-headers.hmap -I/Users/swan/Development/vantiq-ui-ios/Example/build/Pods.build/Debug-iphonesimulator/vantiq-ui-ios.build/vantiq_ui_ios-all-non-framework-target-headers.hmap -ivfsoverlay /Users/swan/Development/vantiq-ui-ios/Example/build/Pods.build/Debug-iphonesimulator/Pods-8699adb1dd336b26511df848a716bd42-VFS-iphonesimulator/all-product-headers.yaml -iquote /Users/swan/Development/vantiq-ui-ios/Example/build/Pods.build/Debug-iphonesimulator/vantiq-ui-ios.build/vantiq_ui_ios-project-headers.hmap -I/Users/swan/Development/vantiq-ui-ios/Example/build/Debug-iphonesimulator/vantiq-ui-ios/include -I/Users/swan/Development/vantiq-ui-ios/Example/build/Pods.build/Debug-iphonesimulator/vantiq-ui-ios.build/DerivedSources-normal/arm64 -I/Users/swan/Development/vantiq-ui-ios/Example/build/Pods.build/Debug-iphonesimulator/vantiq-ui-ios.build/DerivedSources/arm64 -I/Users/swan/Development/vantiq-ui-ios/Example/build/Pods.build/Debug-iphonesimulator/vantiq-ui-ios.build/DerivedSources -F/Users/swan/Development/vantiq-ui-ios/Example/build/Debug-iphonesimulator/vantiq-ui-ios -F/Users/swan/Development/vantiq-ui-ios/Example/build/Debug-iphonesimulator/AppAuth -F/Users/swan/Development/vantiq-ui-ios/Example/build/Debug-iphonesimulator/Base64 -F/Users/swan/Development/vantiq-ui-ios/Example/build/Debug-iphonesimulator/JWT -F/Users/swan/Development/vantiq-ui-ios/Example/build/Debug-iphonesimulator/vantiq-sdk-ios

WriteAuxiliaryFile /Users/swan/Development/vantiq-ui-ios/Example/build/Pods.build/Debug-iphonesimulator/vantiq-ui-ios.build/Objects-normal/arm64/vantiq_ui_ios.LinkFileList (in target 'vantiq-ui-ios' from project 'Pods')
    cd /Users/swan/Development/vantiq-ui-ios/Example/Pods
    write-file /Users/swan/Development/vantiq-ui-ios/Example/build/Pods.build/Debug-iphonesimulator/vantiq-ui-ios.build/Objects-normal/arm64/vantiq_ui_ios.LinkFileList

WriteAuxiliaryFile /Users/swan/Development/vantiq-ui-ios/Example/build/vantiq-ui-ios.build/Debug-iphonesimulator/vantiq-ui-ios_Example.build/vantiq-ui-ios_Example-project-headers.hmap (in target 'vantiq-ui-ios_Example' from project 'vantiq-ui-ios')
    cd /Users/swan/Development/vantiq-ui-ios/Example
    write-file /Users/swan/Development/vantiq-ui-ios/Example/build/vantiq-ui-ios.build/Debug-iphonesimulator/vantiq-ui-ios_Example.build/vantiq-ui-ios_Example-project-headers.hmap

WriteAuxiliaryFile /Users/swan/Development/vantiq-ui-ios/Example/build/vantiq-ui-ios.build/Debug-iphonesimulator/vantiq-ui-ios_Example.build/vantiq-ui-ios_Example-own-target-headers.hmap (in target 'vantiq-ui-ios_Example' from project 'vantiq-ui-ios')
    cd /Users/swan/Development/vantiq-ui-ios/Example
    write-file /Users/swan/Development/vantiq-ui-ios/Example/build/vantiq-ui-ios.build/Debug-iphonesimulator/vantiq-ui-ios_Example.build/vantiq-ui-ios_Example-own-target-headers.hmap

WriteAuxiliaryFile /Users/swan/Development/vantiq-ui-ios/Example/build/vantiq-ui-ios.build/Debug-iphonesimulator/vantiq-ui-ios_Example.build/vantiq-ui-ios_Example-generated-files.hmap (in target 'vantiq-ui-ios_Example' from project 'vantiq-ui-ios')
    cd /Users/swan/Development/vantiq-ui-ios/Example
    write-file /Users/swan/Development/vantiq-ui-ios/Example/build/vantiq-ui-ios.build/Debug-iphonesimulator/vantiq-ui-ios_Example.build/vantiq-ui-ios_Example-generated-files.hmap

WriteAuxiliaryFile /Users/swan/Development/vantiq-ui-ios/Example/build/vantiq-ui-ios.build/Debug-iphonesimulator/vantiq-ui-ios_Example.build/vantiq-ui-ios_Example-all-target-headers.hmap (in target 'vantiq-ui-ios_Example' from project 'vantiq-ui-ios')
    cd /Users/swan/Development/vantiq-ui-ios/Example
    write-file /Users/swan/Development/vantiq-ui-ios/Example/build/vantiq-ui-ios.build/Debug-iphonesimulator/vantiq-ui-ios_Example.build/vantiq-ui-ios_Example-all-target-headers.hmap

WriteAuxiliaryFile /Users/swan/Development/vantiq-ui-ios/Example/build/vantiq-ui-ios.build/Debug-iphonesimulator/vantiq-ui-ios_Example.build/vantiq-ui-ios_Example-all-non-framework-target-headers.hmap (in target 'vantiq-ui-ios_Example' from project 'vantiq-ui-ios')
    cd /Users/swan/Development/vantiq-ui-ios/Example
    write-file /Users/swan/Development/vantiq-ui-ios/Example/build/vantiq-ui-ios.build/Debug-iphonesimulator/vantiq-ui-ios_Example.build/vantiq-ui-ios_Example-all-non-framework-target-headers.hmap

WriteAuxiliaryFile /Users/swan/Development/vantiq-ui-ios/Example/build/vantiq-ui-ios.build/Debug-iphonesimulator/vantiq-ui-ios_Example.build/Script-D48F2B8267A75C653A9CEC19.sh (in target 'vantiq-ui-ios_Example' from project 'vantiq-ui-ios')
    cd /Users/swan/Development/vantiq-ui-ios/Example
    write-file /Users/swan/Development/vantiq-ui-ios/Example/build/vantiq-ui-ios.build/Debug-iphonesimulator/vantiq-ui-ios_Example.build/Script-D48F2B8267A75C653A9CEC19.sh

WriteAuxiliaryFile /Users/swan/Development/vantiq-ui-ios/Example/build/vantiq-ui-ios.build/Debug-iphonesimulator/vantiq-ui-ios_Example.build/Script-CE01D42CAA736759B04B9B06.sh (in target 'vantiq-ui-ios_Example' from project 'vantiq-ui-ios')
    cd /Users/swan/Development/vantiq-ui-ios/Example
    write-file /Users/swan/Development/vantiq-ui-ios/Example/build/vantiq-ui-ios.build/Debug-iphonesimulator/vantiq-ui-ios_Example.build/Script-CE01D42CAA736759B04B9B06.sh

WriteAuxiliaryFile /Users/swan/Development/vantiq-ui-ios/Example/build/vantiq-ui-ios.build/Debug-iphonesimulator/vantiq-ui-ios_Example.build/DerivedSources/Entitlements-Simulated.plist (in target 'vantiq-ui-ios_Example' from project 'vantiq-ui-ios')
    cd /Users/swan/Development/vantiq-ui-ios/Example
    write-file /Users/swan/Development/vantiq-ui-ios/Example/build/vantiq-ui-ios.build/Debug-iphonesimulator/vantiq-ui-ios_Example.build/DerivedSources/Entitlements-Simulated.plist

WriteAuxiliaryFile /Users/swan/Development/vantiq-ui-ios/Example/build/Pods.build/Debug-iphonesimulator/vantiq-ui-ios.build/DerivedSources/vantiq_ui_ios_vers.c (in target 'vantiq-ui-ios' from project 'Pods')
    cd /Users/swan/Development/vantiq-ui-ios/Example/Pods
    write-file /Users/swan/Development/vantiq-ui-ios/Example/build/Pods.build/Debug-iphonesimulator/vantiq-ui-ios.build/DerivedSources/vantiq_ui_ios_vers.c

WriteAuxiliaryFile /Users/swan/Development/vantiq-ui-ios/Example/build/vantiq-ui-ios.build/Debug-iphonesimulator/vantiq-ui-ios_Example.build/Objects-normal/arm64/vantiq-ui-ios_Example.LinkFileList (in target 'vantiq-ui-ios_Example' from project 'vantiq-ui-ios')
    cd /Users/swan/Development/vantiq-ui-ios/Example
    write-file /Users/swan/Development/vantiq-ui-ios/Example/build/vantiq-ui-ios.build/Debug-iphonesimulator/vantiq-ui-ios_Example.build/Objects-normal/arm64/vantiq-ui-ios_Example.LinkFileList

Copy /Users/swan/Development/vantiq-ui-ios/Example/build/Pods.build/Debug-iphonesimulator/vantiq-ui-ios.build/module.modulemap /Users/swan/Development/vantiq-ui-ios/Example/Pods/Target\ Support\ Files/vantiq-ui-ios/vantiq-ui-ios.modulemap (in target 'vantiq-ui-ios' from project 'Pods')
    cd /Users/swan/Development/vantiq-ui-ios/Example/Pods
    builtin-copy -exclude .DS_Store -exclude CVS -exclude .svn -exclude .git -exclude .hg -resolve-src-symlinks -rename /Users/swan/Development/vantiq-ui-ios/Example/Pods/Target\ Support\ Files/vantiq-ui-ios/vantiq-ui-ios.modulemap /Users/swan/Development/vantiq-ui-ios/Example/build/Pods.build/Debug-iphonesimulator/vantiq-ui-ios.build/module.modulemap

WriteAuxiliaryFile /Users/swan/Development/vantiq-ui-ios/Example/build/vantiq-ui-ios.build/Debug-iphonesimulator/vantiq-ui-ios_Example.build/Objects-normal/arm64/e6072d4f65d7061329687fe24e3d63a7-common-args.resp (in target 'vantiq-ui-ios_Example' from project 'vantiq-ui-ios')
    cd /Users/swan/Development/vantiq-ui-ios/Example
    write-file /Users/swan/Development/vantiq-ui-ios/Example/build/vantiq-ui-ios.build/Debug-iphonesimulator/vantiq-ui-ios_Example.build/Objects-normal/arm64/e6072d4f65d7061329687fe24e3d63a7-common-args.resp
'-std=gnu99' -fobjc-arc -fmodules -gmodules '-fmodules-cache-path=/Users/swan/Library/Developer/Xcode/DerivedData/ModuleCache.noindex' -fpascal-strings -O0 -fno-common '-DDEBUG=1' '-DCOCOAPODS=1' '-DOBJC_OLD_DISPATCH_PROTOTYPES=0' -g '-fobjc-abi-version=2' -fobjc-legacy-dispatch -iquote /Users/swan/Development/vantiq-ui-ios/Example/build/vantiq-ui-ios.build/Debug-iphonesimulator/vantiq-ui-ios_Example.build/vantiq-ui-ios_Example-generated-files.hmap -I/Users/swan/Development/vantiq-ui-ios/Example/build/vantiq-ui-ios.build/Debug-iphonesimulator/vantiq-ui-ios_Example.build/vantiq-ui-ios_Example-own-target-headers.hmap -I/Users/swan/Development/vantiq-ui-ios/Example/build/vantiq-ui-ios.build/Debug-iphonesimulator/vantiq-ui-ios_Example.build/vantiq-ui-ios_Example-all-non-framework-target-headers.hmap -ivfsoverlay /Users/swan/Development/vantiq-ui-ios/Example/build/vantiq-ui-ios.build/Debug-iphonesimulator/vantiq-ui-ios-12889ee29767ca378cb491cb186b44c5-VFS-iphonesimulator/all-product-headers.yaml -iquote /Users/swan/Development/vantiq-ui-ios/Example/build/vantiq-ui-ios.build/Debug-iphonesimulator/vantiq-ui-ios_Example.build/vantiq-ui-ios_Example-project-headers.hmap -I/Users/swan/Development/vantiq-ui-ios/Example/build/Debug-iphonesimulator/include -I/Users/swan/Development/vantiq-ui-ios/Example/build/Debug-iphonesimulator/AppAuth/AppAuth.framework/Headers -I/Users/swan/Development/vantiq-ui-ios/Example/build/Debug-iphonesimulator/Base64/Base64.framework/Headers -I/Users/swan/Development/vantiq-ui-ios/Example/build/Debug-iphonesimulator/JWT/JWT.framework/Headers -I/Users/swan/Development/vantiq-ui-ios/Example/build/Debug-iphonesimulator/vantiq-sdk-ios/vantiq_sdk_ios.framework/Headers -I/Users/swan/Development/vantiq-ui-ios/Example/build/Debug-iphonesimulator/vantiq-ui-ios/vantiq_ui_ios.framework/Headers -I/Users/swan/Development/vantiq-ui-ios/Example/build/Debug-iphonesimulator/vantiq-sdk-ios/vantiq_sdk_ios.framework/Headers -I/Users/swan/Development/vantiq-ui-ios/Example/build/Debug-iphonesimulator/vantiq-ui-ios/vantiq_ui_ios.framework/Headers -I/Users/swan/Development/vantiq-ui-ios/Example/build/vantiq-ui-ios.build/Debug-iphonesimulator/vantiq-ui-ios_Example.build/DerivedSources-normal/arm64 -I/Users/swan/Development/vantiq-ui-ios/Example/build/vantiq-ui-ios.build/Debug-iphonesimulator/vantiq-ui-ios_Example.build/DerivedSources/arm64 -I/Users/swan/Development/vantiq-ui-ios/Example/build/vantiq-ui-ios.build/Debug-iphonesimulator/vantiq-ui-ios_Example.build/DerivedSources -F/Users/swan/Development/vantiq-ui-ios/Example/build/Debug-iphonesimulator -F/Users/swan/Development/vantiq-ui-ios/Example/build/Debug-iphonesimulator/AppAuth -F/Users/swan/Development/vantiq-ui-ios/Example/build/Debug-iphonesimulator/Base64 -F/Users/swan/Development/vantiq-ui-ios/Example/build/Debug-iphonesimulator/JWT -F/Users/swan/Development/vantiq-ui-ios/Example/build/Debug-iphonesimulator/vantiq-sdk-ios -F/Users/swan/Development/vantiq-ui-ios/Example/build/Debug-iphonesimulator/vantiq-ui-ios

CpHeader /Users/swan/Development/vantiq-ui-ios/Example/build/Debug-iphonesimulator/vantiq-ui-ios/vantiq_ui_ios.framework/Headers/vantiq-ui-ios-umbrella.h /Users/swan/Development/vantiq-ui-ios/Example/Pods/Target\ Support\ Files/vantiq-ui-ios/vantiq-ui-ios-umbrella.h (in target 'vantiq-ui-ios' from project 'Pods')
    cd /Users/swan/Development/vantiq-ui-ios/Example/Pods
    builtin-copy -exclude .DS_Store -exclude CVS -exclude .svn -exclude .git -exclude .hg -resolve-src-symlinks /Users/swan/Development/vantiq-ui-ios/Example/Pods/Target\ Support\ Files/vantiq-ui-ios/vantiq-ui-ios-umbrella.h /Users/swan/Development/vantiq-ui-ios/Example/build/Debug-iphonesimulator/vantiq-ui-ios/vantiq_ui_ios.framework/Headers

CpHeader /Users/swan/Development/vantiq-ui-ios/Example/build/Debug-iphonesimulator/vantiq-ui-ios/vantiq_ui_ios.framework/Headers/FancyDate.h /Users/swan/Development/vantiq-ui-ios/vantiq-ui-ios/Classes/FancyDate.h (in target 'vantiq-ui-ios' from project 'Pods')
    cd /Users/swan/Development/vantiq-ui-ios/Example/Pods
    builtin-copy -exclude .DS_Store -exclude CVS -exclude .svn -exclude .git -exclude .hg -resolve-src-symlinks /Users/swan/Development/vantiq-ui-ios/vantiq-ui-ios/Classes/FancyDate.h /Users/swan/Development/vantiq-ui-ios/Example/build/Debug-iphonesimulator/vantiq-ui-ios/vantiq_ui_ios.framework/Headers

CpHeader /Users/swan/Development/vantiq-ui-ios/Example/build/Debug-iphonesimulator/vantiq-ui-ios/vantiq_ui_ios.framework/Headers/WebViewController.h /Users/swan/Development/vantiq-ui-ios/vantiq-ui-ios/Classes/WebViewController.h (in target 'vantiq-ui-ios' from project 'Pods')
    cd /Users/swan/Development/vantiq-ui-ios/Example/Pods
    builtin-copy -exclude .DS_Store -exclude CVS -exclude .svn -exclude .git -exclude .hg -resolve-src-symlinks /Users/swan/Development/vantiq-ui-ios/vantiq-ui-ios/Classes/WebViewController.h /Users/swan/Development/vantiq-ui-ios/Example/build/Debug-iphonesimulator/vantiq-ui-ios/vantiq_ui_ios.framework/Headers

CpHeader /Users/swan/Development/vantiq-ui-ios/Example/build/Debug-iphonesimulator/vantiq-ui-ios/vantiq_ui_ios.framework/Headers/LocationUtilities.h /Users/swan/Development/vantiq-ui-ios/vantiq-ui-ios/Classes/LocationUtilities.h (in target 'vantiq-ui-ios' from project 'Pods')
    cd /Users/swan/Development/vantiq-ui-ios/Example/Pods
    builtin-copy -exclude .DS_Store -exclude CVS -exclude .svn -exclude .git -exclude .hg -resolve-src-symlinks /Users/swan/Development/vantiq-ui-ios/vantiq-ui-ios/Classes/LocationUtilities.h /Users/swan/Development/vantiq-ui-ios/Example/build/Debug-iphonesimulator/vantiq-ui-ios/vantiq_ui_ios.framework/Headers

CpHeader /Users/swan/Development/vantiq-ui-ios/Example/build/Debug-iphonesimulator/vantiq-ui-ios/vantiq_ui_ios.framework/Headers/VantiqUI.h /Users/swan/Development/vantiq-ui-ios/vantiq-ui-ios/Classes/VantiqUI.h (in target 'vantiq-ui-ios' from project 'Pods')
    cd /Users/swan/Development/vantiq-ui-ios/Example/Pods
    builtin-copy -exclude .DS_Store -exclude CVS -exclude .svn -exclude .git -exclude .hg -resolve-src-symlinks /Users/swan/Development/vantiq-ui-ios/vantiq-ui-ios/Classes/VantiqUI.h /Users/swan/Development/vantiq-ui-ios/Example/build/Debug-iphonesimulator/vantiq-ui-ios/vantiq_ui_ios.framework/Headers

CpHeader /Users/swan/Development/vantiq-ui-ios/Example/build/Debug-iphonesimulator/vantiq-ui-ios/vantiq_ui_ios.framework/Headers/LastActive.h /Users/swan/Development/vantiq-ui-ios/vantiq-ui-ios/Classes/LastActive.h (in target 'vantiq-ui-ios' from project 'Pods')
    cd /Users/swan/Development/vantiq-ui-ios/Example/Pods
    builtin-copy -exclude .DS_Store -exclude CVS -exclude .svn -exclude .git -exclude .hg -resolve-src-symlinks /Users/swan/Development/vantiq-ui-ios/vantiq-ui-ios/Classes/LastActive.h /Users/swan/Development/vantiq-ui-ios/Example/build/Debug-iphonesimulator/vantiq-ui-ios/vantiq_ui_ios.framework/Headers

CpHeader /Users/swan/Development/vantiq-ui-ios/Example/build/Debug-iphonesimulator/vantiq-ui-ios/vantiq_ui_ios.framework/Headers/KeychainItemWrapper.h /Users/swan/Development/vantiq-ui-ios/vantiq-ui-ios/Classes/KeychainItemWrapper.h (in target 'vantiq-ui-ios' from project 'Pods')
    cd /Users/swan/Development/vantiq-ui-ios/Example/Pods
    builtin-copy -exclude .DS_Store -exclude CVS -exclude .svn -exclude .git -exclude .hg -resolve-src-symlinks /Users/swan/Development/vantiq-ui-ios/vantiq-ui-ios/Classes/KeychainItemWrapper.h /Users/swan/Development/vantiq-ui-ios/Example/build/Debug-iphonesimulator/vantiq-ui-ios/vantiq_ui_ios.framework/Headers

CpHeader /Users/swan/Development/vantiq-ui-ios/Example/build/Debug-iphonesimulator/vantiq-ui-ios/vantiq_ui_ios.framework/Headers/JSONUtilities.h /Users/swan/Development/vantiq-ui-ios/vantiq-ui-ios/Classes/JSONUtilities.h (in target 'vantiq-ui-ios' from project 'Pods')
    cd /Users/swan/Development/vantiq-ui-ios/Example/Pods
    builtin-copy -exclude .DS_Store -exclude CVS -exclude .svn -exclude .git -exclude .hg -resolve-src-symlinks /Users/swan/Development/vantiq-ui-ios/vantiq-ui-ios/Classes/JSONUtilities.h /Users/swan/Development/vantiq-ui-ios/Example/build/Debug-iphonesimulator/vantiq-ui-ios/vantiq_ui_ios.framework/Headers

WriteAuxiliaryFile /Users/swan/Development/vantiq-ui-ios/Example/build/Pods.build/Debug-iphonesimulator/Pods-vantiq-ui-ios_Example.build/Pods_vantiq_ui_ios_Example.DependencyStaticMetadataFileList (in target 'Pods-vantiq-ui-ios_Example' from project 'Pods')
    cd /Users/swan/Development/vantiq-ui-ios/Example/Pods
    write-file /Users/swan/Development/vantiq-ui-ios/Example/build/Pods.build/Debug-iphonesimulator/Pods-vantiq-ui-ios_Example.build/Pods_vantiq_ui_ios_Example.DependencyStaticMetadataFileList

WriteAuxiliaryFile /Users/swan/Development/vantiq-ui-ios/Example/build/Pods.build/Debug-iphonesimulator/Pods-vantiq-ui-ios_Example.build/Pods_vantiq_ui_ios_Example.hmap (in target 'Pods-vantiq-ui-ios_Example' from project 'Pods')
    cd /Users/swan/Development/vantiq-ui-ios/Example/Pods
    write-file /Users/swan/Development/vantiq-ui-ios/Example/build/Pods.build/Debug-iphonesimulator/Pods-vantiq-ui-ios_Example.build/Pods_vantiq_ui_ios_Example.hmap

WriteAuxiliaryFile /Users/swan/Development/vantiq-ui-ios/Example/build/Pods.build/Debug-iphonesimulator/Pods-vantiq-ui-ios_Example.build/Pods_vantiq_ui_ios_Example.DependencyMetadataFileList (in target 'Pods-vantiq-ui-ios_Example' from project 'Pods')
    cd /Users/swan/Development/vantiq-ui-ios/Example/Pods
    write-file /Users/swan/Development/vantiq-ui-ios/Example/build/Pods.build/Debug-iphonesimulator/Pods-vantiq-ui-ios_Example.build/Pods_vantiq_ui_ios_Example.DependencyMetadataFileList

WriteAuxiliaryFile /Users/swan/Development/vantiq-ui-ios/Example/build/Pods.build/Debug-iphonesimulator/Pods-vantiq-ui-ios_Example.build/Pods_vantiq_ui_ios_Example-generated-files.hmap (in target 'Pods-vantiq-ui-ios_Example' from project 'Pods')
    cd /Users/swan/Development/vantiq-ui-ios/Example/Pods
    write-file /Users/swan/Development/vantiq-ui-ios/Example/build/Pods.build/Debug-iphonesimulator/Pods-vantiq-ui-ios_Example.build/Pods_vantiq_ui_ios_Example-generated-files.hmap

WriteAuxiliaryFile /Users/swan/Development/vantiq-ui-ios/Example/build/Pods.build/Debug-iphonesimulator/Pods-vantiq-ui-ios_Example.build/Pods_vantiq_ui_ios_Example-project-headers.hmap (in target 'Pods-vantiq-ui-ios_Example' from project 'Pods')
    cd /Users/swan/Development/vantiq-ui-ios/Example/Pods
    write-file /Users/swan/Development/vantiq-ui-ios/Example/build/Pods.build/Debug-iphonesimulator/Pods-vantiq-ui-ios_Example.build/Pods_vantiq_ui_ios_Example-project-headers.hmap

WriteAuxiliaryFile /Users/swan/Development/vantiq-ui-ios/Example/build/Pods.build/Debug-iphonesimulator/Pods-vantiq-ui-ios_Example.build/Pods_vantiq_ui_ios_Example-own-target-headers.hmap (in target 'Pods-vantiq-ui-ios_Example' from project 'Pods')
    cd /Users/swan/Development/vantiq-ui-ios/Example/Pods
    write-file /Users/swan/Development/vantiq-ui-ios/Example/build/Pods.build/Debug-iphonesimulator/Pods-vantiq-ui-ios_Example.build/Pods_vantiq_ui_ios_Example-own-target-headers.hmap

WriteAuxiliaryFile /Users/swan/Development/vantiq-ui-ios/Example/build/Pods.build/Debug-iphonesimulator/Pods-vantiq-ui-ios_Example.build/Pods_vantiq_ui_ios_Example-all-target-headers.hmap (in target 'Pods-vantiq-ui-ios_Example' from project 'Pods')
    cd /Users/swan/Development/vantiq-ui-ios/Example/Pods
    write-file /Users/swan/Development/vantiq-ui-ios/Example/build/Pods.build/Debug-iphonesimulator/Pods-vantiq-ui-ios_Example.build/Pods_vantiq_ui_ios_Example-all-target-headers.hmap

WriteAuxiliaryFile /Users/swan/Development/vantiq-ui-ios/Example/build/Pods.build/Debug-iphonesimulator/Pods-vantiq-ui-ios_Example.build/Pods_vantiq_ui_ios_Example-all-non-framework-target-headers.hmap (in target 'Pods-vantiq-ui-ios_Example' from project 'Pods')
    cd /Users/swan/Development/vantiq-ui-ios/Example/Pods
    write-file /Users/swan/Development/vantiq-ui-ios/Example/build/Pods.build/Debug-iphonesimulator/Pods-vantiq-ui-ios_Example.build/Pods_vantiq_ui_ios_Example-all-non-framework-target-headers.hmap

Copy /Users/swan/Development/vantiq-ui-ios/Example/build/Debug-iphonesimulator/vantiq-ui-ios/vantiq_ui_ios.framework/Modules/module.modulemap /Users/swan/Development/vantiq-ui-ios/Example/build/Pods.build/Debug-iphonesimulator/vantiq-ui-ios.build/module.modulemap (in target 'vantiq-ui-ios' from project 'Pods')
    cd /Users/swan/Development/vantiq-ui-ios/Example/Pods
    builtin-copy -exclude .DS_Store -exclude CVS -exclude .svn -exclude .git -exclude .hg -resolve-src-symlinks /Users/swan/Development/vantiq-ui-ios/Example/build/Pods.build/Debug-iphonesimulator/vantiq-ui-ios.build/module.modulemap /Users/swan/Development/vantiq-ui-ios/Example/build/Debug-iphonesimulator/vantiq-ui-ios/vantiq_ui_ios.framework/Modules

Copy /Users/swan/Development/vantiq-ui-ios/Example/build/Pods.build/Debug-iphonesimulator/Pods-vantiq-ui-ios_Example.build/module.modulemap /Users/swan/Development/vantiq-ui-ios/Example/Pods/Target\ Support\ Files/Pods-vantiq-ui-ios_Example/Pods-vantiq-ui-ios_Example.modulemap (in target 'Pods-vantiq-ui-ios_Example' from project 'Pods')
    cd /Users/swan/Development/vantiq-ui-ios/Example/Pods
    builtin-copy -exclude .DS_Store -exclude CVS -exclude .svn -exclude .git -exclude .hg -resolve-src-symlinks -rename /Users/swan/Development/vantiq-ui-ios/Example/Pods/Target\ Support\ Files/Pods-vantiq-ui-ios_Example/Pods-vantiq-ui-ios_Example.modulemap /Users/swan/Development/vantiq-ui-ios/Example/build/Pods.build/Debug-iphonesimulator/Pods-vantiq-ui-ios_Example.build/module.modulemap

MkDir /Users/swan/Development/vantiq-ui-ios/Example/build/Debug-iphonesimulator/vantiq-ui-ios_Example.app (in target 'vantiq-ui-ios_Example' from project 'vantiq-ui-ios')
    cd /Users/swan/Development/vantiq-ui-ios/Example
    /bin/mkdir -p /Users/swan/Development/vantiq-ui-ios/Example/build/Debug-iphonesimulator/vantiq-ui-ios_Example.app

MkDir /Users/swan/Development/vantiq-ui-ios/Example/build/Debug-iphonesimulator/vantiq-ui-ios/vantiq_ui_ios.framework/Headers (in target 'vantiq-ui-ios' from project 'Pods')
    cd /Users/swan/Development/vantiq-ui-ios/Example/Pods
    /bin/mkdir -p /Users/swan/Development/vantiq-ui-ios/Example/build/Debug-iphonesimulator/vantiq-ui-ios/vantiq_ui_ios.framework/Headers

MkDir /Users/swan/Development/vantiq-ui-ios/Example/build/Debug-iphonesimulator/vantiq-ui-ios/vantiq_ui_ios.framework (in target 'vantiq-ui-ios' from project 'Pods')
    cd /Users/swan/Development/vantiq-ui-ios/Example/Pods
    /bin/mkdir -p /Users/swan/Development/vantiq-ui-ios/Example/build/Debug-iphonesimulator/vantiq-ui-ios/vantiq_ui_ios.framework

MkDir /Users/swan/Development/vantiq-ui-ios/Example/build/Debug-iphonesimulator/Pods_vantiq_ui_ios_Example.framework (in target 'Pods-vantiq-ui-ios_Example' from project 'Pods')
    cd /Users/swan/Development/vantiq-ui-ios/Example/Pods
    /bin/mkdir -p /Users/swan/Development/vantiq-ui-ios/Example/build/Debug-iphonesimulator/Pods_vantiq_ui_ios_Example.framework

WriteAuxiliaryFile /Users/swan/Development/vantiq-ui-ios/Example/build/Pods.build/Debug-iphonesimulator/Pods-vantiq-ui-ios_Example.build/DerivedSources/Pods_vantiq_ui_ios_Example_vers.c (in target 'Pods-vantiq-ui-ios_Example' from project 'Pods')
    cd /Users/swan/Development/vantiq-ui-ios/Example/Pods
    write-file /Users/swan/Development/vantiq-ui-ios/Example/build/Pods.build/Debug-iphonesimulator/Pods-vantiq-ui-ios_Example.build/DerivedSources/Pods_vantiq_ui_ios_Example_vers.c

WriteAuxiliaryFile /Users/swan/Development/vantiq-ui-ios/Example/build/Pods.build/Debug-iphonesimulator/Pods-vantiq-ui-ios_Example.build/Objects-normal/arm64/e6072d4f65d7061329687fe24e3d63a7-common-args.resp (in target 'Pods-vantiq-ui-ios_Example' from project 'Pods')
    cd /Users/swan/Development/vantiq-ui-ios/Example/Pods
    write-file /Users/swan/Development/vantiq-ui-ios/Example/build/Pods.build/Debug-iphonesimulator/Pods-vantiq-ui-ios_Example.build/Objects-normal/arm64/e6072d4f65d7061329687fe24e3d63a7-common-args.resp
'-std=gnu11' -fobjc-arc -fmodules -gmodules '-fmodules-cache-path=/Users/swan/Library/Developer/Xcode/DerivedData/ModuleCache.noindex' '-fmodule-name=Pods_vantiq_ui_ios_Example' -fpascal-strings -O0 -fno-common '-DPOD_CONFIGURATION_DEBUG=1' '-DDEBUG=1' '-DCOCOAPODS=1' '-DOBJC_OLD_DISPATCH_PROTOTYPES=0' -g '-fobjc-abi-version=2' -fobjc-legacy-dispatch -iquote /Users/swan/Development/vantiq-ui-ios/Example/build/Pods.build/Debug-iphonesimulator/Pods-vantiq-ui-ios_Example.build/Pods_vantiq_ui_ios_Example-generated-files.hmap -I/Users/swan/Development/vantiq-ui-ios/Example/build/Pods.build/Debug-iphonesimulator/Pods-vantiq-ui-ios_Example.build/Pods_vantiq_ui_ios_Example-own-target-headers.hmap -I/Users/swan/Development/vantiq-ui-ios/Example/build/Pods.build/Debug-iphonesimulator/Pods-vantiq-ui-ios_Example.build/Pods_vantiq_ui_ios_Example-all-non-framework-target-headers.hmap -ivfsoverlay /Users/swan/Development/vantiq-ui-ios/Example/build/Pods.build/Debug-iphonesimulator/Pods-8699adb1dd336b26511df848a716bd42-VFS-iphonesimulator/all-product-headers.yaml -iquote /Users/swan/Development/vantiq-ui-ios/Example/build/Pods.build/Debug-iphonesimulator/Pods-vantiq-ui-ios_Example.build/Pods_vantiq_ui_ios_Example-project-headers.hmap -I/Users/swan/Development/vantiq-ui-ios/Example/build/Debug-iphonesimulator/include -I/Users/swan/Development/vantiq-ui-ios/Example/build/Debug-iphonesimulator/AppAuth/AppAuth.framework/Headers -I/Users/swan/Development/vantiq-ui-ios/Example/build/Debug-iphonesimulator/Base64/Base64.framework/Headers -I/Users/swan/Development/vantiq-ui-ios/Example/build/Debug-iphonesimulator/JWT/JWT.framework/Headers -I/Users/swan/Development/vantiq-ui-ios/Example/build/Debug-iphonesimulator/vantiq-sdk-ios/vantiq_sdk_ios.framework/Headers -I/Users/swan/Development/vantiq-ui-ios/Example/build/Debug-iphonesimulator/vantiq-ui-ios/vantiq_ui_ios.framework/Headers -I/Users/swan/Development/vantiq-ui-ios/Example/build/Pods.build/Debug-iphonesimulator/Pods-vantiq-ui-ios_Example.build/DerivedSources-normal/arm64 -I/Users/swan/Development/vantiq-ui-ios/Example/build/Pods.build/Debug-iphonesimulator/Pods-vantiq-ui-ios_Example.build/DerivedSources/arm64 -I/Users/swan/Development/vantiq-ui-ios/Example/build/Pods.build/Debug-iphonesimulator/Pods-vantiq-ui-ios_Example.build/DerivedSources -F/Users/swan/Development/vantiq-ui-ios/Example/build/Debug-iphonesimulator -F/Users/swan/Development/vantiq-ui-ios/Example/build/Debug-iphonesimulator/AppAuth -F/Users/swan/Development/vantiq-ui-ios/Example/build/Debug-iphonesimulator/Base64 -F/Users/swan/Development/vantiq-ui-ios/Example/build/Debug-iphonesimulator/JWT -F/Users/swan/Development/vantiq-ui-ios/Example/build/Debug-iphonesimulator/vantiq-sdk-ios -F/Users/swan/Development/vantiq-ui-ios/Example/build/Debug-iphonesimulator/vantiq-ui-ios

WriteAuxiliaryFile /Users/swan/Development/vantiq-ui-ios/Example/build/Pods.build/Debug-iphonesimulator/Pods-vantiq-ui-ios_Example.build/Objects-normal/arm64/Pods_vantiq_ui_ios_Example.LinkFileList (in target 'Pods-vantiq-ui-ios_Example' from project 'Pods')
    cd /Users/swan/Development/vantiq-ui-ios/Example/Pods
    write-file /Users/swan/Development/vantiq-ui-ios/Example/build/Pods.build/Debug-iphonesimulator/Pods-vantiq-ui-ios_Example.build/Objects-normal/arm64/Pods_vantiq_ui_ios_Example.LinkFileList

MkDir /Users/swan/Development/vantiq-ui-ios/Example/build/Debug-iphonesimulator/vantiq-ui-ios_Example.app/Frameworks (in target 'vantiq-ui-ios_Example' from project 'vantiq-ui-ios')
    cd /Users/swan/Development/vantiq-ui-ios/Example
    /bin/mkdir -p /Users/swan/Development/vantiq-ui-ios/Example/build/Debug-iphonesimulator/vantiq-ui-ios_Example.app/Frameworks

MkDir /Users/swan/Development/vantiq-ui-ios/Example/build/Debug-iphonesimulator/Pods_vantiq_ui_ios_Example.framework/Headers (in target 'Pods-vantiq-ui-ios_Example' from project 'Pods')
    cd /Users/swan/Development/vantiq-ui-ios/Example/Pods
    /bin/mkdir -p /Users/swan/Development/vantiq-ui-ios/Example/build/Debug-iphonesimulator/Pods_vantiq_ui_ios_Example.framework/Headers

WriteAuxiliaryFile /Users/swan/Development/vantiq-ui-ios/Example/build/Pods.build/Debug-iphonesimulator/Pods-vantiq-ui-ios_Example.build/Objects-normal/arm64/7187679823f38a2a940e0043cdf9d637-common-args.resp (in target 'Pods-vantiq-ui-ios_Example' from project 'Pods')
    cd /Users/swan/Development/vantiq-ui-ios/Example/Pods
    write-file /Users/swan/Development/vantiq-ui-ios/Example/build/Pods.build/Debug-iphonesimulator/Pods-vantiq-ui-ios_Example.build/Objects-normal/arm64/7187679823f38a2a940e0043cdf9d637-common-args.resp
'-std=gnu11' -fmodules -gmodules '-fmodules-cache-path=/Users/swan/Library/Developer/Xcode/DerivedData/ModuleCache.noindex' '-fmodule-name=Pods_vantiq_ui_ios_Example' -fpascal-strings -O0 -fno-common '-DPOD_CONFIGURATION_DEBUG=1' '-DDEBUG=1' '-DCOCOAPODS=1' -g -iquote /Users/swan/Development/vantiq-ui-ios/Example/build/Pods.build/Debug-iphonesimulator/Pods-vantiq-ui-ios_Example.build/Pods_vantiq_ui_ios_Example-generated-files.hmap -I/Users/swan/Development/vantiq-ui-ios/Example/build/Pods.build/Debug-iphonesimulator/Pods-vantiq-ui-ios_Example.build/Pods_vantiq_ui_ios_Example-own-target-headers.hmap -I/Users/swan/Development/vantiq-ui-ios/Example/build/Pods.build/Debug-iphonesimulator/Pods-vantiq-ui-ios_Example.build/Pods_vantiq_ui_ios_Example-all-non-framework-target-headers.hmap -ivfsoverlay /Users/swan/Development/vantiq-ui-ios/Example/build/Pods.build/Debug-iphonesimulator/Pods-8699adb1dd336b26511df848a716bd42-VFS-iphonesimulator/all-product-headers.yaml -iquote /Users/swan/Development/vantiq-ui-ios/Example/build/Pods.build/Debug-iphonesimulator/Pods-vantiq-ui-ios_Example.build/Pods_vantiq_ui_ios_Example-project-headers.hmap -I/Users/swan/Development/vantiq-ui-ios/Example/build/Debug-iphonesimulator/include -I/Users/swan/Development/vantiq-ui-ios/Example/build/Debug-iphonesimulator/AppAuth/AppAuth.framework/Headers -I/Users/swan/Development/vantiq-ui-ios/Example/build/Debug-iphonesimulator/Base64/Base64.framework/Headers -I/Users/swan/Development/vantiq-ui-ios/Example/build/Debug-iphonesimulator/JWT/JWT.framework/Headers -I/Users/swan/Development/vantiq-ui-ios/Example/build/Debug-iphonesimulator/vantiq-sdk-ios/vantiq_sdk_ios.framework/Headers -I/Users/swan/Development/vantiq-ui-ios/Example/build/Debug-iphonesimulator/vantiq-ui-ios/vantiq_ui_ios.framework/Headers -I/Users/swan/Development/vantiq-ui-ios/Example/build/Pods.build/Debug-iphonesimulator/Pods-vantiq-ui-ios_Example.build/DerivedSources-normal/arm64 -I/Users/swan/Development/vantiq-ui-ios/Example/build/Pods.build/Debug-iphonesimulator/Pods-vantiq-ui-ios_Example.build/DerivedSources/arm64 -I/Users/swan/Development/vantiq-ui-ios/Example/build/Pods.build/Debug-iphonesimulator/Pods-vantiq-ui-ios_Example.build/DerivedSources -F/Users/swan/Development/vantiq-ui-ios/Example/build/Debug-iphonesimulator -F/Users/swan/Development/vantiq-ui-ios/Example/build/Debug-iphonesimulator/AppAuth -F/Users/swan/Development/vantiq-ui-ios/Example/build/Debug-iphonesimulator/Base64 -F/Users/swan/Development/vantiq-ui-ios/Example/build/Debug-iphonesimulator/JWT -F/Users/swan/Development/vantiq-ui-ios/Example/build/Debug-iphonesimulator/vantiq-sdk-ios -F/Users/swan/Development/vantiq-ui-ios/Example/build/Debug-iphonesimulator/vantiq-ui-ios

CpHeader /Users/swan/Development/vantiq-ui-ios/Example/build/Debug-iphonesimulator/Pods_vantiq_ui_ios_Example.framework/Headers/Pods-vantiq-ui-ios_Example-umbrella.h /Users/swan/Development/vantiq-ui-ios/Example/Pods/Target\ Support\ Files/Pods-vantiq-ui-ios_Example/Pods-vantiq-ui-ios_Example-umbrella.h (in target 'Pods-vantiq-ui-ios_Example' from project 'Pods')
    cd /Users/swan/Development/vantiq-ui-ios/Example/Pods
    builtin-copy -exclude .DS_Store -exclude CVS -exclude .svn -exclude .git -exclude .hg -resolve-src-symlinks /Users/swan/Development/vantiq-ui-ios/Example/Pods/Target\ Support\ Files/Pods-vantiq-ui-ios_Example/Pods-vantiq-ui-ios_Example-umbrella.h /Users/swan/Development/vantiq-ui-ios/Example/build/Debug-iphonesimulator/Pods_vantiq_ui_ios_Example.framework/Headers

WriteAuxiliaryFile /Users/swan/Development/vantiq-ui-ios/Example/build/Pods.build/Debug-iphonesimulator/vantiq-sdk-ios.build/vantiq_sdk_ios.DependencyStaticMetadataFileList (in target 'vantiq-sdk-ios' from project 'Pods')
    cd /Users/swan/Development/vantiq-ui-ios/Example/Pods
    write-file /Users/swan/Development/vantiq-ui-ios/Example/build/Pods.build/Debug-iphonesimulator/vantiq-sdk-ios.build/vantiq_sdk_ios.DependencyStaticMetadataFileList

WriteAuxiliaryFile /Users/swan/Development/vantiq-ui-ios/Example/build/Pods.build/Debug-iphonesimulator/vantiq-sdk-ios.build/vantiq_sdk_ios.hmap (in target 'vantiq-sdk-ios' from project 'Pods')
    cd /Users/swan/Development/vantiq-ui-ios/Example/Pods
    write-file /Users/swan/Development/vantiq-ui-ios/Example/build/Pods.build/Debug-iphonesimulator/vantiq-sdk-ios.build/vantiq_sdk_ios.hmap

WriteAuxiliaryFile /Users/swan/Development/vantiq-ui-ios/Example/build/Pods.build/Debug-iphonesimulator/vantiq-sdk-ios.build/vantiq_sdk_ios.DependencyMetadataFileList (in target 'vantiq-sdk-ios' from project 'Pods')
    cd /Users/swan/Development/vantiq-ui-ios/Example/Pods
    write-file /Users/swan/Development/vantiq-ui-ios/Example/build/Pods.build/Debug-iphonesimulator/vantiq-sdk-ios.build/vantiq_sdk_ios.DependencyMetadataFileList

WriteAuxiliaryFile /Users/swan/Development/vantiq-ui-ios/Example/build/Pods.build/Debug-iphonesimulator/vantiq-sdk-ios.build/vantiq_sdk_ios-project-headers.hmap (in target 'vantiq-sdk-ios' from project 'Pods')
    cd /Users/swan/Development/vantiq-ui-ios/Example/Pods
    write-file /Users/swan/Development/vantiq-ui-ios/Example/build/Pods.build/Debug-iphonesimulator/vantiq-sdk-ios.build/vantiq_sdk_ios-project-headers.hmap

WriteAuxiliaryFile /Users/swan/Development/vantiq-ui-ios/Example/build/Pods.build/Debug-iphonesimulator/vantiq-sdk-ios.build/vantiq_sdk_ios-own-target-headers.hmap (in target 'vantiq-sdk-ios' from project 'Pods')
    cd /Users/swan/Development/vantiq-ui-ios/Example/Pods
    write-file /Users/swan/Development/vantiq-ui-ios/Example/build/Pods.build/Debug-iphonesimulator/vantiq-sdk-ios.build/vantiq_sdk_ios-own-target-headers.hmap

WriteAuxiliaryFile /Users/swan/Development/vantiq-ui-ios/Example/build/Pods.build/Debug-iphonesimulator/vantiq-sdk-ios.build/vantiq_sdk_ios-generated-files.hmap (in target 'vantiq-sdk-ios' from project 'Pods')
    cd /Users/swan/Development/vantiq-ui-ios/Example/Pods
    write-file /Users/swan/Development/vantiq-ui-ios/Example/build/Pods.build/Debug-iphonesimulator/vantiq-sdk-ios.build/vantiq_sdk_ios-generated-files.hmap

WriteAuxiliaryFile /Users/swan/Development/vantiq-ui-ios/Example/build/Pods.build/Debug-iphonesimulator/vantiq-sdk-ios.build/vantiq_sdk_ios-all-non-framework-target-headers.hmap (in target 'vantiq-sdk-ios' from project 'Pods')
    cd /Users/swan/Development/vantiq-ui-ios/Example/Pods
    write-file /Users/swan/Development/vantiq-ui-ios/Example/build/Pods.build/Debug-iphonesimulator/vantiq-sdk-ios.build/vantiq_sdk_ios-all-non-framework-target-headers.hmap

WriteAuxiliaryFile /Users/swan/Development/vantiq-ui-ios/Example/build/Pods.build/Debug-iphonesimulator/vantiq-sdk-ios.build/vantiq_sdk_ios-all-target-headers.hmap (in target 'vantiq-sdk-ios' from project 'Pods')
    cd /Users/swan/Development/vantiq-ui-ios/Example/Pods
    write-file /Users/swan/Development/vantiq-ui-ios/Example/build/Pods.build/Debug-iphonesimulator/vantiq-sdk-ios.build/vantiq_sdk_ios-all-target-headers.hmap

Copy /Users/swan/Development/vantiq-ui-ios/Example/build/Pods.build/Debug-iphonesimulator/vantiq-sdk-ios.build/module.modulemap /Users/swan/Development/vantiq-ui-ios/Example/Pods/Target\ Support\ Files/vantiq-sdk-ios/vantiq-sdk-ios.modulemap (in target 'vantiq-sdk-ios' from project 'Pods')
    cd /Users/swan/Development/vantiq-ui-ios/Example/Pods
    builtin-copy -exclude .DS_Store -exclude CVS -exclude .svn -exclude .git -exclude .hg -resolve-src-symlinks -rename /Users/swan/Development/vantiq-ui-ios/Example/Pods/Target\ Support\ Files/vantiq-sdk-ios/vantiq-sdk-ios.modulemap /Users/swan/Development/vantiq-ui-ios/Example/build/Pods.build/Debug-iphonesimulator/vantiq-sdk-ios.build/module.modulemap

WriteAuxiliaryFile /Users/swan/Development/vantiq-ui-ios/Example/build/Pods.build/Debug-iphonesimulator/vantiq-sdk-ios.build/DerivedSources/vantiq_sdk_ios_vers.c (in target 'vantiq-sdk-ios' from project 'Pods')
    cd /Users/swan/Development/vantiq-ui-ios/Example/Pods
    write-file /Users/swan/Development/vantiq-ui-ios/Example/build/Pods.build/Debug-iphonesimulator/vantiq-sdk-ios.build/DerivedSources/vantiq_sdk_ios_vers.c

Copy /Users/swan/Development/vantiq-ui-ios/Example/build/Debug-iphonesimulator/Pods_vantiq_ui_ios_Example.framework/Modules/module.modulemap /Users/swan/Development/vantiq-ui-ios/Example/build/Pods.build/Debug-iphonesimulator/Pods-vantiq-ui-ios_Example.build/module.modulemap (in target 'Pods-vantiq-ui-ios_Example' from project 'Pods')
    cd /Users/swan/Development/vantiq-ui-ios/Example/Pods
    builtin-copy -exclude .DS_Store -exclude CVS -exclude .svn -exclude .git -exclude .hg -resolve-src-symlinks /Users/swan/Development/vantiq-ui-ios/Example/build/Pods.build/Debug-iphonesimulator/Pods-vantiq-ui-ios_Example.build/module.modulemap /Users/swan/Development/vantiq-ui-ios/Example/build/Debug-iphonesimulator/Pods_vantiq_ui_ios_Example.framework/Modules

WriteAuxiliaryFile /Users/swan/Development/vantiq-ui-ios/Example/build/Pods.build/Debug-iphonesimulator/vantiq-sdk-ios.build/Objects-normal/arm64/7187679823f38a2a940e0043cdf9d637-common-args.resp (in target 'vantiq-sdk-ios' from project 'Pods')
    cd /Users/swan/Development/vantiq-ui-ios/Example/Pods
    write-file /Users/swan/Development/vantiq-ui-ios/Example/build/Pods.build/Debug-iphonesimulator/vantiq-sdk-ios.build/Objects-normal/arm64/7187679823f38a2a940e0043cdf9d637-common-args.resp
'-std=gnu11' -fmodules -gmodules '-fmodules-cache-path=/Users/swan/Library/Developer/Xcode/DerivedData/ModuleCache.noindex' '-fmodule-name=vantiq_sdk_ios' -fpascal-strings -O0 -fno-common '-DPOD_CONFIGURATION_DEBUG=1' '-DDEBUG=1' '-DCOCOAPODS=1' -g -iquote /Users/swan/Development/vantiq-ui-ios/Example/build/Pods.build/Debug-iphonesimulator/vantiq-sdk-ios.build/vantiq_sdk_ios-generated-files.hmap -I/Users/swan/Development/vantiq-ui-ios/Example/build/Pods.build/Debug-iphonesimulator/vantiq-sdk-ios.build/vantiq_sdk_ios-own-target-headers.hmap -I/Users/swan/Development/vantiq-ui-ios/Example/build/Pods.build/Debug-iphonesimulator/vantiq-sdk-ios.build/vantiq_sdk_ios-all-non-framework-target-headers.hmap -ivfsoverlay /Users/swan/Development/vantiq-ui-ios/Example/build/Pods.build/Debug-iphonesimulator/Pods-8699adb1dd336b26511df848a716bd42-VFS-iphonesimulator/all-product-headers.yaml -iquote /Users/swan/Development/vantiq-ui-ios/Example/build/Pods.build/Debug-iphonesimulator/vantiq-sdk-ios.build/vantiq_sdk_ios-project-headers.hmap -I/Users/swan/Development/vantiq-ui-ios/Example/build/Debug-iphonesimulator/vantiq-sdk-ios/include -I/Users/swan/Development/vantiq-ui-ios/Example/build/Pods.build/Debug-iphonesimulator/vantiq-sdk-ios.build/DerivedSources-normal/arm64 -I/Users/swan/Development/vantiq-ui-ios/Example/build/Pods.build/Debug-iphonesimulator/vantiq-sdk-ios.build/DerivedSources/arm64 -I/Users/swan/Development/vantiq-ui-ios/Example/build/Pods.build/Debug-iphonesimulator/vantiq-sdk-ios.build/DerivedSources -F/Users/swan/Development/vantiq-ui-ios/Example/build/Debug-iphonesimulator/vantiq-sdk-ios

WriteAuxiliaryFile /Users/swan/Development/vantiq-ui-ios/Example/build/Pods.build/Debug-iphonesimulator/JWT.build/JWT.DependencyMetadataFileList (in target 'JWT' from project 'Pods')
    cd /Users/swan/Development/vantiq-ui-ios/Example/Pods
    write-file /Users/swan/Development/vantiq-ui-ios/Example/build/Pods.build/Debug-iphonesimulator/JWT.build/JWT.DependencyMetadataFileList

WriteAuxiliaryFile /Users/swan/Development/vantiq-ui-ios/Example/build/Pods.build/Debug-iphonesimulator/vantiq-sdk-ios.build/Objects-normal/arm64/vantiq_sdk_ios.LinkFileList (in target 'vantiq-sdk-ios' from project 'Pods')
    cd /Users/swan/Development/vantiq-ui-ios/Example/Pods
    write-file /Users/swan/Development/vantiq-ui-ios/Example/build/Pods.build/Debug-iphonesimulator/vantiq-sdk-ios.build/Objects-normal/arm64/vantiq_sdk_ios.LinkFileList

WriteAuxiliaryFile /Users/swan/Development/vantiq-ui-ios/Example/build/Pods.build/Debug-iphonesimulator/JWT.build/JWT-project-headers.hmap (in target 'JWT' from project 'Pods')
    cd /Users/swan/Development/vantiq-ui-ios/Example/Pods
    write-file /Users/swan/Development/vantiq-ui-ios/Example/build/Pods.build/Debug-iphonesimulator/JWT.build/JWT-project-headers.hmap

WriteAuxiliaryFile /Users/swan/Development/vantiq-ui-ios/Example/build/Pods.build/Debug-iphonesimulator/vantiq-sdk-ios.build/Objects-normal/arm64/e6072d4f65d7061329687fe24e3d63a7-common-args.resp (in target 'vantiq-sdk-ios' from project 'Pods')
    cd /Users/swan/Development/vantiq-ui-ios/Example/Pods
    write-file /Users/swan/Development/vantiq-ui-ios/Example/build/Pods.build/Debug-iphonesimulator/vantiq-sdk-ios.build/Objects-normal/arm64/e6072d4f65d7061329687fe24e3d63a7-common-args.resp
'-std=gnu11' -fobjc-arc -fmodules -gmodules '-fmodules-cache-path=/Users/swan/Library/Developer/Xcode/DerivedData/ModuleCache.noindex' '-fmodule-name=vantiq_sdk_ios' -fpascal-strings -O0 -fno-common '-DPOD_CONFIGURATION_DEBUG=1' '-DDEBUG=1' '-DCOCOAPODS=1' '-DOBJC_OLD_DISPATCH_PROTOTYPES=0' -g '-fobjc-abi-version=2' -fobjc-legacy-dispatch -iquote /Users/swan/Development/vantiq-ui-ios/Example/build/Pods.build/Debug-iphonesimulator/vantiq-sdk-ios.build/vantiq_sdk_ios-generated-files.hmap -I/Users/swan/Development/vantiq-ui-ios/Example/build/Pods.build/Debug-iphonesimulator/vantiq-sdk-ios.build/vantiq_sdk_ios-own-target-headers.hmap -I/Users/swan/Development/vantiq-ui-ios/Example/build/Pods.build/Debug-iphonesimulator/vantiq-sdk-ios.build/vantiq_sdk_ios-all-non-framework-target-headers.hmap -ivfsoverlay /Users/swan/Development/vantiq-ui-ios/Example/build/Pods.build/Debug-iphonesimulator/Pods-8699adb1dd336b26511df848a716bd42-VFS-iphonesimulator/all-product-headers.yaml -iquote /Users/swan/Development/vantiq-ui-ios/Example/build/Pods.build/Debug-iphonesimulator/vantiq-sdk-ios.build/vantiq_sdk_ios-project-headers.hmap -I/Users/swan/Development/vantiq-ui-ios/Example/build/Debug-iphonesimulator/vantiq-sdk-ios/include -I/Users/swan/Development/vantiq-ui-ios/Example/build/Pods.build/Debug-iphonesimulator/vantiq-sdk-ios.build/DerivedSources-normal/arm64 -I/Users/swan/Development/vantiq-ui-ios/Example/build/Pods.build/Debug-iphonesimulator/vantiq-sdk-ios.build/DerivedSources/arm64 -I/Users/swan/Development/vantiq-ui-ios/Example/build/Pods.build/Debug-iphonesimulator/vantiq-sdk-ios.build/DerivedSources -F/Users/swan/Development/vantiq-ui-ios/Example/build/Debug-iphonesimulator/vantiq-sdk-ios

CpHeader /Users/swan/Development/vantiq-ui-ios/Example/build/Debug-iphonesimulator/vantiq-sdk-ios/vantiq_sdk_ios.framework/Headers/vantiq-sdk-ios-umbrella.h /Users/swan/Development/vantiq-ui-ios/Example/Pods/Target\ Support\ Files/vantiq-sdk-ios/vantiq-sdk-ios-umbrella.h (in target 'vantiq-sdk-ios' from project 'Pods')
    cd /Users/swan/Development/vantiq-ui-ios/Example/Pods
    builtin-copy -exclude .DS_Store -exclude CVS -exclude .svn -exclude .git -exclude .hg -resolve-src-symlinks /Users/swan/Development/vantiq-ui-ios/Example/Pods/Target\ Support\ Files/vantiq-sdk-ios/vantiq-sdk-ios-umbrella.h /Users/swan/Development/vantiq-ui-ios/Example/build/Debug-iphonesimulator/vantiq-sdk-ios/vantiq_sdk_ios.framework/Headers

CpHeader /Users/swan/Development/vantiq-ui-ios/Example/build/Debug-iphonesimulator/vantiq-sdk-ios/vantiq_sdk_ios.framework/Headers/Vantiq.h /Users/swan/Development/vantiq-ui-ios/Example/Pods/vantiq-sdk-ios/Pod/Classes/Vantiq.h (in target 'vantiq-sdk-ios' from project 'Pods')
    cd /Users/swan/Development/vantiq-ui-ios/Example/Pods
    builtin-copy -exclude .DS_Store -exclude CVS -exclude .svn -exclude .git -exclude .hg -resolve-src-symlinks /Users/swan/Development/vantiq-ui-ios/Example/Pods/vantiq-sdk-ios/Pod/Classes/Vantiq.h /Users/swan/Development/vantiq-ui-ios/Example/build/Debug-iphonesimulator/vantiq-sdk-ios/vantiq_sdk_ios.framework/Headers

WriteAuxiliaryFile /Users/swan/Development/vantiq-ui-ios/Example/build/Pods.build/Debug-iphonesimulator/JWT.build/JWT.hmap (in target 'JWT' from project 'Pods')
    cd /Users/swan/Development/vantiq-ui-ios/Example/Pods
    write-file /Users/swan/Development/vantiq-ui-ios/Example/build/Pods.build/Debug-iphonesimulator/JWT.build/JWT.hmap

WriteAuxiliaryFile /Users/swan/Development/vantiq-ui-ios/Example/build/Pods.build/Debug-iphonesimulator/JWT.build/JWT-own-target-headers.hmap (in target 'JWT' from project 'Pods')
    cd /Users/swan/Development/vantiq-ui-ios/Example/Pods
    write-file /Users/swan/Development/vantiq-ui-ios/Example/build/Pods.build/Debug-iphonesimulator/JWT.build/JWT-own-target-headers.hmap

WriteAuxiliaryFile /Users/swan/Development/vantiq-ui-ios/Example/build/Pods.build/Debug-iphonesimulator/JWT.build/JWT.DependencyStaticMetadataFileList (in target 'JWT' from project 'Pods')
    cd /Users/swan/Development/vantiq-ui-ios/Example/Pods
    write-file /Users/swan/Development/vantiq-ui-ios/Example/build/Pods.build/Debug-iphonesimulator/JWT.build/JWT.DependencyStaticMetadataFileList

WriteAuxiliaryFile /Users/swan/Development/vantiq-ui-ios/Example/build/Pods.build/Debug-iphonesimulator/JWT.build/JWT-generated-files.hmap (in target 'JWT' from project 'Pods')
    cd /Users/swan/Development/vantiq-ui-ios/Example/Pods
    write-file /Users/swan/Development/vantiq-ui-ios/Example/build/Pods.build/Debug-iphonesimulator/JWT.build/JWT-generated-files.hmap

WriteAuxiliaryFile /Users/swan/Development/vantiq-ui-ios/Example/build/Pods.build/Debug-iphonesimulator/JWT.build/JWT-all-target-headers.hmap (in target 'JWT' from project 'Pods')
    cd /Users/swan/Development/vantiq-ui-ios/Example/Pods
    write-file /Users/swan/Development/vantiq-ui-ios/Example/build/Pods.build/Debug-iphonesimulator/JWT.build/JWT-all-target-headers.hmap

WriteAuxiliaryFile /Users/swan/Development/vantiq-ui-ios/Example/build/Pods.build/Debug-iphonesimulator/JWT.build/Objects-normal/arm64/e6072d4f65d7061329687fe24e3d63a7-common-args.resp (in target 'JWT' from project 'Pods')
    cd /Users/swan/Development/vantiq-ui-ios/Example/Pods
    write-file /Users/swan/Development/vantiq-ui-ios/Example/build/Pods.build/Debug-iphonesimulator/JWT.build/Objects-normal/arm64/e6072d4f65d7061329687fe24e3d63a7-common-args.resp
'-std=gnu11' -fobjc-arc -fobjc-weak -fmodules -gmodules '-fmodules-cache-path=/Users/swan/Library/Developer/Xcode/DerivedData/ModuleCache.noindex' '-fmodule-name=JWT' -fpascal-strings -O0 -fno-common '-DPOD_CONFIGURATION_DEBUG=1' '-DDEBUG=1' '-DCOCOAPODS=1' '-DOBJC_OLD_DISPATCH_PROTOTYPES=0' -g '-fobjc-abi-version=2' -fobjc-legacy-dispatch -iquote /Users/swan/Development/vantiq-ui-ios/Example/build/Pods.build/Debug-iphonesimulator/JWT.build/JWT-generated-files.hmap -I/Users/swan/Development/vantiq-ui-ios/Example/build/Pods.build/Debug-iphonesimulator/JWT.build/JWT-own-target-headers.hmap -I/Users/swan/Development/vantiq-ui-ios/Example/build/Pods.build/Debug-iphonesimulator/JWT.build/JWT-all-non-framework-target-headers.hmap -ivfsoverlay /Users/swan/Development/vantiq-ui-ios/Example/build/Pods.build/Debug-iphonesimulator/Pods-8699adb1dd336b26511df848a716bd42-VFS-iphonesimulator/all-product-headers.yaml -iquote /Users/swan/Development/vantiq-ui-ios/Example/build/Pods.build/Debug-iphonesimulator/JWT.build/JWT-project-headers.hmap -I/Users/swan/Development/vantiq-ui-ios/Example/build/Debug-iphonesimulator/JWT/include -I/Users/swan/Development/vantiq-ui-ios/Example/build/Pods.build/Debug-iphonesimulator/JWT.build/DerivedSources-normal/arm64 -I/Users/swan/Development/vantiq-ui-ios/Example/build/Pods.build/Debug-iphonesimulator/JWT.build/DerivedSources/arm64 -I/Users/swan/Development/vantiq-ui-ios/Example/build/Pods.build/Debug-iphonesimulator/JWT.build/DerivedSources -F/Users/swan/Development/vantiq-ui-ios/Example/build/Debug-iphonesimulator/JWT -F/Users/swan/Development/vantiq-ui-ios/Example/build/Debug-iphonesimulator/Base64

WriteAuxiliaryFile /Users/swan/Development/vantiq-ui-ios/Example/build/Pods.build/Debug-iphonesimulator/JWT.build/Objects-normal/arm64/JWT.LinkFileList (in target 'JWT' from project 'Pods')
    cd /Users/swan/Development/vantiq-ui-ios/Example/Pods
    write-file /Users/swan/Development/vantiq-ui-ios/Example/build/Pods.build/Debug-iphonesimulator/JWT.build/Objects-normal/arm64/JWT.LinkFileList

Copy /Users/swan/Development/vantiq-ui-ios/Example/build/Debug-iphonesimulator/vantiq-sdk-ios/vantiq_sdk_ios.framework/Modules/module.modulemap /Users/swan/Development/vantiq-ui-ios/Example/build/Pods.build/Debug-iphonesimulator/vantiq-sdk-ios.build/module.modulemap (in target 'vantiq-sdk-ios' from project 'Pods')
    cd /Users/swan/Development/vantiq-ui-ios/Example/Pods
    builtin-copy -exclude .DS_Store -exclude CVS -exclude .svn -exclude .git -exclude .hg -resolve-src-symlinks /Users/swan/Development/vantiq-ui-ios/Example/build/Pods.build/Debug-iphonesimulator/vantiq-sdk-ios.build/module.modulemap /Users/swan/Development/vantiq-ui-ios/Example/build/Debug-iphonesimulator/vantiq-sdk-ios/vantiq_sdk_ios.framework/Modules

WriteAuxiliaryFile /Users/swan/Development/vantiq-ui-ios/Example/build/Pods.build/Debug-iphonesimulator/JWT.build/JWT-all-non-framework-target-headers.hmap (in target 'JWT' from project 'Pods')
    cd /Users/swan/Development/vantiq-ui-ios/Example/Pods
    write-file /Users/swan/Development/vantiq-ui-ios/Example/build/Pods.build/Debug-iphonesimulator/JWT.build/JWT-all-non-framework-target-headers.hmap

WriteAuxiliaryFile /Users/swan/Development/vantiq-ui-ios/Example/build/Pods.build/Debug-iphonesimulator/JWT.build/Objects-normal/arm64/7187679823f38a2a940e0043cdf9d637-common-args.resp (in target 'JWT' from project 'Pods')
    cd /Users/swan/Development/vantiq-ui-ios/Example/Pods
    write-file /Users/swan/Development/vantiq-ui-ios/Example/build/Pods.build/Debug-iphonesimulator/JWT.build/Objects-normal/arm64/7187679823f38a2a940e0043cdf9d637-common-args.resp
'-std=gnu11' -fmodules -gmodules '-fmodules-cache-path=/Users/swan/Library/Developer/Xcode/DerivedData/ModuleCache.noindex' '-fmodule-name=JWT' -fpascal-strings -O0 -fno-common '-DPOD_CONFIGURATION_DEBUG=1' '-DDEBUG=1' '-DCOCOAPODS=1' -g -iquote /Users/swan/Development/vantiq-ui-ios/Example/build/Pods.build/Debug-iphonesimulator/JWT.build/JWT-generated-files.hmap -I/Users/swan/Development/vantiq-ui-ios/Example/build/Pods.build/Debug-iphonesimulator/JWT.build/JWT-own-target-headers.hmap -I/Users/swan/Development/vantiq-ui-ios/Example/build/Pods.build/Debug-iphonesimulator/JWT.build/JWT-all-non-framework-target-headers.hmap -ivfsoverlay /Users/swan/Development/vantiq-ui-ios/Example/build/Pods.build/Debug-iphonesimulator/Pods-8699adb1dd336b26511df848a716bd42-VFS-iphonesimulator/all-product-headers.yaml -iquote /Users/swan/Development/vantiq-ui-ios/Example/build/Pods.build/Debug-iphonesimulator/JWT.build/JWT-project-headers.hmap -I/Users/swan/Development/vantiq-ui-ios/Example/build/Debug-iphonesimulator/JWT/include -I/Users/swan/Development/vantiq-ui-ios/Example/build/Pods.build/Debug-iphonesimulator/JWT.build/DerivedSources-normal/arm64 -I/Users/swan/Development/vantiq-ui-ios/Example/build/Pods.build/Debug-iphonesimulator/JWT.build/DerivedSources/arm64 -I/Users/swan/Development/vantiq-ui-ios/Example/build/Pods.build/Debug-iphonesimulator/JWT.build/DerivedSources -F/Users/swan/Development/vantiq-ui-ios/Example/build/Debug-iphonesimulator/JWT -F/Users/swan/Development/vantiq-ui-ios/Example/build/Debug-iphonesimulator/Base64

WriteAuxiliaryFile /Users/swan/Development/vantiq-ui-ios/Example/build/Pods.build/Debug-iphonesimulator/JWT.build/DerivedSources/JWT_vers.c (in target 'JWT' from project 'Pods')
    cd /Users/swan/Development/vantiq-ui-ios/Example/Pods
    write-file /Users/swan/Development/vantiq-ui-ios/Example/build/Pods.build/Debug-iphonesimulator/JWT.build/DerivedSources/JWT_vers.c

CpHeader /Users/swan/Development/vantiq-ui-ios/Example/build/Debug-iphonesimulator/JWT/JWT.framework/Headers/JWTAlgorithmHS384.h /Users/swan/Development/vantiq-ui-ios/Example/Pods/JWT/Classes/Algorithms/HSFamily/JWTAlgorithmHS384.h (in target 'JWT' from project 'Pods')
    cd /Users/swan/Development/vantiq-ui-ios/Example/Pods
    builtin-copy -exclude .DS_Store -exclude CVS -exclude .svn -exclude .git -exclude .hg -resolve-src-symlinks /Users/swan/Development/vantiq-ui-ios/Example/Pods/JWT/Classes/Algorithms/HSFamily/JWTAlgorithmHS384.h /Users/swan/Development/vantiq-ui-ios/Example/build/Debug-iphonesimulator/JWT/JWT.framework/Headers

CpHeader /Users/swan/Development/vantiq-ui-ios/Example/build/Debug-iphonesimulator/JWT/JWT.framework/Headers/JWTRSAlgorithm.h /Users/swan/Development/vantiq-ui-ios/Example/Pods/JWT/Classes/Algorithms/RSFamily/JWTRSAlgorithm.h (in target 'JWT' from project 'Pods')
    cd /Users/swan/Development/vantiq-ui-ios/Example/Pods
    builtin-copy -exclude .DS_Store -exclude CVS -exclude .svn -exclude .git -exclude .hg -resolve-src-symlinks /Users/swan/Development/vantiq-ui-ios/Example/Pods/JWT/Classes/Algorithms/RSFamily/JWTRSAlgorithm.h /Users/swan/Development/vantiq-ui-ios/Example/build/Debug-iphonesimulator/JWT/JWT.framework/Headers

CpHeader /Users/swan/Development/vantiq-ui-ios/Example/build/Debug-iphonesimulator/JWT/JWT.framework/Headers/JWTDeprecations.h /Users/swan/Development/vantiq-ui-ios/Example/Pods/JWT/Classes/Supplement/JWTDeprecations.h (in target 'JWT' from project 'Pods')
    cd /Users/swan/Development/vantiq-ui-ios/Example/Pods
    builtin-copy -exclude .DS_Store -exclude CVS -exclude .svn -exclude .git -exclude .hg -resolve-src-symlinks /Users/swan/Development/vantiq-ui-ios/Example/Pods/JWT/Classes/Supplement/JWTDeprecations.h /Users/swan/Development/vantiq-ui-ios/Example/build/Debug-iphonesimulator/JWT/JWT.framework/Headers

CpHeader /Users/swan/Development/vantiq-ui-ios/Example/build/Debug-iphonesimulator/JWT/JWT.framework/Headers/JWTCoding.h /Users/swan/Development/vantiq-ui-ios/Example/Pods/JWT/Classes/Coding/JWTCoding.h (in target 'JWT' from project 'Pods')
    cd /Users/swan/Development/vantiq-ui-ios/Example/Pods
    builtin-copy -exclude .DS_Store -exclude CVS -exclude .svn -exclude .git -exclude .hg -resolve-src-symlinks /Users/swan/Development/vantiq-ui-ios/Example/Pods/JWT/Classes/Coding/JWTCoding.h /Users/swan/Development/vantiq-ui-ios/Example/build/Debug-iphonesimulator/JWT/JWT.framework/Headers

CpHeader /Users/swan/Development/vantiq-ui-ios/Example/build/Debug-iphonesimulator/JWT/JWT.framework/Headers/JWTClaimsSetVerifier.h /Users/swan/Development/vantiq-ui-ios/Example/Pods/JWT/Classes/ClaimSet/JWTClaimsSetVerifier.h (in target 'JWT' from project 'Pods')
    cd /Users/swan/Development/vantiq-ui-ios/Example/Pods
    builtin-copy -exclude .DS_Store -exclude CVS -exclude .svn -exclude .git -exclude .hg -resolve-src-symlinks /Users/swan/Development/vantiq-ui-ios/Example/Pods/JWT/Classes/ClaimSet/JWTClaimsSetVerifier.h /Users/swan/Development/vantiq-ui-ios/Example/build/Debug-iphonesimulator/JWT/JWT.framework/Headers

CpHeader /Users/swan/Development/vantiq-ui-ios/Example/build/Debug-iphonesimulator/JWT/JWT.framework/Headers/JWTClaimsSetSerializer.h /Users/swan/Development/vantiq-ui-ios/Example/Pods/JWT/Classes/ClaimSet/JWTClaimsSetSerializer.h (in target 'JWT' from project 'Pods')
    cd /Users/swan/Development/vantiq-ui-ios/Example/Pods
    builtin-copy -exclude .DS_Store -exclude CVS -exclude .svn -exclude .git -exclude .hg -resolve-src-symlinks /Users/swan/Development/vantiq-ui-ios/Example/Pods/JWT/Classes/ClaimSet/JWTClaimsSetSerializer.h /Users/swan/Development/vantiq-ui-ios/Example/build/Debug-iphonesimulator/JWT/JWT.framework/Headers

CpHeader /Users/swan/Development/vantiq-ui-ios/Example/build/Debug-iphonesimulator/JWT/JWT.framework/Headers/JWTClaim.h /Users/swan/Development/vantiq-ui-ios/Example/Pods/JWT/Classes/ClaimSet/JWTClaim.h (in target 'JWT' from project 'Pods')
    cd /Users/swan/Development/vantiq-ui-ios/Example/Pods
    builtin-copy -exclude .DS_Store -exclude CVS -exclude .svn -exclude .git -exclude .hg -resolve-src-symlinks /Users/swan/Development/vantiq-ui-ios/Example/Pods/JWT/Classes/ClaimSet/JWTClaim.h /Users/swan/Development/vantiq-ui-ios/Example/build/Debug-iphonesimulator/JWT/JWT.framework/Headers

CpHeader /Users/swan/Development/vantiq-ui-ios/Example/build/Debug-iphonesimulator/JWT/JWT.framework/Headers/JWTAlgorithmRSBase.h /Users/swan/Development/vantiq-ui-ios/Example/Pods/JWT/Classes/Algorithms/RSFamily/JWTAlgorithmRSBase.h (in target 'JWT' from project 'Pods')
    cd /Users/swan/Development/vantiq-ui-ios/Example/Pods
    builtin-copy -exclude .DS_Store -exclude CVS -exclude .svn -exclude .git -exclude .hg -resolve-src-symlinks /Users/swan/Development/vantiq-ui-ios/Example/Pods/JWT/Classes/Algorithms/RSFamily/JWTAlgorithmRSBase.h /Users/swan/Development/vantiq-ui-ios/Example/build/Debug-iphonesimulator/JWT/JWT.framework/Headers

CpHeader /Users/swan/Development/vantiq-ui-ios/Example/build/Debug-iphonesimulator/JWT/JWT.framework/Headers/JWTClaimsSet.h /Users/swan/Development/vantiq-ui-ios/Example/Pods/JWT/Classes/ClaimSet/JWTClaimsSet.h (in target 'JWT' from project 'Pods')
    cd /Users/swan/Development/vantiq-ui-ios/Example/Pods
    builtin-copy -exclude .DS_Store -exclude CVS -exclude .svn -exclude .git -exclude .hg -resolve-src-symlinks /Users/swan/Development/vantiq-ui-ios/Example/Pods/JWT/Classes/ClaimSet/JWTClaimsSet.h /Users/swan/Development/vantiq-ui-ios/Example/build/Debug-iphonesimulator/JWT/JWT.framework/Headers

CpHeader /Users/swan/Development/vantiq-ui-ios/Example/build/Debug-iphonesimulator/JWT/JWT.framework/Headers/JWTAlgorithmNone.h /Users/swan/Development/vantiq-ui-ios/Example/Pods/JWT/Classes/Algorithms/Base/JWTAlgorithmNone.h (in target 'JWT' from project 'Pods')
    cd /Users/swan/Development/vantiq-ui-ios/Example/Pods
    builtin-copy -exclude .DS_Store -exclude CVS -exclude .svn -exclude .git -exclude .hg -resolve-src-symlinks /Users/swan/Development/vantiq-ui-ios/Example/Pods/JWT/Classes/Algorithms/Base/JWTAlgorithmNone.h /Users/swan/Development/vantiq-ui-ios/Example/build/Debug-iphonesimulator/JWT/JWT.framework/Headers

CpHeader /Users/swan/Development/vantiq-ui-ios/Example/build/Debug-iphonesimulator/JWT/JWT.framework/Headers/JWTBase64Coder.h /Users/swan/Development/vantiq-ui-ios/Example/Pods/JWT/Classes/Supplement/JWTBase64Coder.h (in target 'JWT' from project 'Pods')
    cd /Users/swan/Development/vantiq-ui-ios/Example/Pods
    builtin-copy -exclude .DS_Store -exclude CVS -exclude .svn -exclude .git -exclude .hg -resolve-src-symlinks /Users/swan/Development/vantiq-ui-ios/Example/Pods/JWT/Classes/Supplement/JWTBase64Coder.h /Users/swan/Development/vantiq-ui-ios/Example/build/Debug-iphonesimulator/JWT/JWT.framework/Headers

CpHeader /Users/swan/Development/vantiq-ui-ios/Example/build/Debug-iphonesimulator/JWT/JWT.framework/Headers/JWTAlgorithmHS512.h /Users/swan/Development/vantiq-ui-ios/Example/Pods/JWT/Classes/Algorithms/HSFamily/JWTAlgorithmHS512.h (in target 'JWT' from project 'Pods')
    cd /Users/swan/Development/vantiq-ui-ios/Example/Pods
    builtin-copy -exclude .DS_Store -exclude CVS -exclude .svn -exclude .git -exclude .hg -resolve-src-symlinks /Users/swan/Development/vantiq-ui-ios/Example/Pods/JWT/Classes/Algorithms/HSFamily/JWTAlgorithmHS512.h /Users/swan/Development/vantiq-ui-ios/Example/build/Debug-iphonesimulator/JWT/JWT.framework/Headers

CpHeader /Users/swan/Development/vantiq-ui-ios/Example/build/Debug-iphonesimulator/JWT/JWT.framework/Headers/JWTAlgorithmHSBase.h /Users/swan/Development/vantiq-ui-ios/Example/Pods/JWT/Classes/Algorithms/HSFamily/JWTAlgorithmHSBase.h (in target 'JWT' from project 'Pods')
    cd /Users/swan/Development/vantiq-ui-ios/Example/Pods
    builtin-copy -exclude .DS_Store -exclude CVS -exclude .svn -exclude .git -exclude .hg -resolve-src-symlinks /Users/swan/Development/vantiq-ui-ios/Example/Pods/JWT/Classes/Algorithms/HSFamily/JWTAlgorithmHSBase.h /Users/swan/Development/vantiq-ui-ios/Example/build/Debug-iphonesimulator/JWT/JWT.framework/Headers

CpHeader /Users/swan/Development/vantiq-ui-ios/Example/build/Debug-iphonesimulator/JWT/JWT.framework/Headers/JWTAlgorithmHS256.h /Users/swan/Development/vantiq-ui-ios/Example/Pods/JWT/Classes/Algorithms/HSFamily/JWTAlgorithmHS256.h (in target 'JWT' from project 'Pods')
    cd /Users/swan/Development/vantiq-ui-ios/Example/Pods
    builtin-copy -exclude .DS_Store -exclude CVS -exclude .svn -exclude .git -exclude .hg -resolve-src-symlinks /Users/swan/Development/vantiq-ui-ios/Example/Pods/JWT/Classes/Algorithms/HSFamily/JWTAlgorithmHS256.h /Users/swan/Development/vantiq-ui-ios/Example/build/Debug-iphonesimulator/JWT/JWT.framework/Headers

CpHeader /Users/swan/Development/vantiq-ui-ios/Example/build/Debug-iphonesimulator/JWT/JWT.framework/Headers/JWTAlgorithmFactory.h /Users/swan/Development/vantiq-ui-ios/Example/Pods/JWT/Classes/Algorithms/Base/JWTAlgorithmFactory.h (in target 'JWT' from project 'Pods')
    cd /Users/swan/Development/vantiq-ui-ios/Example/Pods
    builtin-copy -exclude .DS_Store -exclude CVS -exclude .svn -exclude .git -exclude .hg -resolve-src-symlinks /Users/swan/Development/vantiq-ui-ios/Example/Pods/JWT/Classes/Algorithms/Base/JWTAlgorithmFactory.h /Users/swan/Development/vantiq-ui-ios/Example/build/Debug-iphonesimulator/JWT/JWT.framework/Headers

CpHeader /Users/swan/Development/vantiq-ui-ios/Example/build/Debug-iphonesimulator/JWT/JWT.framework/Headers/JWTAlgorithmDataHolderChain.h /Users/swan/Development/vantiq-ui-ios/Example/Pods/JWT/Classes/Algorithms/Holders/JWTAlgorithmDataHolderChain.h (in target 'JWT' from project 'Pods')
    cd /Users/swan/Development/vantiq-ui-ios/Example/Pods
    builtin-copy -exclude .DS_Store -exclude CVS -exclude .svn -exclude .git -exclude .hg -resolve-src-symlinks /Users/swan/Development/vantiq-ui-ios/Example/Pods/JWT/Classes/Algorithms/Holders/JWTAlgorithmDataHolderChain.h /Users/swan/Development/vantiq-ui-ios/Example/build/Debug-iphonesimulator/JWT/JWT.framework/Headers

CpHeader /Users/swan/Development/vantiq-ui-ios/Example/build/Debug-iphonesimulator/JWT/JWT.framework/Headers/JWTAlgorithmDataHolder.h /Users/swan/Development/vantiq-ui-ios/Example/Pods/JWT/Classes/Algorithms/Holders/JWTAlgorithmDataHolder.h (in target 'JWT' from project 'Pods')
    cd /Users/swan/Development/vantiq-ui-ios/Example/Pods
    builtin-copy -exclude .DS_Store -exclude CVS -exclude .svn -exclude .git -exclude .hg -resolve-src-symlinks /Users/swan/Development/vantiq-ui-ios/Example/Pods/JWT/Classes/Algorithms/Holders/JWTAlgorithmDataHolder.h /Users/swan/Development/vantiq-ui-ios/Example/build/Debug-iphonesimulator/JWT/JWT.framework/Headers

CpHeader /Users/swan/Development/vantiq-ui-ios/Example/build/Debug-iphonesimulator/JWT/JWT.framework/Headers/JWTAlgorithm.h /Users/swan/Development/vantiq-ui-ios/Example/Pods/JWT/Classes/Algorithms/Base/JWTAlgorithm.h (in target 'JWT' from project 'Pods')
    cd /Users/swan/Development/vantiq-ui-ios/Example/Pods
    builtin-copy -exclude .DS_Store -exclude CVS -exclude .svn -exclude .git -exclude .hg -resolve-src-symlinks /Users/swan/Development/vantiq-ui-ios/Example/Pods/JWT/Classes/Algorithms/Base/JWTAlgorithm.h /Users/swan/Development/vantiq-ui-ios/Example/build/Debug-iphonesimulator/JWT/JWT.framework/Headers

CpHeader /Users/swan/Development/vantiq-ui-ios/Example/build/Debug-iphonesimulator/JWT/JWT.framework/Headers/JWT.h /Users/swan/Development/vantiq-ui-ios/Example/Pods/JWT/Classes/JWT.h (in target 'JWT' from project 'Pods')
    cd /Users/swan/Development/vantiq-ui-ios/Example/Pods
    builtin-copy -exclude .DS_Store -exclude CVS -exclude .svn -exclude .git -exclude .hg -resolve-src-symlinks /Users/swan/Development/vantiq-ui-ios/Example/Pods/JWT/Classes/JWT.h /Users/swan/Development/vantiq-ui-ios/Example/build/Debug-iphonesimulator/JWT/JWT.framework/Headers

CpHeader /Users/swan/Development/vantiq-ui-ios/Example/build/Debug-iphonesimulator/JWT/JWT.framework/Headers/JWT-umbrella.h /Users/swan/Development/vantiq-ui-ios/Example/Pods/Target\ Support\ Files/JWT/JWT-umbrella.h (in target 'JWT' from project 'Pods')
    cd /Users/swan/Development/vantiq-ui-ios/Example/Pods
    builtin-copy -exclude .DS_Store -exclude CVS -exclude .svn -exclude .git -exclude .hg -resolve-src-symlinks /Users/swan/Development/vantiq-ui-ios/Example/Pods/Target\ Support\ Files/JWT/JWT-umbrella.h /Users/swan/Development/vantiq-ui-ios/Example/build/Debug-iphonesimulator/JWT/JWT.framework/Headers

Copy /Users/swan/Development/vantiq-ui-ios/Example/build/Pods.build/Debug-iphonesimulator/JWT.build/module.modulemap /Users/swan/Development/vantiq-ui-ios/Example/Pods/Target\ Support\ Files/JWT/JWT.modulemap (in target 'JWT' from project 'Pods')
    cd /Users/swan/Development/vantiq-ui-ios/Example/Pods
    builtin-copy -exclude .DS_Store -exclude CVS -exclude .svn -exclude .git -exclude .hg -resolve-src-symlinks -rename /Users/swan/Development/vantiq-ui-ios/Example/Pods/Target\ Support\ Files/JWT/JWT.modulemap /Users/swan/Development/vantiq-ui-ios/Example/build/Pods.build/Debug-iphonesimulator/JWT.build/module.modulemap

WriteAuxiliaryFile /Users/swan/Development/vantiq-ui-ios/Example/build/Pods.build/Debug-iphonesimulator/Base64.build/Base64.hmap (in target 'Base64' from project 'Pods')
    cd /Users/swan/Development/vantiq-ui-ios/Example/Pods
    write-file /Users/swan/Development/vantiq-ui-ios/Example/build/Pods.build/Debug-iphonesimulator/Base64.build/Base64.hmap

WriteAuxiliaryFile /Users/swan/Development/vantiq-ui-ios/Example/build/Pods.build/Debug-iphonesimulator/Base64.build/Base64.DependencyStaticMetadataFileList (in target 'Base64' from project 'Pods')
    cd /Users/swan/Development/vantiq-ui-ios/Example/Pods
    write-file /Users/swan/Development/vantiq-ui-ios/Example/build/Pods.build/Debug-iphonesimulator/Base64.build/Base64.DependencyStaticMetadataFileList

WriteAuxiliaryFile /Users/swan/Development/vantiq-ui-ios/Example/build/Pods.build/Debug-iphonesimulator/Base64.build/Base64-project-headers.hmap (in target 'Base64' from project 'Pods')
    cd /Users/swan/Development/vantiq-ui-ios/Example/Pods
    write-file /Users/swan/Development/vantiq-ui-ios/Example/build/Pods.build/Debug-iphonesimulator/Base64.build/Base64-project-headers.hmap

WriteAuxiliaryFile /Users/swan/Development/vantiq-ui-ios/Example/build/Pods.build/Debug-iphonesimulator/Base64.build/Base64.DependencyMetadataFileList (in target 'Base64' from project 'Pods')
    cd /Users/swan/Development/vantiq-ui-ios/Example/Pods
    write-file /Users/swan/Development/vantiq-ui-ios/Example/build/Pods.build/Debug-iphonesimulator/Base64.build/Base64.DependencyMetadataFileList

WriteAuxiliaryFile /Users/swan/Development/vantiq-ui-ios/Example/build/Pods.build/Debug-iphonesimulator/Base64.build/Base64-own-target-headers.hmap (in target 'Base64' from project 'Pods')
    cd /Users/swan/Development/vantiq-ui-ios/Example/Pods
    write-file /Users/swan/Development/vantiq-ui-ios/Example/build/Pods.build/Debug-iphonesimulator/Base64.build/Base64-own-target-headers.hmap

WriteAuxiliaryFile /Users/swan/Development/vantiq-ui-ios/Example/build/Pods.build/Debug-iphonesimulator/Base64.build/Base64-generated-files.hmap (in target 'Base64' from project 'Pods')
    cd /Users/swan/Development/vantiq-ui-ios/Example/Pods
    write-file /Users/swan/Development/vantiq-ui-ios/Example/build/Pods.build/Debug-iphonesimulator/Base64.build/Base64-generated-files.hmap

WriteAuxiliaryFile /Users/swan/Development/vantiq-ui-ios/Example/build/Pods.build/Debug-iphonesimulator/Base64.build/Base64-all-target-headers.hmap (in target 'Base64' from project 'Pods')
    cd /Users/swan/Development/vantiq-ui-ios/Example/Pods
    write-file /Users/swan/Development/vantiq-ui-ios/Example/build/Pods.build/Debug-iphonesimulator/Base64.build/Base64-all-target-headers.hmap

WriteAuxiliaryFile /Users/swan/Development/vantiq-ui-ios/Example/build/Pods.build/Debug-iphonesimulator/Base64.build/Base64-all-non-framework-target-headers.hmap (in target 'Base64' from project 'Pods')
    cd /Users/swan/Development/vantiq-ui-ios/Example/Pods
    write-file /Users/swan/Development/vantiq-ui-ios/Example/build/Pods.build/Debug-iphonesimulator/Base64.build/Base64-all-non-framework-target-headers.hmap

Copy /Users/swan/Development/vantiq-ui-ios/Example/build/Pods.build/Debug-iphonesimulator/Base64.build/module.modulemap /Users/swan/Development/vantiq-ui-ios/Example/Pods/Target\ Support\ Files/Base64/Base64.modulemap (in target 'Base64' from project 'Pods')
    cd /Users/swan/Development/vantiq-ui-ios/Example/Pods
    builtin-copy -exclude .DS_Store -exclude CVS -exclude .svn -exclude .git -exclude .hg -resolve-src-symlinks -rename /Users/swan/Development/vantiq-ui-ios/Example/Pods/Target\ Support\ Files/Base64/Base64.modulemap /Users/swan/Development/vantiq-ui-ios/Example/build/Pods.build/Debug-iphonesimulator/Base64.build/module.modulemap

WriteAuxiliaryFile /Users/swan/Development/vantiq-ui-ios/Example/build/Pods.build/Debug-iphonesimulator/Base64.build/DerivedSources/Base64_vers.c (in target 'Base64' from project 'Pods')
    cd /Users/swan/Development/vantiq-ui-ios/Example/Pods
    write-file /Users/swan/Development/vantiq-ui-ios/Example/build/Pods.build/Debug-iphonesimulator/Base64.build/DerivedSources/Base64_vers.c

WriteAuxiliaryFile /Users/swan/Development/vantiq-ui-ios/Example/build/Pods.build/Debug-iphonesimulator/Base64.build/Objects-normal/arm64/e6072d4f65d7061329687fe24e3d63a7-common-args.resp (in target 'Base64' from project 'Pods')
    cd /Users/swan/Development/vantiq-ui-ios/Example/Pods
    write-file /Users/swan/Development/vantiq-ui-ios/Example/build/Pods.build/Debug-iphonesimulator/Base64.build/Objects-normal/arm64/e6072d4f65d7061329687fe24e3d63a7-common-args.resp
'-std=gnu11' -fobjc-arc -fobjc-weak -fmodules -gmodules '-fmodules-cache-path=/Users/swan/Library/Developer/Xcode/DerivedData/ModuleCache.noindex' '-fmodule-name=Base64' -fpascal-strings -O0 -fno-common '-DPOD_CONFIGURATION_DEBUG=1' '-DDEBUG=1' '-DCOCOAPODS=1' '-DOBJC_OLD_DISPATCH_PROTOTYPES=0' -g '-fobjc-abi-version=2' -fobjc-legacy-dispatch -iquote /Users/swan/Development/vantiq-ui-ios/Example/build/Pods.build/Debug-iphonesimulator/Base64.build/Base64-generated-files.hmap -I/Users/swan/Development/vantiq-ui-ios/Example/build/Pods.build/Debug-iphonesimulator/Base64.build/Base64-own-target-headers.hmap -I/Users/swan/Development/vantiq-ui-ios/Example/build/Pods.build/Debug-iphonesimulator/Base64.build/Base64-all-non-framework-target-headers.hmap -ivfsoverlay /Users/swan/Development/vantiq-ui-ios/Example/build/Pods.build/Debug-iphonesimulator/Pods-8699adb1dd336b26511df848a716bd42-VFS-iphonesimulator/all-product-headers.yaml -iquote /Users/swan/Development/vantiq-ui-ios/Example/build/Pods.build/Debug-iphonesimulator/Base64.build/Base64-project-headers.hmap -I/Users/swan/Development/vantiq-ui-ios/Example/build/Debug-iphonesimulator/Base64/include -I/Users/swan/Development/vantiq-ui-ios/Example/build/Pods.build/Debug-iphonesimulator/Base64.build/DerivedSources-normal/arm64 -I/Users/swan/Development/vantiq-ui-ios/Example/build/Pods.build/Debug-iphonesimulator/Base64.build/DerivedSources/arm64 -I/Users/swan/Development/vantiq-ui-ios/Example/build/Pods.build/Debug-iphonesimulator/Base64.build/DerivedSources -F/Users/swan/Development/vantiq-ui-ios/Example/build/Debug-iphonesimulator/Base64

WriteAuxiliaryFile /Users/swan/Development/vantiq-ui-ios/Example/build/Pods.build/Debug-iphonesimulator/Base64.build/Objects-normal/arm64/Base64.LinkFileList (in target 'Base64' from project 'Pods')
    cd /Users/swan/Development/vantiq-ui-ios/Example/Pods
    write-file /Users/swan/Development/vantiq-ui-ios/Example/build/Pods.build/Debug-iphonesimulator/Base64.build/Objects-normal/arm64/Base64.LinkFileList

WriteAuxiliaryFile /Users/swan/Development/vantiq-ui-ios/Example/build/Pods.build/Debug-iphonesimulator/Base64.build/Objects-normal/arm64/7187679823f38a2a940e0043cdf9d637-common-args.resp (in target 'Base64' from project 'Pods')
    cd /Users/swan/Development/vantiq-ui-ios/Example/Pods
    write-file /Users/swan/Development/vantiq-ui-ios/Example/build/Pods.build/Debug-iphonesimulator/Base64.build/Objects-normal/arm64/7187679823f38a2a940e0043cdf9d637-common-args.resp
'-std=gnu11' -fmodules -gmodules '-fmodules-cache-path=/Users/swan/Library/Developer/Xcode/DerivedData/ModuleCache.noindex' '-fmodule-name=Base64' -fpascal-strings -O0 -fno-common '-DPOD_CONFIGURATION_DEBUG=1' '-DDEBUG=1' '-DCOCOAPODS=1' -g -iquote /Users/swan/Development/vantiq-ui-ios/Example/build/Pods.build/Debug-iphonesimulator/Base64.build/Base64-generated-files.hmap -I/Users/swan/Development/vantiq-ui-ios/Example/build/Pods.build/Debug-iphonesimulator/Base64.build/Base64-own-target-headers.hmap -I/Users/swan/Development/vantiq-ui-ios/Example/build/Pods.build/Debug-iphonesimulator/Base64.build/Base64-all-non-framework-target-headers.hmap -ivfsoverlay /Users/swan/Development/vantiq-ui-ios/Example/build/Pods.build/Debug-iphonesimulator/Pods-8699adb1dd336b26511df848a716bd42-VFS-iphonesimulator/all-product-headers.yaml -iquote /Users/swan/Development/vantiq-ui-ios/Example/build/Pods.build/Debug-iphonesimulator/Base64.build/Base64-project-headers.hmap -I/Users/swan/Development/vantiq-ui-ios/Example/build/Debug-iphonesimulator/Base64/include -I/Users/swan/Development/vantiq-ui-ios/Example/build/Pods.build/Debug-iphonesimulator/Base64.build/DerivedSources-normal/arm64 -I/Users/swan/Development/vantiq-ui-ios/Example/build/Pods.build/Debug-iphonesimulator/Base64.build/DerivedSources/arm64 -I/Users/swan/Development/vantiq-ui-ios/Example/build/Pods.build/Debug-iphonesimulator/Base64.build/DerivedSources -F/Users/swan/Development/vantiq-ui-ios/Example/build/Debug-iphonesimulator/Base64

Copy /Users/swan/Development/vantiq-ui-ios/Example/build/Debug-iphonesimulator/JWT/JWT.framework/Modules/module.modulemap /Users/swan/Development/vantiq-ui-ios/Example/build/Pods.build/Debug-iphonesimulator/JWT.build/module.modulemap (in target 'JWT' from project 'Pods')
    cd /Users/swan/Development/vantiq-ui-ios/Example/Pods
    builtin-copy -exclude .DS_Store -exclude CVS -exclude .svn -exclude .git -exclude .hg -resolve-src-symlinks /Users/swan/Development/vantiq-ui-ios/Example/build/Pods.build/Debug-iphonesimulator/JWT.build/module.modulemap /Users/swan/Development/vantiq-ui-ios/Example/build/Debug-iphonesimulator/JWT/JWT.framework/Modules

WriteAuxiliaryFile /Users/swan/Development/vantiq-ui-ios/Example/build/Pods.build/Debug-iphonesimulator/AppAuth-AppAuthCore_Privacy.build/AppAuthCore_Privacy.hmap (in target 'AppAuth-AppAuthCore_Privacy' from project 'Pods')
    cd /Users/swan/Development/vantiq-ui-ios/Example/Pods
    write-file /Users/swan/Development/vantiq-ui-ios/Example/build/Pods.build/Debug-iphonesimulator/AppAuth-AppAuthCore_Privacy.build/AppAuthCore_Privacy.hmap

WriteAuxiliaryFile /Users/swan/Development/vantiq-ui-ios/Example/build/Pods.build/Debug-iphonesimulator/AppAuth-AppAuthCore_Privacy.build/AppAuthCore_Privacy.DependencyStaticMetadataFileList (in target 'AppAuth-AppAuthCore_Privacy' from project 'Pods')
    cd /Users/swan/Development/vantiq-ui-ios/Example/Pods
    write-file /Users/swan/Development/vantiq-ui-ios/Example/build/Pods.build/Debug-iphonesimulator/AppAuth-AppAuthCore_Privacy.build/AppAuthCore_Privacy.DependencyStaticMetadataFileList

WriteAuxiliaryFile /Users/swan/Development/vantiq-ui-ios/Example/build/Pods.build/Debug-iphonesimulator/AppAuth-AppAuthCore_Privacy.build/AppAuthCore_Privacy.DependencyMetadataFileList (in target 'AppAuth-AppAuthCore_Privacy' from project 'Pods')
    cd /Users/swan/Development/vantiq-ui-ios/Example/Pods
    write-file /Users/swan/Development/vantiq-ui-ios/Example/build/Pods.build/Debug-iphonesimulator/AppAuth-AppAuthCore_Privacy.build/AppAuthCore_Privacy.DependencyMetadataFileList

WriteAuxiliaryFile /Users/swan/Development/vantiq-ui-ios/Example/build/Pods.build/Debug-iphonesimulator/AppAuth-AppAuthCore_Privacy.build/AppAuthCore_Privacy-generated-files.hmap (in target 'AppAuth-AppAuthCore_Privacy' from project 'Pods')
    cd /Users/swan/Development/vantiq-ui-ios/Example/Pods
    write-file /Users/swan/Development/vantiq-ui-ios/Example/build/Pods.build/Debug-iphonesimulator/AppAuth-AppAuthCore_Privacy.build/AppAuthCore_Privacy-generated-files.hmap

WriteAuxiliaryFile /Users/swan/Development/vantiq-ui-ios/Example/build/Pods.build/Debug-iphonesimulator/AppAuth-AppAuthCore_Privacy.build/AppAuthCore_Privacy-all-target-headers.hmap (in target 'AppAuth-AppAuthCore_Privacy' from project 'Pods')
    cd /Users/swan/Development/vantiq-ui-ios/Example/Pods
    write-file /Users/swan/Development/vantiq-ui-ios/Example/build/Pods.build/Debug-iphonesimulator/AppAuth-AppAuthCore_Privacy.build/AppAuthCore_Privacy-all-target-headers.hmap

WriteAuxiliaryFile /Users/swan/Development/vantiq-ui-ios/Example/build/Pods.build/Debug-iphonesimulator/AppAuth-AppAuthCore_Privacy.build/AppAuthCore_Privacy-project-headers.hmap (in target 'AppAuth-AppAuthCore_Privacy' from project 'Pods')
    cd /Users/swan/Development/vantiq-ui-ios/Example/Pods
    write-file /Users/swan/Development/vantiq-ui-ios/Example/build/Pods.build/Debug-iphonesimulator/AppAuth-AppAuthCore_Privacy.build/AppAuthCore_Privacy-project-headers.hmap

CpHeader /Users/swan/Development/vantiq-ui-ios/Example/build/Debug-iphonesimulator/Base64/Base64.framework/Headers/MF_Base64Additions.h /Users/swan/Development/vantiq-ui-ios/Example/Pods/Base64/Base64/MF_Base64Additions.h (in target 'Base64' from project 'Pods')
    cd /Users/swan/Development/vantiq-ui-ios/Example/Pods
    builtin-copy -exclude .DS_Store -exclude CVS -exclude .svn -exclude .git -exclude .hg -resolve-src-symlinks /Users/swan/Development/vantiq-ui-ios/Example/Pods/Base64/Base64/MF_Base64Additions.h /Users/swan/Development/vantiq-ui-ios/Example/build/Debug-iphonesimulator/Base64/Base64.framework/Headers

CpHeader /Users/swan/Development/vantiq-ui-ios/Example/build/Debug-iphonesimulator/Base64/Base64.framework/Headers/Base64-umbrella.h /Users/swan/Development/vantiq-ui-ios/Example/Pods/Target\ Support\ Files/Base64/Base64-umbrella.h (in target 'Base64' from project 'Pods')
    cd /Users/swan/Development/vantiq-ui-ios/Example/Pods
    builtin-copy -exclude .DS_Store -exclude CVS -exclude .svn -exclude .git -exclude .hg -resolve-src-symlinks /Users/swan/Development/vantiq-ui-ios/Example/Pods/Target\ Support\ Files/Base64/Base64-umbrella.h /Users/swan/Development/vantiq-ui-ios/Example/build/Debug-iphonesimulator/Base64/Base64.framework/Headers

WriteAuxiliaryFile /Users/swan/Development/vantiq-ui-ios/Example/build/Pods.build/Debug-iphonesimulator/AppAuth-AppAuthCore_Privacy.build/AppAuthCore_Privacy-all-non-framework-target-headers.hmap (in target 'AppAuth-AppAuthCore_Privacy' from project 'Pods')
    cd /Users/swan/Development/vantiq-ui-ios/Example/Pods
    write-file /Users/swan/Development/vantiq-ui-ios/Example/build/Pods.build/Debug-iphonesimulator/AppAuth-AppAuthCore_Privacy.build/AppAuthCore_Privacy-all-non-framework-target-headers.hmap

WriteAuxiliaryFile /Users/swan/Development/vantiq-ui-ios/Example/build/Pods.build/Debug-iphonesimulator/AppAuth-AppAuthCore_Privacy.build/AppAuthCore_Privacy-own-target-headers.hmap (in target 'AppAuth-AppAuthCore_Privacy' from project 'Pods')
    cd /Users/swan/Development/vantiq-ui-ios/Example/Pods
    write-file /Users/swan/Development/vantiq-ui-ios/Example/build/Pods.build/Debug-iphonesimulator/AppAuth-AppAuthCore_Privacy.build/AppAuthCore_Privacy-own-target-headers.hmap

WriteAuxiliaryFile /Users/swan/Development/vantiq-ui-ios/Example/build/Pods.build/Debug-iphonesimulator/AppAuth.build/AppAuth.hmap (in target 'AppAuth' from project 'Pods')
    cd /Users/swan/Development/vantiq-ui-ios/Example/Pods
    write-file /Users/swan/Development/vantiq-ui-ios/Example/build/Pods.build/Debug-iphonesimulator/AppAuth.build/AppAuth.hmap

WriteAuxiliaryFile /Users/swan/Development/vantiq-ui-ios/Example/build/Pods.build/Debug-iphonesimulator/AppAuth.build/AppAuth.DependencyStaticMetadataFileList (in target 'AppAuth' from project 'Pods')
    cd /Users/swan/Development/vantiq-ui-ios/Example/Pods
    write-file /Users/swan/Development/vantiq-ui-ios/Example/build/Pods.build/Debug-iphonesimulator/AppAuth.build/AppAuth.DependencyStaticMetadataFileList

WriteAuxiliaryFile /Users/swan/Development/vantiq-ui-ios/Example/build/Pods.build/Debug-iphonesimulator/AppAuth.build/AppAuth.DependencyMetadataFileList (in target 'AppAuth' from project 'Pods')
    cd /Users/swan/Development/vantiq-ui-ios/Example/Pods
    write-file /Users/swan/Development/vantiq-ui-ios/Example/build/Pods.build/Debug-iphonesimulator/AppAuth.build/AppAuth.DependencyMetadataFileList

WriteAuxiliaryFile /Users/swan/Development/vantiq-ui-ios/Example/build/Pods.build/Debug-iphonesimulator/AppAuth.build/AppAuth-project-headers.hmap (in target 'AppAuth' from project 'Pods')
    cd /Users/swan/Development/vantiq-ui-ios/Example/Pods
    write-file /Users/swan/Development/vantiq-ui-ios/Example/build/Pods.build/Debug-iphonesimulator/AppAuth.build/AppAuth-project-headers.hmap

WriteAuxiliaryFile /Users/swan/Development/vantiq-ui-ios/Example/build/Pods.build/Debug-iphonesimulator/AppAuth.build/AppAuth-own-target-headers.hmap (in target 'AppAuth' from project 'Pods')
    cd /Users/swan/Development/vantiq-ui-ios/Example/Pods
    write-file /Users/swan/Development/vantiq-ui-ios/Example/build/Pods.build/Debug-iphonesimulator/AppAuth.build/AppAuth-own-target-headers.hmap

WriteAuxiliaryFile /Users/swan/Development/vantiq-ui-ios/Example/build/Pods.build/Debug-iphonesimulator/AppAuth.build/AppAuth-generated-files.hmap (in target 'AppAuth' from project 'Pods')
    cd /Users/swan/Development/vantiq-ui-ios/Example/Pods
    write-file /Users/swan/Development/vantiq-ui-ios/Example/build/Pods.build/Debug-iphonesimulator/AppAuth.build/AppAuth-generated-files.hmap

Copy /Users/swan/Development/vantiq-ui-ios/Example/build/Debug-iphonesimulator/Base64/Base64.framework/Modules/module.modulemap /Users/swan/Development/vantiq-ui-ios/Example/build/Pods.build/Debug-iphonesimulator/Base64.build/module.modulemap (in target 'Base64' from project 'Pods')
    cd /Users/swan/Development/vantiq-ui-ios/Example/Pods
    builtin-copy -exclude .DS_Store -exclude CVS -exclude .svn -exclude .git -exclude .hg -resolve-src-symlinks /Users/swan/Development/vantiq-ui-ios/Example/build/Pods.build/Debug-iphonesimulator/Base64.build/module.modulemap /Users/swan/Development/vantiq-ui-ios/Example/build/Debug-iphonesimulator/Base64/Base64.framework/Modules

WriteAuxiliaryFile /Users/swan/Development/vantiq-ui-ios/Example/build/Pods.build/Debug-iphonesimulator/AppAuth.build/DerivedSources/AppAuth_vers.c (in target 'AppAuth' from project 'Pods')
    cd /Users/swan/Development/vantiq-ui-ios/Example/Pods
    write-file /Users/swan/Development/vantiq-ui-ios/Example/build/Pods.build/Debug-iphonesimulator/AppAuth.build/DerivedSources/AppAuth_vers.c

WriteAuxiliaryFile /Users/swan/Development/vantiq-ui-ios/Example/build/Pods.build/Debug-iphonesimulator/AppAuth.build/AppAuth-all-target-headers.hmap (in target 'AppAuth' from project 'Pods')
    cd /Users/swan/Development/vantiq-ui-ios/Example/Pods
    write-file /Users/swan/Development/vantiq-ui-ios/Example/build/Pods.build/Debug-iphonesimulator/AppAuth.build/AppAuth-all-target-headers.hmap

WriteAuxiliaryFile /Users/swan/Development/vantiq-ui-ios/Example/build/Pods.build/Debug-iphonesimulator/AppAuth.build/AppAuth-all-non-framework-target-headers.hmap (in target 'AppAuth' from project 'Pods')
    cd /Users/swan/Development/vantiq-ui-ios/Example/Pods
    write-file /Users/swan/Development/vantiq-ui-ios/Example/build/Pods.build/Debug-iphonesimulator/AppAuth.build/AppAuth-all-non-framework-target-headers.hmap

WriteAuxiliaryFile /Users/swan/Development/vantiq-ui-ios/Example/build/Pods.build/Debug-iphonesimulator/AppAuth.build/Objects-normal/arm64/e6072d4f65d7061329687fe24e3d63a7-common-args.resp (in target 'AppAuth' from project 'Pods')
    cd /Users/swan/Development/vantiq-ui-ios/Example/Pods
    write-file /Users/swan/Development/vantiq-ui-ios/Example/build/Pods.build/Debug-iphonesimulator/AppAuth.build/Objects-normal/arm64/e6072d4f65d7061329687fe24e3d63a7-common-args.resp
'-std=gnu11' -fobjc-arc -fobjc-weak -fmodules -gmodules '-fmodules-cache-path=/Users/swan/Library/Developer/Xcode/DerivedData/ModuleCache.noindex' '-fmodule-name=AppAuth' -fpascal-strings -O0 -fno-common '-DPOD_CONFIGURATION_DEBUG=1' '-DDEBUG=1' '-DCOCOAPODS=1' '-DOBJC_OLD_DISPATCH_PROTOTYPES=0' -g '-fobjc-abi-version=2' -fobjc-legacy-dispatch -iquote /Users/swan/Development/vantiq-ui-ios/Example/build/Pods.build/Debug-iphonesimulator/AppAuth.build/AppAuth-generated-files.hmap -I/Users/swan/Development/vantiq-ui-ios/Example/build/Pods.build/Debug-iphonesimulator/AppAuth.build/AppAuth-own-target-headers.hmap -I/Users/swan/Development/vantiq-ui-ios/Example/build/Pods.build/Debug-iphonesimulator/AppAuth.build/AppAuth-all-non-framework-target-headers.hmap -ivfsoverlay /Users/swan/Development/vantiq-ui-ios/Example/build/Pods.build/Debug-iphonesimulator/Pods-8699adb1dd336b26511df848a716bd42-VFS-iphonesimulator/all-product-headers.yaml -iquote /Users/swan/Development/vantiq-ui-ios/Example/build/Pods.build/Debug-iphonesimulator/AppAuth.build/AppAuth-project-headers.hmap -I/Users/swan/Development/vantiq-ui-ios/Example/build/Debug-iphonesimulator/AppAuth/include -I/Users/swan/Development/vantiq-ui-ios/Example/build/Pods.build/Debug-iphonesimulator/AppAuth.build/DerivedSources-normal/arm64 -I/Users/swan/Development/vantiq-ui-ios/Example/build/Pods.build/Debug-iphonesimulator/AppAuth.build/DerivedSources/arm64 -I/Users/swan/Development/vantiq-ui-ios/Example/build/Pods.build/Debug-iphonesimulator/AppAuth.build/DerivedSources -F/Users/swan/Development/vantiq-ui-ios/Example/build/Debug-iphonesimulator/AppAuth

WriteAuxiliaryFile /Users/swan/Development/vantiq-ui-ios/Example/build/Pods.build/Debug-iphonesimulator/AppAuth.build/Objects-normal/arm64/AppAuth.LinkFileList (in target 'AppAuth' from project 'Pods')
    cd /Users/swan/Development/vantiq-ui-ios/Example/Pods
    write-file /Users/swan/Development/vantiq-ui-ios/Example/build/Pods.build/Debug-iphonesimulator/AppAuth.build/Objects-normal/arm64/AppAuth.LinkFileList

WriteAuxiliaryFile /Users/swan/Development/vantiq-ui-ios/Example/build/Pods.build/Debug-iphonesimulator/AppAuth.build/Objects-normal/arm64/7187679823f38a2a940e0043cdf9d637-common-args.resp (in target 'AppAuth' from project 'Pods')
    cd /Users/swan/Development/vantiq-ui-ios/Example/Pods
    write-file /Users/swan/Development/vantiq-ui-ios/Example/build/Pods.build/Debug-iphonesimulator/AppAuth.build/Objects-normal/arm64/7187679823f38a2a940e0043cdf9d637-common-args.resp
'-std=gnu11' -fmodules -gmodules '-fmodules-cache-path=/Users/swan/Library/Developer/Xcode/DerivedData/ModuleCache.noindex' '-fmodule-name=AppAuth' -fpascal-strings -O0 -fno-common '-DPOD_CONFIGURATION_DEBUG=1' '-DDEBUG=1' '-DCOCOAPODS=1' -g -iquote /Users/swan/Development/vantiq-ui-ios/Example/build/Pods.build/Debug-iphonesimulator/AppAuth.build/AppAuth-generated-files.hmap -I/Users/swan/Development/vantiq-ui-ios/Example/build/Pods.build/Debug-iphonesimulator/AppAuth.build/AppAuth-own-target-headers.hmap -I/Users/swan/Development/vantiq-ui-ios/Example/build/Pods.build/Debug-iphonesimulator/AppAuth.build/AppAuth-all-non-framework-target-headers.hmap -ivfsoverlay /Users/swan/Development/vantiq-ui-ios/Example/build/Pods.build/Debug-iphonesimulator/Pods-8699adb1dd336b26511df848a716bd42-VFS-iphonesimulator/all-product-headers.yaml -iquote /Users/swan/Development/vantiq-ui-ios/Example/build/Pods.build/Debug-iphonesimulator/AppAuth.build/AppAuth-project-headers.hmap -I/Users/swan/Development/vantiq-ui-ios/Example/build/Debug-iphonesimulator/AppAuth/include -I/Users/swan/Development/vantiq-ui-ios/Example/build/Pods.build/Debug-iphonesimulator/AppAuth.build/DerivedSources-normal/arm64 -I/Users/swan/Development/vantiq-ui-ios/Example/build/Pods.build/Debug-iphonesimulator/AppAuth.build/DerivedSources/arm64 -I/Users/swan/Development/vantiq-ui-ios/Example/build/Pods.build/Debug-iphonesimulator/AppAuth.build/DerivedSources -F/Users/swan/Development/vantiq-ui-ios/Example/build/Debug-iphonesimulator/AppAuth

CpHeader /Users/swan/Development/vantiq-ui-ios/Example/build/Debug-iphonesimulator/AppAuth/AppAuth.framework/Headers/OIDRegistrationResponse.h /Users/swan/Development/vantiq-ui-ios/Example/Pods/AppAuth/Sources/AppAuthCore/OIDRegistrationResponse.h (in target 'AppAuth' from project 'Pods')
    cd /Users/swan/Development/vantiq-ui-ios/Example/Pods
    builtin-copy -exclude .DS_Store -exclude CVS -exclude .svn -exclude .git -exclude .hg -resolve-src-symlinks /Users/swan/Development/vantiq-ui-ios/Example/Pods/AppAuth/Sources/AppAuthCore/OIDRegistrationResponse.h /Users/swan/Development/vantiq-ui-ios/Example/build/Debug-iphonesimulator/AppAuth/AppAuth.framework/Headers

CpHeader /Users/swan/Development/vantiq-ui-ios/Example/build/Debug-iphonesimulator/AppAuth/AppAuth.framework/Headers/OIDTokenResponse.h /Users/swan/Development/vantiq-ui-ios/Example/Pods/AppAuth/Sources/AppAuthCore/OIDTokenResponse.h (in target 'AppAuth' from project 'Pods')
    cd /Users/swan/Development/vantiq-ui-ios/Example/Pods
    builtin-copy -exclude .DS_Store -exclude CVS -exclude .svn -exclude .git -exclude .hg -resolve-src-symlinks /Users/swan/Development/vantiq-ui-ios/Example/Pods/AppAuth/Sources/AppAuthCore/OIDTokenResponse.h /Users/swan/Development/vantiq-ui-ios/Example/build/Debug-iphonesimulator/AppAuth/AppAuth.framework/Headers

CpHeader /Users/swan/Development/vantiq-ui-ios/Example/build/Debug-iphonesimulator/AppAuth/AppAuth.framework/Headers/OIDURLSessionProvider.h /Users/swan/Development/vantiq-ui-ios/Example/Pods/AppAuth/Sources/AppAuthCore/OIDURLSessionProvider.h (in target 'AppAuth' from project 'Pods')
    cd /Users/swan/Development/vantiq-ui-ios/Example/Pods
    builtin-copy -exclude .DS_Store -exclude CVS -exclude .svn -exclude .git -exclude .hg -resolve-src-symlinks /Users/swan/Development/vantiq-ui-ios/Example/Pods/AppAuth/Sources/AppAuthCore/OIDURLSessionProvider.h /Users/swan/Development/vantiq-ui-ios/Example/build/Debug-iphonesimulator/AppAuth/AppAuth.framework/Headers

CpHeader /Users/swan/Development/vantiq-ui-ios/Example/build/Debug-iphonesimulator/AppAuth/AppAuth.framework/Headers/OIDURLQueryComponent.h /Users/swan/Development/vantiq-ui-ios/Example/Pods/AppAuth/Sources/AppAuthCore/OIDURLQueryComponent.h (in target 'AppAuth' from project 'Pods')
    cd /Users/swan/Development/vantiq-ui-ios/Example/Pods
    builtin-copy -exclude .DS_Store -exclude CVS -exclude .svn -exclude .git -exclude .hg -resolve-src-symlinks /Users/swan/Development/vantiq-ui-ios/Example/Pods/AppAuth/Sources/AppAuthCore/OIDURLQueryComponent.h /Users/swan/Development/vantiq-ui-ios/Example/build/Debug-iphonesimulator/AppAuth/AppAuth.framework/Headers

CpHeader /Users/swan/Development/vantiq-ui-ios/Example/build/Debug-iphonesimulator/AppAuth/AppAuth.framework/Headers/OIDTokenUtilities.h /Users/swan/Development/vantiq-ui-ios/Example/Pods/AppAuth/Sources/AppAuthCore/OIDTokenUtilities.h (in target 'AppAuth' from project 'Pods')
    cd /Users/swan/Development/vantiq-ui-ios/Example/Pods
    builtin-copy -exclude .DS_Store -exclude CVS -exclude .svn -exclude .git -exclude .hg -resolve-src-symlinks /Users/swan/Development/vantiq-ui-ios/Example/Pods/AppAuth/Sources/AppAuthCore/OIDTokenUtilities.h /Users/swan/Development/vantiq-ui-ios/Example/build/Debug-iphonesimulator/AppAuth/AppAuth.framework/Headers

CpHeader /Users/swan/Development/vantiq-ui-ios/Example/build/Debug-iphonesimulator/AppAuth/AppAuth.framework/Headers/OIDTokenRequest.h /Users/swan/Development/vantiq-ui-ios/Example/Pods/AppAuth/Sources/AppAuthCore/OIDTokenRequest.h (in target 'AppAuth' from project 'Pods')
    cd /Users/swan/Development/vantiq-ui-ios/Example/Pods
    builtin-copy -exclude .DS_Store -exclude CVS -exclude .svn -exclude .git -exclude .hg -resolve-src-symlinks /Users/swan/Development/vantiq-ui-ios/Example/Pods/AppAuth/Sources/AppAuthCore/OIDTokenRequest.h /Users/swan/Development/vantiq-ui-ios/Example/build/Debug-iphonesimulator/AppAuth/AppAuth.framework/Headers

CpHeader /Users/swan/Development/vantiq-ui-ios/Example/build/Debug-iphonesimulator/AppAuth/AppAuth.framework/Headers/OIDServiceDiscovery.h /Users/swan/Development/vantiq-ui-ios/Example/Pods/AppAuth/Sources/AppAuthCore/OIDServiceDiscovery.h (in target 'AppAuth' from project 'Pods')
    cd /Users/swan/Development/vantiq-ui-ios/Example/Pods
    builtin-copy -exclude .DS_Store -exclude CVS -exclude .svn -exclude .git -exclude .hg -resolve-src-symlinks /Users/swan/Development/vantiq-ui-ios/Example/Pods/AppAuth/Sources/AppAuthCore/OIDServiceDiscovery.h /Users/swan/Development/vantiq-ui-ios/Example/build/Debug-iphonesimulator/AppAuth/AppAuth.framework/Headers

CpHeader /Users/swan/Development/vantiq-ui-ios/Example/build/Debug-iphonesimulator/AppAuth/AppAuth.framework/Headers/OIDRegistrationRequest.h /Users/swan/Development/vantiq-ui-ios/Example/Pods/AppAuth/Sources/AppAuthCore/OIDRegistrationRequest.h (in target 'AppAuth' from project 'Pods')
    cd /Users/swan/Development/vantiq-ui-ios/Example/Pods
    builtin-copy -exclude .DS_Store -exclude CVS -exclude .svn -exclude .git -exclude .hg -resolve-src-symlinks /Users/swan/Development/vantiq-ui-ios/Example/Pods/AppAuth/Sources/AppAuthCore/OIDRegistrationRequest.h /Users/swan/Development/vantiq-ui-ios/Example/build/Debug-iphonesimulator/AppAuth/AppAuth.framework/Headers

CpHeader /Users/swan/Development/vantiq-ui-ios/Example/build/Debug-iphonesimulator/AppAuth/AppAuth.framework/Headers/OIDServiceConfiguration.h /Users/swan/Development/vantiq-ui-ios/Example/Pods/AppAuth/Sources/AppAuthCore/OIDServiceConfiguration.h (in target 'AppAuth' from project 'Pods')
    cd /Users/swan/Development/vantiq-ui-ios/Example/Pods
    builtin-copy -exclude .DS_Store -exclude CVS -exclude .svn -exclude .git -exclude .hg -resolve-src-symlinks /Users/swan/Development/vantiq-ui-ios/Example/Pods/AppAuth/Sources/AppAuthCore/OIDServiceConfiguration.h /Users/swan/Development/vantiq-ui-ios/Example/build/Debug-iphonesimulator/AppAuth/AppAuth.framework/Headers

CpHeader /Users/swan/Development/vantiq-ui-ios/Example/build/Debug-iphonesimulator/AppAuth/AppAuth.framework/Headers/OIDScopes.h /Users/swan/Development/vantiq-ui-ios/Example/Pods/AppAuth/Sources/AppAuthCore/OIDScopes.h (in target 'AppAuth' from project 'Pods')
    cd /Users/swan/Development/vantiq-ui-ios/Example/Pods
    builtin-copy -exclude .DS_Store -exclude CVS -exclude .svn -exclude .git -exclude .hg -resolve-src-symlinks /Users/swan/Development/vantiq-ui-ios/Example/Pods/AppAuth/Sources/AppAuthCore/OIDScopes.h /Users/swan/Development/vantiq-ui-ios/Example/build/Debug-iphonesimulator/AppAuth/AppAuth.framework/Headers

CpHeader /Users/swan/Development/vantiq-ui-ios/Example/build/Debug-iphonesimulator/AppAuth/AppAuth.framework/Headers/OIDIDToken.h /Users/swan/Development/vantiq-ui-ios/Example/Pods/AppAuth/Sources/AppAuthCore/OIDIDToken.h (in target 'AppAuth' from project 'Pods')
    cd /Users/swan/Development/vantiq-ui-ios/Example/Pods
    builtin-copy -exclude .DS_Store -exclude CVS -exclude .svn -exclude .git -exclude .hg -resolve-src-symlinks /Users/swan/Development/vantiq-ui-ios/Example/Pods/AppAuth/Sources/AppAuthCore/OIDIDToken.h /Users/swan/Development/vantiq-ui-ios/Example/build/Debug-iphonesimulator/AppAuth/AppAuth.framework/Headers

CpHeader /Users/swan/Development/vantiq-ui-ios/Example/build/Debug-iphonesimulator/AppAuth/AppAuth.framework/Headers/OIDScopeUtilities.h /Users/swan/Development/vantiq-ui-ios/Example/Pods/AppAuth/Sources/AppAuthCore/OIDScopeUtilities.h (in target 'AppAuth' from project 'Pods')
    cd /Users/swan/Development/vantiq-ui-ios/Example/Pods
    builtin-copy -exclude .DS_Store -exclude CVS -exclude .svn -exclude .git -exclude .hg -resolve-src-symlinks /Users/swan/Development/vantiq-ui-ios/Example/Pods/AppAuth/Sources/AppAuthCore/OIDScopeUtilities.h /Users/swan/Development/vantiq-ui-ios/Example/build/Debug-iphonesimulator/AppAuth/AppAuth.framework/Headers

CpHeader /Users/swan/Development/vantiq-ui-ios/Example/build/Debug-iphonesimulator/AppAuth/AppAuth.framework/Headers/OIDResponseTypes.h /Users/swan/Development/vantiq-ui-ios/Example/Pods/AppAuth/Sources/AppAuthCore/OIDResponseTypes.h (in target 'AppAuth' from project 'Pods')
    cd /Users/swan/Development/vantiq-ui-ios/Example/Pods
    builtin-copy -exclude .DS_Store -exclude CVS -exclude .svn -exclude .git -exclude .hg -resolve-src-symlinks /Users/swan/Development/vantiq-ui-ios/Example/Pods/AppAuth/Sources/AppAuthCore/OIDResponseTypes.h /Users/swan/Development/vantiq-ui-ios/Example/build/Debug-iphonesimulator/AppAuth/AppAuth.framework/Headers

CpHeader /Users/swan/Development/vantiq-ui-ios/Example/build/Debug-iphonesimulator/AppAuth/AppAuth.framework/Headers/OIDGrantTypes.h /Users/swan/Development/vantiq-ui-ios/Example/Pods/AppAuth/Sources/AppAuthCore/OIDGrantTypes.h (in target 'AppAuth' from project 'Pods')
    cd /Users/swan/Development/vantiq-ui-ios/Example/Pods
    builtin-copy -exclude .DS_Store -exclude CVS -exclude .svn -exclude .git -exclude .hg -resolve-src-symlinks /Users/swan/Development/vantiq-ui-ios/Example/Pods/AppAuth/Sources/AppAuthCore/OIDGrantTypes.h /Users/swan/Development/vantiq-ui-ios/Example/build/Debug-iphonesimulator/AppAuth/AppAuth.framework/Headers

CpHeader /Users/swan/Development/vantiq-ui-ios/Example/build/Debug-iphonesimulator/AppAuth/AppAuth.framework/Headers/OIDFieldMapping.h /Users/swan/Development/vantiq-ui-ios/Example/Pods/AppAuth/Sources/AppAuthCore/OIDFieldMapping.h (in target 'AppAuth' from project 'Pods')
    cd /Users/swan/Development/vantiq-ui-ios/Example/Pods
    builtin-copy -exclude .DS_Store -exclude CVS -exclude .svn -exclude .git -exclude .hg -resolve-src-symlinks /Users/swan/Development/vantiq-ui-ios/Example/Pods/AppAuth/Sources/AppAuthCore/OIDFieldMapping.h /Users/swan/Development/vantiq-ui-ios/Example/build/Debug-iphonesimulator/AppAuth/AppAuth.framework/Headers

CpHeader /Users/swan/Development/vantiq-ui-ios/Example/build/Debug-iphonesimulator/AppAuth/AppAuth.framework/Headers/OIDExternalUserAgentSession.h /Users/swan/Development/vantiq-ui-ios/Example/Pods/AppAuth/Sources/AppAuthCore/OIDExternalUserAgentSession.h (in target 'AppAuth' from project 'Pods')
    cd /Users/swan/Development/vantiq-ui-ios/Example/Pods
    builtin-copy -exclude .DS_Store -exclude CVS -exclude .svn -exclude .git -exclude .hg -resolve-src-symlinks /Users/swan/Development/vantiq-ui-ios/Example/Pods/AppAuth/Sources/AppAuthCore/OIDExternalUserAgentSession.h /Users/swan/Development/vantiq-ui-ios/Example/build/Debug-iphonesimulator/AppAuth/AppAuth.framework/Headers

CpHeader /Users/swan/Development/vantiq-ui-ios/Example/build/Debug-iphonesimulator/AppAuth/AppAuth.framework/Headers/OIDExternalUserAgentRequest.h /Users/swan/Development/vantiq-ui-ios/Example/Pods/AppAuth/Sources/AppAuthCore/OIDExternalUserAgentRequest.h (in target 'AppAuth' from project 'Pods')
    cd /Users/swan/Development/vantiq-ui-ios/Example/Pods
    builtin-copy -exclude .DS_Store -exclude CVS -exclude .svn -exclude .git -exclude .hg -resolve-src-symlinks /Users/swan/Development/vantiq-ui-ios/Example/Pods/AppAuth/Sources/AppAuthCore/OIDExternalUserAgentRequest.h /Users/swan/Development/vantiq-ui-ios/Example/build/Debug-iphonesimulator/AppAuth/AppAuth.framework/Headers

CpHeader /Users/swan/Development/vantiq-ui-ios/Example/build/Debug-iphonesimulator/AppAuth/AppAuth.framework/Headers/OIDExternalUserAgentIOSCustomBrowser.h /Users/swan/Development/vantiq-ui-ios/Example/Pods/AppAuth/Sources/AppAuth/iOS/OIDExternalUserAgentIOSCustomBrowser.h (in target 'AppAuth' from project 'Pods')
    cd /Users/swan/Development/vantiq-ui-ios/Example/Pods
    builtin-copy -exclude .DS_Store -exclude CVS -exclude .svn -exclude .git -exclude .hg -resolve-src-symlinks /Users/swan/Development/vantiq-ui-ios/Example/Pods/AppAuth/Sources/AppAuth/iOS/OIDExternalUserAgentIOSCustomBrowser.h /Users/swan/Development/vantiq-ui-ios/Example/build/Debug-iphonesimulator/AppAuth/AppAuth.framework/Headers

CpHeader /Users/swan/Development/vantiq-ui-ios/Example/build/Debug-iphonesimulator/AppAuth/AppAuth.framework/Headers/OIDExternalUserAgentIOS.h /Users/swan/Development/vantiq-ui-ios/Example/Pods/AppAuth/Sources/AppAuth/iOS/OIDExternalUserAgentIOS.h (in target 'AppAuth' from project 'Pods')
    cd /Users/swan/Development/vantiq-ui-ios/Example/Pods
    builtin-copy -exclude .DS_Store -exclude CVS -exclude .svn -exclude .git -exclude .hg -resolve-src-symlinks /Users/swan/Development/vantiq-ui-ios/Example/Pods/AppAuth/Sources/AppAuth/iOS/OIDExternalUserAgentIOS.h /Users/swan/Development/vantiq-ui-ios/Example/build/Debug-iphonesimulator/AppAuth/AppAuth.framework/Headers

CpHeader /Users/swan/Development/vantiq-ui-ios/Example/build/Debug-iphonesimulator/AppAuth/AppAuth.framework/Headers/OIDExternalUserAgentCatalyst.h /Users/swan/Development/vantiq-ui-ios/Example/Pods/AppAuth/Sources/AppAuth/iOS/OIDExternalUserAgentCatalyst.h (in target 'AppAuth' from project 'Pods')
    cd /Users/swan/Development/vantiq-ui-ios/Example/Pods
    builtin-copy -exclude .DS_Store -exclude CVS -exclude .svn -exclude .git -exclude .hg -resolve-src-symlinks /Users/swan/Development/vantiq-ui-ios/Example/Pods/AppAuth/Sources/AppAuth/iOS/OIDExternalUserAgentCatalyst.h /Users/swan/Development/vantiq-ui-ios/Example/build/Debug-iphonesimulator/AppAuth/AppAuth.framework/Headers

CpHeader /Users/swan/Development/vantiq-ui-ios/Example/build/Debug-iphonesimulator/AppAuth/AppAuth.framework/Headers/OIDExternalUserAgent.h /Users/swan/Development/vantiq-ui-ios/Example/Pods/AppAuth/Sources/AppAuthCore/OIDExternalUserAgent.h (in target 'AppAuth' from project 'Pods')
    cd /Users/swan/Development/vantiq-ui-ios/Example/Pods
    builtin-copy -exclude .DS_Store -exclude CVS -exclude .svn -exclude .git -exclude .hg -resolve-src-symlinks /Users/swan/Development/vantiq-ui-ios/Example/Pods/AppAuth/Sources/AppAuthCore/OIDExternalUserAgent.h /Users/swan/Development/vantiq-ui-ios/Example/build/Debug-iphonesimulator/AppAuth/AppAuth.framework/Headers

CpHeader /Users/swan/Development/vantiq-ui-ios/Example/build/Debug-iphonesimulator/AppAuth/AppAuth.framework/Headers/OIDErrorUtilities.h /Users/swan/Development/vantiq-ui-ios/Example/Pods/AppAuth/Sources/AppAuthCore/OIDErrorUtilities.h (in target 'AppAuth' from project 'Pods')
    cd /Users/swan/Development/vantiq-ui-ios/Example/Pods
    builtin-copy -exclude .DS_Store -exclude CVS -exclude .svn -exclude .git -exclude .hg -resolve-src-symlinks /Users/swan/Development/vantiq-ui-ios/Example/Pods/AppAuth/Sources/AppAuthCore/OIDErrorUtilities.h /Users/swan/Development/vantiq-ui-ios/Example/build/Debug-iphonesimulator/AppAuth/AppAuth.framework/Headers

CpHeader /Users/swan/Development/vantiq-ui-ios/Example/build/Debug-iphonesimulator/AppAuth/AppAuth.framework/Headers/OIDError.h /Users/swan/Development/vantiq-ui-ios/Example/Pods/AppAuth/Sources/AppAuthCore/OIDError.h (in target 'AppAuth' from project 'Pods')
    cd /Users/swan/Development/vantiq-ui-ios/Example/Pods
    builtin-copy -exclude .DS_Store -exclude CVS -exclude .svn -exclude .git -exclude .hg -resolve-src-symlinks /Users/swan/Development/vantiq-ui-ios/Example/Pods/AppAuth/Sources/AppAuthCore/OIDError.h /Users/swan/Development/vantiq-ui-ios/Example/build/Debug-iphonesimulator/AppAuth/AppAuth.framework/Headers

CpHeader /Users/swan/Development/vantiq-ui-ios/Example/build/Debug-iphonesimulator/AppAuth/AppAuth.framework/Headers/OIDEndSessionResponse.h /Users/swan/Development/vantiq-ui-ios/Example/Pods/AppAuth/Sources/AppAuthCore/OIDEndSessionResponse.h (in target 'AppAuth' from project 'Pods')
    cd /Users/swan/Development/vantiq-ui-ios/Example/Pods
    builtin-copy -exclude .DS_Store -exclude CVS -exclude .svn -exclude .git -exclude .hg -resolve-src-symlinks /Users/swan/Development/vantiq-ui-ios/Example/Pods/AppAuth/Sources/AppAuthCore/OIDEndSessionResponse.h /Users/swan/Development/vantiq-ui-ios/Example/build/Debug-iphonesimulator/AppAuth/AppAuth.framework/Headers

CpHeader /Users/swan/Development/vantiq-ui-ios/Example/build/Debug-iphonesimulator/AppAuth/AppAuth.framework/Headers/OIDEndSessionRequest.h /Users/swan/Development/vantiq-ui-ios/Example/Pods/AppAuth/Sources/AppAuthCore/OIDEndSessionRequest.h (in target 'AppAuth' from project 'Pods')
    cd /Users/swan/Development/vantiq-ui-ios/Example/Pods
    builtin-copy -exclude .DS_Store -exclude CVS -exclude .svn -exclude .git -exclude .hg -resolve-src-symlinks /Users/swan/Development/vantiq-ui-ios/Example/Pods/AppAuth/Sources/AppAuthCore/OIDEndSessionRequest.h /Users/swan/Development/vantiq-ui-ios/Example/build/Debug-iphonesimulator/AppAuth/AppAuth.framework/Headers

CpHeader /Users/swan/Development/vantiq-ui-ios/Example/build/Debug-iphonesimulator/AppAuth/AppAuth.framework/Headers/OIDDefines.h /Users/swan/Development/vantiq-ui-ios/Example/Pods/AppAuth/Sources/AppAuthCore/OIDDefines.h (in target 'AppAuth' from project 'Pods')
    cd /Users/swan/Development/vantiq-ui-ios/Example/Pods
    builtin-copy -exclude .DS_Store -exclude CVS -exclude .svn -exclude .git -exclude .hg -resolve-src-symlinks /Users/swan/Development/vantiq-ui-ios/Example/Pods/AppAuth/Sources/AppAuthCore/OIDDefines.h /Users/swan/Development/vantiq-ui-ios/Example/build/Debug-iphonesimulator/AppAuth/AppAuth.framework/Headers

CpHeader /Users/swan/Development/vantiq-ui-ios/Example/build/Debug-iphonesimulator/AppAuth/AppAuth.framework/Headers/OIDClientMetadataParameters.h /Users/swan/Development/vantiq-ui-ios/Example/Pods/AppAuth/Sources/AppAuthCore/OIDClientMetadataParameters.h (in target 'AppAuth' from project 'Pods')
    cd /Users/swan/Development/vantiq-ui-ios/Example/Pods
    builtin-copy -exclude .DS_Store -exclude CVS -exclude .svn -exclude .git -exclude .hg -resolve-src-symlinks /Users/swan/Development/vantiq-ui-ios/Example/Pods/AppAuth/Sources/AppAuthCore/OIDClientMetadataParameters.h /Users/swan/Development/vantiq-ui-ios/Example/build/Debug-iphonesimulator/AppAuth/AppAuth.framework/Headers

CpHeader /Users/swan/Development/vantiq-ui-ios/Example/build/Debug-iphonesimulator/AppAuth/AppAuth.framework/Headers/OIDAuthorizationService.h /Users/swan/Development/vantiq-ui-ios/Example/Pods/AppAuth/Sources/AppAuthCore/OIDAuthorizationService.h (in target 'AppAuth' from project 'Pods')
    cd /Users/swan/Development/vantiq-ui-ios/Example/Pods
    builtin-copy -exclude .DS_Store -exclude CVS -exclude .svn -exclude .git -exclude .hg -resolve-src-symlinks /Users/swan/Development/vantiq-ui-ios/Example/Pods/AppAuth/Sources/AppAuthCore/OIDAuthorizationService.h /Users/swan/Development/vantiq-ui-ios/Example/build/Debug-iphonesimulator/AppAuth/AppAuth.framework/Headers

CpHeader /Users/swan/Development/vantiq-ui-ios/Example/build/Debug-iphonesimulator/AppAuth/AppAuth.framework/Headers/OIDAuthorizationService+IOS.h /Users/swan/Development/vantiq-ui-ios/Example/Pods/AppAuth/Sources/AppAuth/iOS/OIDAuthorizationService+IOS.h (in target 'AppAuth' from project 'Pods')
    cd /Users/swan/Development/vantiq-ui-ios/Example/Pods
    builtin-copy -exclude .DS_Store -exclude CVS -exclude .svn -exclude .git -exclude .hg -resolve-src-symlinks /Users/swan/Development/vantiq-ui-ios/Example/Pods/AppAuth/Sources/AppAuth/iOS/OIDAuthorizationService+IOS.h /Users/swan/Development/vantiq-ui-ios/Example/build/Debug-iphonesimulator/AppAuth/AppAuth.framework/Headers

CpHeader /Users/swan/Development/vantiq-ui-ios/Example/build/Debug-iphonesimulator/AppAuth/AppAuth.framework/Headers/OIDAuthorizationResponse.h /Users/swan/Development/vantiq-ui-ios/Example/Pods/AppAuth/Sources/AppAuthCore/OIDAuthorizationResponse.h (in target 'AppAuth' from project 'Pods')
    cd /Users/swan/Development/vantiq-ui-ios/Example/Pods
    builtin-copy -exclude .DS_Store -exclude CVS -exclude .svn -exclude .git -exclude .hg -resolve-src-symlinks /Users/swan/Development/vantiq-ui-ios/Example/Pods/AppAuth/Sources/AppAuthCore/OIDAuthorizationResponse.h /Users/swan/Development/vantiq-ui-ios/Example/build/Debug-iphonesimulator/AppAuth/AppAuth.framework/Headers

CpHeader /Users/swan/Development/vantiq-ui-ios/Example/build/Debug-iphonesimulator/AppAuth/AppAuth.framework/Headers/OIDAuthorizationRequest.h /Users/swan/Development/vantiq-ui-ios/Example/Pods/AppAuth/Sources/AppAuthCore/OIDAuthorizationRequest.h (in target 'AppAuth' from project 'Pods')
    cd /Users/swan/Development/vantiq-ui-ios/Example/Pods
    builtin-copy -exclude .DS_Store -exclude CVS -exclude .svn -exclude .git -exclude .hg -resolve-src-symlinks /Users/swan/Development/vantiq-ui-ios/Example/Pods/AppAuth/Sources/AppAuthCore/OIDAuthorizationRequest.h /Users/swan/Development/vantiq-ui-ios/Example/build/Debug-iphonesimulator/AppAuth/AppAuth.framework/Headers

CpHeader /Users/swan/Development/vantiq-ui-ios/Example/build/Debug-iphonesimulator/AppAuth/AppAuth.framework/Headers/OIDAuthStateErrorDelegate.h /Users/swan/Development/vantiq-ui-ios/Example/Pods/AppAuth/Sources/AppAuthCore/OIDAuthStateErrorDelegate.h (in target 'AppAuth' from project 'Pods')
    cd /Users/swan/Development/vantiq-ui-ios/Example/Pods
    builtin-copy -exclude .DS_Store -exclude CVS -exclude .svn -exclude .git -exclude .hg -resolve-src-symlinks /Users/swan/Development/vantiq-ui-ios/Example/Pods/AppAuth/Sources/AppAuthCore/OIDAuthStateErrorDelegate.h /Users/swan/Development/vantiq-ui-ios/Example/build/Debug-iphonesimulator/AppAuth/AppAuth.framework/Headers

CpHeader /Users/swan/Development/vantiq-ui-ios/Example/build/Debug-iphonesimulator/AppAuth/AppAuth.framework/Headers/OIDAuthStateChangeDelegate.h /Users/swan/Development/vantiq-ui-ios/Example/Pods/AppAuth/Sources/AppAuthCore/OIDAuthStateChangeDelegate.h (in target 'AppAuth' from project 'Pods')
    cd /Users/swan/Development/vantiq-ui-ios/Example/Pods
    builtin-copy -exclude .DS_Store -exclude CVS -exclude .svn -exclude .git -exclude .hg -resolve-src-symlinks /Users/swan/Development/vantiq-ui-ios/Example/Pods/AppAuth/Sources/AppAuthCore/OIDAuthStateChangeDelegate.h /Users/swan/Development/vantiq-ui-ios/Example/build/Debug-iphonesimulator/AppAuth/AppAuth.framework/Headers

CpHeader /Users/swan/Development/vantiq-ui-ios/Example/build/Debug-iphonesimulator/AppAuth/AppAuth.framework/Headers/OIDAuthState.h /Users/swan/Development/vantiq-ui-ios/Example/Pods/AppAuth/Sources/AppAuthCore/OIDAuthState.h (in target 'AppAuth' from project 'Pods')
    cd /Users/swan/Development/vantiq-ui-ios/Example/Pods
    builtin-copy -exclude .DS_Store -exclude CVS -exclude .svn -exclude .git -exclude .hg -resolve-src-symlinks /Users/swan/Development/vantiq-ui-ios/Example/Pods/AppAuth/Sources/AppAuthCore/OIDAuthState.h /Users/swan/Development/vantiq-ui-ios/Example/build/Debug-iphonesimulator/AppAuth/AppAuth.framework/Headers

CpHeader /Users/swan/Development/vantiq-ui-ios/Example/build/Debug-iphonesimulator/AppAuth/AppAuth.framework/Headers/OIDAuthState+IOS.h /Users/swan/Development/vantiq-ui-ios/Example/Pods/AppAuth/Sources/AppAuth/iOS/OIDAuthState+IOS.h (in target 'AppAuth' from project 'Pods')
    cd /Users/swan/Development/vantiq-ui-ios/Example/Pods
    builtin-copy -exclude .DS_Store -exclude CVS -exclude .svn -exclude .git -exclude .hg -resolve-src-symlinks /Users/swan/Development/vantiq-ui-ios/Example/Pods/AppAuth/Sources/AppAuth/iOS/OIDAuthState+IOS.h /Users/swan/Development/vantiq-ui-ios/Example/build/Debug-iphonesimulator/AppAuth/AppAuth.framework/Headers

CpHeader /Users/swan/Development/vantiq-ui-ios/Example/build/Debug-iphonesimulator/AppAuth/AppAuth.framework/Headers/AppAuthCore.h /Users/swan/Development/vantiq-ui-ios/Example/Pods/AppAuth/Sources/AppAuthCore.h (in target 'AppAuth' from project 'Pods')
    cd /Users/swan/Development/vantiq-ui-ios/Example/Pods
    builtin-copy -exclude .DS_Store -exclude CVS -exclude .svn -exclude .git -exclude .hg -resolve-src-symlinks /Users/swan/Development/vantiq-ui-ios/Example/Pods/AppAuth/Sources/AppAuthCore.h /Users/swan/Development/vantiq-ui-ios/Example/build/Debug-iphonesimulator/AppAuth/AppAuth.framework/Headers

CpHeader /Users/swan/Development/vantiq-ui-ios/Example/build/Debug-iphonesimulator/AppAuth/AppAuth.framework/Headers/AppAuth.h /Users/swan/Development/vantiq-ui-ios/Example/Pods/AppAuth/Sources/AppAuth.h (in target 'AppAuth' from project 'Pods')
    cd /Users/swan/Development/vantiq-ui-ios/Example/Pods
    builtin-copy -exclude .DS_Store -exclude CVS -exclude .svn -exclude .git -exclude .hg -resolve-src-symlinks /Users/swan/Development/vantiq-ui-ios/Example/Pods/AppAuth/Sources/AppAuth.h /Users/swan/Development/vantiq-ui-ios/Example/build/Debug-iphonesimulator/AppAuth/AppAuth.framework/Headers

CpHeader /Users/swan/Development/vantiq-ui-ios/Example/build/Debug-iphonesimulator/AppAuth/AppAuth.framework/Headers/AppAuth-umbrella.h /Users/swan/Development/vantiq-ui-ios/Example/Pods/Target\ Support\ Files/AppAuth/AppAuth-umbrella.h (in target 'AppAuth' from project 'Pods')
    cd /Users/swan/Development/vantiq-ui-ios/Example/Pods
    builtin-copy -exclude .DS_Store -exclude CVS -exclude .svn -exclude .git -exclude .hg -resolve-src-symlinks /Users/swan/Development/vantiq-ui-ios/Example/Pods/Target\ Support\ Files/AppAuth/AppAuth-umbrella.h /Users/swan/Development/vantiq-ui-ios/Example/build/Debug-iphonesimulator/AppAuth/AppAuth.framework/Headers

Copy /Users/swan/Development/vantiq-ui-ios/Example/build/Pods.build/Debug-iphonesimulator/AppAuth.build/module.modulemap /Users/swan/Development/vantiq-ui-ios/Example/Pods/Target\ Support\ Files/AppAuth/AppAuth.modulemap (in target 'AppAuth' from project 'Pods')
    cd /Users/swan/Development/vantiq-ui-ios/Example/Pods
    builtin-copy -exclude .DS_Store -exclude CVS -exclude .svn -exclude .git -exclude .hg -resolve-src-symlinks -rename /Users/swan/Development/vantiq-ui-ios/Example/Pods/Target\ Support\ Files/AppAuth/AppAuth.modulemap /Users/swan/Development/vantiq-ui-ios/Example/build/Pods.build/Debug-iphonesimulator/AppAuth.build/module.modulemap

MkDir /Users/swan/Development/vantiq-ui-ios/Example/build/Debug-iphonesimulator/vantiq-sdk-ios/vantiq_sdk_ios.framework/Headers (in target 'vantiq-sdk-ios' from project 'Pods')
    cd /Users/swan/Development/vantiq-ui-ios/Example/Pods
    /bin/mkdir -p /Users/swan/Development/vantiq-ui-ios/Example/build/Debug-iphonesimulator/vantiq-sdk-ios/vantiq_sdk_ios.framework/Headers

MkDir /Users/swan/Development/vantiq-ui-ios/Example/build/Debug-iphonesimulator/vantiq-sdk-ios/vantiq_sdk_ios.framework (in target 'vantiq-sdk-ios' from project 'Pods')
    cd /Users/swan/Development/vantiq-ui-ios/Example/Pods
    /bin/mkdir -p /Users/swan/Development/vantiq-ui-ios/Example/build/Debug-iphonesimulator/vantiq-sdk-ios/vantiq_sdk_ios.framework

MkDir /Users/swan/Development/vantiq-ui-ios/Example/build/Debug-iphonesimulator/JWT/JWT.framework/Headers (in target 'JWT' from project 'Pods')
    cd /Users/swan/Development/vantiq-ui-ios/Example/Pods
    /bin/mkdir -p /Users/swan/Development/vantiq-ui-ios/Example/build/Debug-iphonesimulator/JWT/JWT.framework/Headers

MkDir /Users/swan/Development/vantiq-ui-ios/Example/build/Debug-iphonesimulator/JWT/JWT.framework (in target 'JWT' from project 'Pods')
    cd /Users/swan/Development/vantiq-ui-ios/Example/Pods
    /bin/mkdir -p /Users/swan/Development/vantiq-ui-ios/Example/build/Debug-iphonesimulator/JWT/JWT.framework

MkDir /Users/swan/Development/vantiq-ui-ios/Example/build/Debug-iphonesimulator/Base64/Base64.framework/Headers (in target 'Base64' from project 'Pods')
    cd /Users/swan/Development/vantiq-ui-ios/Example/Pods
    /bin/mkdir -p /Users/swan/Development/vantiq-ui-ios/Example/build/Debug-iphonesimulator/Base64/Base64.framework/Headers

MkDir /Users/swan/Development/vantiq-ui-ios/Example/build/Debug-iphonesimulator/Base64/Base64.framework (in target 'Base64' from project 'Pods')
    cd /Users/swan/Development/vantiq-ui-ios/Example/Pods
    /bin/mkdir -p /Users/swan/Development/vantiq-ui-ios/Example/build/Debug-iphonesimulator/Base64/Base64.framework

MkDir /Users/swan/Development/vantiq-ui-ios/Example/build/Debug-iphonesimulator/AppAuth/AppAuthCore_Privacy.bundle (in target 'AppAuth-AppAuthCore_Privacy' from project 'Pods')
    cd /Users/swan/Development/vantiq-ui-ios/Example/Pods
    /bin/mkdir -p /Users/swan/Development/vantiq-ui-ios/Example/build/Debug-iphonesimulator/AppAuth/AppAuthCore_Privacy.bundle

MkDir /Users/swan/Development/vantiq-ui-ios/Example/build/Debug-iphonesimulator/AppAuth/AppAuth.framework/Headers (in target 'AppAuth' from project 'Pods')
    cd /Users/swan/Development/vantiq-ui-ios/Example/Pods
    /bin/mkdir -p /Users/swan/Development/vantiq-ui-ios/Example/build/Debug-iphonesimulator/AppAuth/AppAuth.framework/Headers

MkDir /Users/swan/Development/vantiq-ui-ios/Example/build/Debug-iphonesimulator/AppAuth/AppAuth.framework (in target 'AppAuth' from project 'Pods')
    cd /Users/swan/Development/vantiq-ui-ios/Example/Pods
    /bin/mkdir -p /Users/swan/Development/vantiq-ui-ios/Example/build/Debug-iphonesimulator/AppAuth/AppAuth.framework

Copy /Users/swan/Development/vantiq-ui-ios/Example/build/Debug-iphonesimulator/AppAuth/AppAuth.framework/Modules/module.modulemap /Users/swan/Development/vantiq-ui-ios/Example/build/Pods.build/Debug-iphonesimulator/AppAuth.build/module.modulemap (in target 'AppAuth' from project 'Pods')
    cd /Users/swan/Development/vantiq-ui-ios/Example/Pods
    builtin-copy -exclude .DS_Store -exclude CVS -exclude .svn -exclude .git -exclude .hg -resolve-src-symlinks /Users/swan/Development/vantiq-ui-ios/Example/build/Pods.build/Debug-iphonesimulator/AppAuth.build/module.modulemap /Users/swan/Development/vantiq-ui-ios/Example/build/Debug-iphonesimulator/AppAuth/AppAuth.framework/Modules

ProcessInfoPlistFile /Users/swan/Development/vantiq-ui-ios/Example/build/Debug-iphonesimulator/vantiq-sdk-ios/vantiq_sdk_ios.framework/Info.plist /Users/swan/Development/vantiq-ui-ios/Example/Pods/Target\ Support\ Files/vantiq-sdk-ios/vantiq-sdk-ios-Info.plist (in target 'vantiq-sdk-ios' from project 'Pods')
    cd /Users/swan/Development/vantiq-ui-ios/Example/Pods
    builtin-infoPlistUtility /Users/swan/Development/vantiq-ui-ios/Example/Pods/Target\ Support\ Files/vantiq-sdk-ios/vantiq-sdk-ios-Info.plist -producttype com.apple.product-type.framework -expandbuildsettings -format binary -platform iphonesimulator -o /Users/swan/Development/vantiq-ui-ios/Example/build/Debug-iphonesimulator/vantiq-sdk-ios/vantiq_sdk_ios.framework/Info.plist

ProcessInfoPlistFile /Users/swan/Development/vantiq-ui-ios/Example/build/Debug-iphonesimulator/Base64/Base64.framework/Info.plist /Users/swan/Development/vantiq-ui-ios/Example/Pods/Target\ Support\ Files/Base64/Base64-Info.plist (in target 'Base64' from project 'Pods')
    cd /Users/swan/Development/vantiq-ui-ios/Example/Pods
    builtin-infoPlistUtility /Users/swan/Development/vantiq-ui-ios/Example/Pods/Target\ Support\ Files/Base64/Base64-Info.plist -producttype com.apple.product-type.framework -expandbuildsettings -format binary -platform iphonesimulator -o /Users/swan/Development/vantiq-ui-ios/Example/build/Debug-iphonesimulator/Base64/Base64.framework/Info.plist

ProcessInfoPlistFile /Users/swan/Development/vantiq-ui-ios/Example/build/Debug-iphonesimulator/AppAuth/AppAuthCore_Privacy.bundle/Info.plist /Users/swan/Development/vantiq-ui-ios/Example/Pods/Target\ Support\ Files/AppAuth/ResourceBundle-AppAuthCore_Privacy-AppAuth-Info.plist (in target 'AppAuth-AppAuthCore_Privacy' from project 'Pods')
    cd /Users/swan/Development/vantiq-ui-ios/Example/Pods
    builtin-infoPlistUtility /Users/swan/Development/vantiq-ui-ios/Example/Pods/Target\ Support\ Files/AppAuth/ResourceBundle-AppAuthCore_Privacy-AppAuth-Info.plist -producttype com.apple.product-type.bundle -expandbuildsettings -format binary -platform iphonesimulator -o /Users/swan/Development/vantiq-ui-ios/Example/build/Debug-iphonesimulator/AppAuth/AppAuthCore_Privacy.bundle/Info.plist

CpResource /Users/swan/Development/vantiq-ui-ios/Example/build/Debug-iphonesimulator/AppAuth/AppAuthCore_Privacy.bundle/PrivacyInfo.xcprivacy /Users/swan/Development/vantiq-ui-ios/Example/Pods/AppAuth/Sources/AppAuthCore/Resources/PrivacyInfo.xcprivacy (in target 'AppAuth-AppAuthCore_Privacy' from project 'Pods')
    cd /Users/swan/Development/vantiq-ui-ios/Example/Pods
    builtin-copy -exclude .DS_Store -exclude CVS -exclude .svn -exclude .git -exclude .hg -resolve-src-symlinks /Users/swan/Development/vantiq-ui-ios/Example/Pods/AppAuth/Sources/AppAuthCore/Resources/PrivacyInfo.xcprivacy /Users/swan/Development/vantiq-ui-ios/Example/build/Debug-iphonesimulator/AppAuth/AppAuthCore_Privacy.bundle

ProcessProductPackaging /Users/swan/Development/vantiq-ui-ios/Example/vantiq-ui-ios_Example.entitlements /Users/swan/Development/vantiq-ui-ios/Example/build/vantiq-ui-ios.build/Debug-iphonesimulator/vantiq-ui-ios_Example.build/vantiq-ui-ios_Example.app.xcent (in target 'vantiq-ui-ios_Example' from project 'vantiq-ui-ios')
    cd /Users/swan/Development/vantiq-ui-ios/Example
    
    Entitlements:
    
    {
}
    
    builtin-productPackagingUtility /Users/swan/Development/vantiq-ui-ios/Example/vantiq-ui-ios_Example.entitlements -entitlements -format xml -o /Users/swan/Development/vantiq-ui-ios/Example/build/vantiq-ui-ios.build/Debug-iphonesimulator/vantiq-ui-ios_Example.build/vantiq-ui-ios_Example.app.xcent

ProcessProductPackaging /Users/swan/Development/vantiq-ui-ios/Example/vantiq-ui-ios_Example.entitlements /Users/swan/Development/vantiq-ui-ios/Example/build/vantiq-ui-ios.build/Debug-iphonesimulator/vantiq-ui-ios_Example.build/vantiq-ui-ios_Example.app-Simulated.xcent (in target 'vantiq-ui-ios_Example' from project 'vantiq-ui-ios')
    cd /Users/swan/Development/vantiq-ui-ios/Example
    
    Entitlements:
    
    {
    "application-identifier" = "7ZQYP2MG97.com.vantiq.uiexample";
    "aps-environment" = development;
}
    
    builtin-productPackagingUtility /Users/swan/Development/vantiq-ui-ios/Example/vantiq-ui-ios_Example.entitlements -entitlements -format xml -o /Users/swan/Development/vantiq-ui-ios/Example/build/vantiq-ui-ios.build/Debug-iphonesimulator/vantiq-ui-ios_Example.build/vantiq-ui-ios_Example.app-Simulated.xcent

ProcessProductPackagingDER /Users/swan/Development/vantiq-ui-ios/Example/build/vantiq-ui-ios.build/Debug-iphonesimulator/vantiq-ui-ios_Example.build/vantiq-ui-ios_Example.app.xcent /Users/swan/Development/vantiq-ui-ios/Example/build/vantiq-ui-ios.build/Debug-iphonesimulator/vantiq-ui-ios_Example.build/vantiq-ui-ios_Example.app.xcent.der (in target 'vantiq-ui-ios_Example' from project 'vantiq-ui-ios')
    cd /Users/swan/Development/vantiq-ui-ios/Example
    /usr/bin/derq query -f xml -i /Users/swan/Development/vantiq-ui-ios/Example/build/vantiq-ui-ios.build/Debug-iphonesimulator/vantiq-ui-ios_Example.build/vantiq-ui-ios_Example.app.xcent -o /Users/swan/Development/vantiq-ui-ios/Example/build/vantiq-ui-ios.build/Debug-iphonesimulator/vantiq-ui-ios_Example.build/vantiq-ui-ios_Example.app.xcent.der --raw

ProcessProductPackagingDER /Users/swan/Development/vantiq-ui-ios/Example/build/vantiq-ui-ios.build/Debug-iphonesimulator/vantiq-ui-ios_Example.build/vantiq-ui-ios_Example.app-Simulated.xcent /Users/swan/Development/vantiq-ui-ios/Example/build/vantiq-ui-ios.build/Debug-iphonesimulator/vantiq-ui-ios_Example.build/vantiq-ui-ios_Example.app-Simulated.xcent.der (in target 'vantiq-ui-ios_Example' from project 'vantiq-ui-ios')
    cd /Users/swan/Development/vantiq-ui-ios/Example
    /usr/bin/derq query -f xml -i /Users/swan/Development/vantiq-ui-ios/Example/build/vantiq-ui-ios.build/Debug-iphonesimulator/vantiq-ui-ios_Example.build/vantiq-ui-ios_Example.app-Simulated.xcent -o /Users/swan/Development/vantiq-ui-ios/Example/build/vantiq-ui-ios.build/Debug-iphonesimulator/vantiq-ui-ios_Example.build/vantiq-ui-ios_Example.app-Simulated.xcent.der --raw

RegisterExecutionPolicyException /Users/swan/Development/vantiq-ui-ios/Example/build/Debug-iphonesimulator/AppAuth/AppAuthCore_Privacy.bundle (in target 'AppAuth-AppAuthCore_Privacy' from project 'Pods')
    cd /Users/swan/Development/vantiq-ui-ios/Example/Pods
    builtin-RegisterExecutionPolicyException /Users/swan/Development/vantiq-ui-ios/Example/build/Debug-iphonesimulator/AppAuth/AppAuthCore_Privacy.bundle

Touch /Users/swan/Development/vantiq-ui-ios/Example/build/Debug-iphonesimulator/AppAuth/AppAuthCore_Privacy.bundle (in target 'AppAuth-AppAuthCore_Privacy' from project 'Pods')
    cd /Users/swan/Development/vantiq-ui-ios/Example/Pods
    /usr/bin/touch -c /Users/swan/Development/vantiq-ui-ios/Example/build/Debug-iphonesimulator/AppAuth/AppAuthCore_Privacy.bundle

ProcessInfoPlistFile /Users/swan/Development/vantiq-ui-ios/Example/build/Debug-iphonesimulator/AppAuth/AppAuth.framework/Info.plist /Users/swan/Development/vantiq-ui-ios/Example/Pods/Target\ Support\ Files/AppAuth/AppAuth-Info.plist (in target 'AppAuth' from project 'Pods')
    cd /Users/swan/Development/vantiq-ui-ios/Example/Pods
    builtin-infoPlistUtility /Users/swan/Development/vantiq-ui-ios/Example/Pods/Target\ Support\ Files/AppAuth/AppAuth-Info.plist -producttype com.apple.product-type.framework -expandbuildsettings -format binary -platform iphonesimulator -o /Users/swan/Development/vantiq-ui-ios/Example/build/Debug-iphonesimulator/AppAuth/AppAuth.framework/Info.plist

CpResource /Users/swan/Development/vantiq-ui-ios/Example/build/Debug-iphonesimulator/AppAuth/AppAuth.framework/AppAuthCore_Privacy.bundle /Users/swan/Development/vantiq-ui-ios/Example/build/Debug-iphonesimulator/AppAuth/AppAuthCore_Privacy.bundle (in target 'AppAuth' from project 'Pods')
    cd /Users/swan/Development/vantiq-ui-ios/Example/Pods
    builtin-copy -exclude .DS_Store -exclude CVS -exclude .svn -exclude .git -exclude .hg -resolve-src-symlinks /Users/swan/Development/vantiq-ui-ios/Example/build/Debug-iphonesimulator/AppAuth/AppAuthCore_Privacy.bundle /Users/swan/Development/vantiq-ui-ios/Example/build/Debug-iphonesimulator/AppAuth/AppAuth.framework

ScanDependencies /Users/swan/Development/vantiq-ui-ios/Example/build/Pods.build/Debug-iphonesimulator/vantiq-ui-ios.build/Objects-normal/arm64/WebViewController.o /Users/swan/Development/vantiq-ui-ios/vantiq-ui-ios/Classes/WebViewController.m normal arm64 objective-c com.apple.compilers.llvm.clang.1_0.compiler (in target 'vantiq-ui-ios' from project 'Pods')
    cd /Users/swan/Development/vantiq-ui-ios/Example/Pods
    
    Using response file: /Users/swan/Development/vantiq-ui-ios/Example/build/Pods.build/Debug-iphonesimulator/vantiq-ui-ios.build/Objects-normal/arm64/e6072d4f65d7061329687fe24e3d63a7-common-args.resp
    
    builtin-ScanDependencies -o /Users/swan/Development/vantiq-ui-ios/Example/build/Pods.build/Debug-iphonesimulator/vantiq-ui-ios.build/Objects-normal/arm64/WebViewController.o.scan -- /Applications/Xcode.app/Contents/Developer/Toolchains/XcodeDefault.xctoolchain/usr/bin/clang -x objective-c -ivfsstatcache /Users/swan/Library/Developer/Xcode/DerivedData/SDKStatCaches.noindex/iphonesimulator26.4-23E237-686eebb5dc1d8ecb277353a59184f4aa.sdkstatcache -target arm64-apple-ios12.0-simulator -fmessage-length\=0 -fdiagnostics-show-note-include-stack -fmacro-backtrace-limit\=0 -fno-color-diagnostics -fmodules-prune-interval\=86400 -fmodules-prune-after\=345600 -fbuild-session-file\=/Users/swan/Library/Developer/Xcode/DerivedData/ModuleCache.noindex/Session.modulevalidation -fmodules-validate-once-per-build-session -Wnon-modular-include-in-framework-module -Werror\=non-modular-include-in-framework-module -Wno-trigraphs -Wno-missing-field-initializers -Wno-missing-prototypes -Werror\=return-type -Wdocumentation -Wunreachable-code -Wno-implicit-atomic-properties -Werror\=deprecated-objc-isa-usage -Wno-objc-interface-ivars -Werror\=objc-root-class -Wno-arc-repeated-use-of-weak -Wimplicit-retain-self -Wduplicate-method-match -Wno-missing-braces -Wparentheses -Wswitch -Wunused-function -Wno-unused-label -Wno-unused-parameter -Wunused-variable -Wunused-value -Wempty-body -Wuninitialized -Wconditional-uninitialized -Wno-unknown-pragmas -Wno-shadow -Wno-four-char-constants -Wno-conversion -Wconstant-conversion -Wint-conversion -Wbool-conversion -Wenum-conversion -Wno-float-conversion -Wnon-literal-null-conversion -Wobjc-literal-conversion -Wshorten-64-to-32 -Wpointer-sign -Wno-newline-eof -Wno-selector -Wno-strict-selector-match -Wundeclared-selector -Wdeprecated-implementations -Wno-implicit-fallthrough -isysroot /Applications/Xcode.app/Contents/Developer/Platforms/iPhoneSimulator.platform/Developer/SDKs/iPhoneSimulator26.4.sdk -fstrict-aliasing -Wprotocol -Wdeprecated-declarations -Wno-sign-conversion -Winfinite-recursion -Wcomma -Wblock-capture-autoreleasing -Wstrict-prototypes -Wno-semicolon-before-method-body -Wunguarded-availability -index-store-path /Users/swan/Library/Developer/Xcode/DerivedData/vantiq-ui-ios-gueetvuzmuxrbegsztzkuatnhugx/Index.noindex/DataStore @/Users/swan/Development/vantiq-ui-ios/Example/build/Pods.build/Debug-iphonesimulator/vantiq-ui-ios.build/Objects-normal/arm64/e6072d4f65d7061329687fe24e3d63a7-common-args.resp -include /Users/swan/Development/vantiq-ui-ios/Example/Pods/Target\ Support\ Files/vantiq-ui-ios/vantiq-ui-ios-prefix.pch -MMD -MT dependencies -MF /Users/swan/Development/vantiq-ui-ios/Example/build/Pods.build/Debug-iphonesimulator/vantiq-ui-ios.build/Objects-normal/arm64/WebViewController.d --serialize-diagnostics /Users/swan/Development/vantiq-ui-ios/Example/build/Pods.build/Debug-iphonesimulator/vantiq-ui-ios.build/Objects-normal/arm64/WebViewController.dia -c /Users/swan/Development/vantiq-ui-ios/vantiq-ui-ios/Classes/WebViewController.m -o /Users/swan/Development/vantiq-ui-ios/Example/build/Pods.build/Debug-iphonesimulator/vantiq-ui-ios.build/Objects-normal/arm64/WebViewController.o -index-unit-output-path /Pods.build/Debug-iphonesimulator/vantiq-ui-ios.build/Objects-normal/arm64/WebViewController.o

ScanDependencies /Users/swan/Development/vantiq-ui-ios/Example/build/Pods.build/Debug-iphonesimulator/vantiq-ui-ios.build/Objects-normal/arm64/vantiq-ui-ios-dummy.o /Users/swan/Development/vantiq-ui-ios/Example/Pods/Target\ Support\ Files/vantiq-ui-ios/vantiq-ui-ios-dummy.m normal arm64 objective-c com.apple.compilers.llvm.clang.1_0.compiler (in target 'vantiq-ui-ios' from project 'Pods')
    cd /Users/swan/Development/vantiq-ui-ios/Example/Pods
    
    Using response file: /Users/swan/Development/vantiq-ui-ios/Example/build/Pods.build/Debug-iphonesimulator/vantiq-ui-ios.build/Objects-normal/arm64/e6072d4f65d7061329687fe24e3d63a7-common-args.resp
    
    builtin-ScanDependencies -o /Users/swan/Development/vantiq-ui-ios/Example/build/Pods.build/Debug-iphonesimulator/vantiq-ui-ios.build/Objects-normal/arm64/vantiq-ui-ios-dummy.o.scan -- /Applications/Xcode.app/Contents/Developer/Toolchains/XcodeDefault.xctoolchain/usr/bin/clang -x objective-c -ivfsstatcache /Users/swan/Library/Developer/Xcode/DerivedData/SDKStatCaches.noindex/iphonesimulator26.4-23E237-686eebb5dc1d8ecb277353a59184f4aa.sdkstatcache -target arm64-apple-ios12.0-simulator -fmessage-length\=0 -fdiagnostics-show-note-include-stack -fmacro-backtrace-limit\=0 -fno-color-diagnostics -fmodules-prune-interval\=86400 -fmodules-prune-after\=345600 -fbuild-session-file\=/Users/swan/Library/Developer/Xcode/DerivedData/ModuleCache.noindex/Session.modulevalidation -fmodules-validate-once-per-build-session -Wnon-modular-include-in-framework-module -Werror\=non-modular-include-in-framework-module -Wno-trigraphs -Wno-missing-field-initializers -Wno-missing-prototypes -Werror\=return-type -Wdocumentation -Wunreachable-code -Wno-implicit-atomic-properties -Werror\=deprecated-objc-isa-usage -Wno-objc-interface-ivars -Werror\=objc-root-class -Wno-arc-repeated-use-of-weak -Wimplicit-retain-self -Wduplicate-method-match -Wno-missing-braces -Wparentheses -Wswitch -Wunused-function -Wno-unused-label -Wno-unused-parameter -Wunused-variable -Wunused-value -Wempty-body -Wuninitialized -Wconditional-uninitialized -Wno-unknown-pragmas -Wno-shadow -Wno-four-char-constants -Wno-conversion -Wconstant-conversion -Wint-conversion -Wbool-conversion -Wenum-conversion -Wno-float-conversion -Wnon-literal-null-conversion -Wobjc-literal-conversion -Wshorten-64-to-32 -Wpointer-sign -Wno-newline-eof -Wno-selector -Wno-strict-selector-match -Wundeclared-selector -Wdeprecated-implementations -Wno-implicit-fallthrough -isysroot /Applications/Xcode.app/Contents/Developer/Platforms/iPhoneSimulator.platform/Developer/SDKs/iPhoneSimulator26.4.sdk -fstrict-aliasing -Wprotocol -Wdeprecated-declarations -Wno-sign-conversion -Winfinite-recursion -Wcomma -Wblock-capture-autoreleasing -Wstrict-prototypes -Wno-semicolon-before-method-body -Wunguarded-availability -index-store-path /Users/swan/Library/Developer/Xcode/DerivedData/vantiq-ui-ios-gueetvuzmuxrbegsztzkuatnhugx/Index.noindex/DataStore @/Users/swan/Development/vantiq-ui-ios/Example/build/Pods.build/Debug-iphonesimulator/vantiq-ui-ios.build/Objects-normal/arm64/e6072d4f65d7061329687fe24e3d63a7-common-args.resp -include /Users/swan/Development/vantiq-ui-ios/Example/Pods/Target\ Support\ Files/vantiq-ui-ios/vantiq-ui-ios-prefix.pch -MMD -MT dependencies -MF /Users/swan/Development/vantiq-ui-ios/Example/build/Pods.build/Debug-iphonesimulator/vantiq-ui-ios.build/Objects-normal/arm64/vantiq-ui-ios-dummy.d --serialize-diagnostics /Users/swan/Development/vantiq-ui-ios/Example/build/Pods.build/Debug-iphonesimulator/vantiq-ui-ios.build/Objects-normal/arm64/vantiq-ui-ios-dummy.dia -c /Users/swan/Development/vantiq-ui-ios/Example/Pods/Target\ Support\ Files/vantiq-ui-ios/vantiq-ui-ios-dummy.m -o /Users/swan/Development/vantiq-ui-ios/Example/build/Pods.build/Debug-iphonesimulator/vantiq-ui-ios.build/Objects-normal/arm64/vantiq-ui-ios-dummy.o -index-unit-output-path /Pods.build/Debug-iphonesimulator/vantiq-ui-ios.build/Objects-normal/arm64/vantiq-ui-ios-dummy.o

ScanDependencies /Users/swan/Development/vantiq-ui-ios/Example/build/Pods.build/Debug-iphonesimulator/vantiq-ui-ios.build/Objects-normal/arm64/vantiq_ui_ios_vers.o /Users/swan/Development/vantiq-ui-ios/Example/build/Pods.build/Debug-iphonesimulator/vantiq-ui-ios.build/DerivedSources/vantiq_ui_ios_vers.c normal arm64 c com.apple.compilers.llvm.clang.1_0.compiler (in target 'vantiq-ui-ios' from project 'Pods')
    cd /Users/swan/Development/vantiq-ui-ios/Example/Pods
    
    Using response file: /Users/swan/Development/vantiq-ui-ios/Example/build/Pods.build/Debug-iphonesimulator/vantiq-ui-ios.build/Objects-normal/arm64/7187679823f38a2a940e0043cdf9d637-common-args.resp
    
    builtin-ScanDependencies -o /Users/swan/Development/vantiq-ui-ios/Example/build/Pods.build/Debug-iphonesimulator/vantiq-ui-ios.build/Objects-normal/arm64/vantiq_ui_ios_vers.o.scan -- /Applications/Xcode.app/Contents/Developer/Toolchains/XcodeDefault.xctoolchain/usr/bin/clang -x c -ivfsstatcache /Users/swan/Library/Developer/Xcode/DerivedData/SDKStatCaches.noindex/iphonesimulator26.4-23E237-686eebb5dc1d8ecb277353a59184f4aa.sdkstatcache -target arm64-apple-ios12.0-simulator -fmessage-length\=0 -fdiagnostics-show-note-include-stack -fmacro-backtrace-limit\=0 -fno-color-diagnostics -fmodules-prune-interval\=86400 -fmodules-prune-after\=345600 -fbuild-session-file\=/Users/swan/Library/Developer/Xcode/DerivedData/ModuleCache.noindex/Session.modulevalidation -fmodules-validate-once-per-build-session -Wnon-modular-include-in-framework-module -Werror\=non-modular-include-in-framework-module -Wno-trigraphs -Wno-missing-field-initializers -Wno-missing-prototypes -Werror\=return-type -Wdocumentation -Wunreachable-code -Werror\=deprecated-objc-isa-usage -Werror\=objc-root-class -Wno-missing-braces -Wparentheses -Wswitch -Wunused-function -Wno-unused-label -Wno-unused-parameter -Wunused-variable -Wunused-value -Wempty-body -Wuninitialized -Wconditional-uninitialized -Wno-unknown-pragmas -Wno-shadow -Wno-four-char-constants -Wno-conversion -Wconstant-conversion -Wint-conversion -Wbool-conversion -Wenum-conversion -Wno-float-conversion -Wnon-literal-null-conversion -Wobjc-literal-conversion -Wshorten-64-to-32 -Wpointer-sign -Wno-newline-eof -Wno-implicit-fallthrough -isysroot /Applications/Xcode.app/Contents/Developer/Platforms/iPhoneSimulator.platform/Developer/SDKs/iPhoneSimulator26.4.sdk -fstrict-aliasing -Wdeprecated-declarations -Wno-sign-conversion -Winfinite-recursion -Wcomma -Wblock-capture-autoreleasing -Wstrict-prototypes -Wno-semicolon-before-method-body -Wunguarded-availability -index-store-path /Users/swan/Library/Developer/Xcode/DerivedData/vantiq-ui-ios-gueetvuzmuxrbegsztzkuatnhugx/Index.noindex/DataStore @/Users/swan/Development/vantiq-ui-ios/Example/build/Pods.build/Debug-iphonesimulator/vantiq-ui-ios.build/Objects-normal/arm64/7187679823f38a2a940e0043cdf9d637-common-args.resp -MMD -MT dependencies -MF /Users/swan/Development/vantiq-ui-ios/Example/build/Pods.build/Debug-iphonesimulator/vantiq-ui-ios.build/Objects-normal/arm64/vantiq_ui_ios_vers.d --serialize-diagnostics /Users/swan/Development/vantiq-ui-ios/Example/build/Pods.build/Debug-iphonesimulator/vantiq-ui-ios.build/Objects-normal/arm64/vantiq_ui_ios_vers.dia -c /Users/swan/Development/vantiq-ui-ios/Example/build/Pods.build/Debug-iphonesimulator/vantiq-ui-ios.build/DerivedSources/vantiq_ui_ios_vers.c -o /Users/swan/Development/vantiq-ui-ios/Example/build/Pods.build/Debug-iphonesimulator/vantiq-ui-ios.build/Objects-normal/arm64/vantiq_ui_ios_vers.o -index-unit-output-path /Pods.build/Debug-iphonesimulator/vantiq-ui-ios.build/Objects-normal/arm64/vantiq_ui_ios_vers.o

ScanDependencies /Users/swan/Development/vantiq-ui-ios/Example/build/Pods.build/Debug-iphonesimulator/vantiq-ui-ios.build/Objects-normal/arm64/LocationUtilities.o /Users/swan/Development/vantiq-ui-ios/vantiq-ui-ios/Classes/LocationUtilities.m normal arm64 objective-c com.apple.compilers.llvm.clang.1_0.compiler (in target 'vantiq-ui-ios' from project 'Pods')
    cd /Users/swan/Development/vantiq-ui-ios/Example/Pods
    
    Using response file: /Users/swan/Development/vantiq-ui-ios/Example/build/Pods.build/Debug-iphonesimulator/vantiq-ui-ios.build/Objects-normal/arm64/e6072d4f65d7061329687fe24e3d63a7-common-args.resp
    
    builtin-ScanDependencies -o /Users/swan/Development/vantiq-ui-ios/Example/build/Pods.build/Debug-iphonesimulator/vantiq-ui-ios.build/Objects-normal/arm64/LocationUtilities.o.scan -- /Applications/Xcode.app/Contents/Developer/Toolchains/XcodeDefault.xctoolchain/usr/bin/clang -x objective-c -ivfsstatcache /Users/swan/Library/Developer/Xcode/DerivedData/SDKStatCaches.noindex/iphonesimulator26.4-23E237-686eebb5dc1d8ecb277353a59184f4aa.sdkstatcache -target arm64-apple-ios12.0-simulator -fmessage-length\=0 -fdiagnostics-show-note-include-stack -fmacro-backtrace-limit\=0 -fno-color-diagnostics -fmodules-prune-interval\=86400 -fmodules-prune-after\=345600 -fbuild-session-file\=/Users/swan/Library/Developer/Xcode/DerivedData/ModuleCache.noindex/Session.modulevalidation -fmodules-validate-once-per-build-session -Wnon-modular-include-in-framework-module -Werror\=non-modular-include-in-framework-module -Wno-trigraphs -Wno-missing-field-initializers -Wno-missing-prototypes -Werror\=return-type -Wdocumentation -Wunreachable-code -Wno-implicit-atomic-properties -Werror\=deprecated-objc-isa-usage -Wno-objc-interface-ivars -Werror\=objc-root-class -Wno-arc-repeated-use-of-weak -Wimplicit-retain-self -Wduplicate-method-match -Wno-missing-braces -Wparentheses -Wswitch -Wunused-function -Wno-unused-label -Wno-unused-parameter -Wunused-variable -Wunused-value -Wempty-body -Wuninitialized -Wconditional-uninitialized -Wno-unknown-pragmas -Wno-shadow -Wno-four-char-constants -Wno-conversion -Wconstant-conversion -Wint-conversion -Wbool-conversion -Wenum-conversion -Wno-float-conversion -Wnon-literal-null-conversion -Wobjc-literal-conversion -Wshorten-64-to-32 -Wpointer-sign -Wno-newline-eof -Wno-selector -Wno-strict-selector-match -Wundeclared-selector -Wdeprecated-implementations -Wno-implicit-fallthrough -isysroot /Applications/Xcode.app/Contents/Developer/Platforms/iPhoneSimulator.platform/Developer/SDKs/iPhoneSimulator26.4.sdk -fstrict-aliasing -Wprotocol -Wdeprecated-declarations -Wno-sign-conversion -Winfinite-recursion -Wcomma -Wblock-capture-autoreleasing -Wstrict-prototypes -Wno-semicolon-before-method-body -Wunguarded-availability -index-store-path /Users/swan/Library/Developer/Xcode/DerivedData/vantiq-ui-ios-gueetvuzmuxrbegsztzkuatnhugx/Index.noindex/DataStore @/Users/swan/Development/vantiq-ui-ios/Example/build/Pods.build/Debug-iphonesimulator/vantiq-ui-ios.build/Objects-normal/arm64/e6072d4f65d7061329687fe24e3d63a7-common-args.resp -include /Users/swan/Development/vantiq-ui-ios/Example/Pods/Target\ Support\ Files/vantiq-ui-ios/vantiq-ui-ios-prefix.pch -MMD -MT dependencies -MF /Users/swan/Development/vantiq-ui-ios/Example/build/Pods.build/Debug-iphonesimulator/vantiq-ui-ios.build/Objects-normal/arm64/LocationUtilities.d --serialize-diagnostics /Users/swan/Development/vantiq-ui-ios/Example/build/Pods.build/Debug-iphonesimulator/vantiq-ui-ios.build/Objects-normal/arm64/LocationUtilities.dia -c /Users/swan/Development/vantiq-ui-ios/vantiq-ui-ios/Classes/LocationUtilities.m -o /Users/swan/Development/vantiq-ui-ios/Example/build/Pods.build/Debug-iphonesimulator/vantiq-ui-ios.build/Objects-normal/arm64/LocationUtilities.o -index-unit-output-path /Pods.build/Debug-iphonesimulator/vantiq-ui-ios.build/Objects-normal/arm64/LocationUtilities.o

ScanDependencies /Users/swan/Development/vantiq-ui-ios/Example/build/Pods.build/Debug-iphonesimulator/vantiq-ui-ios.build/Objects-normal/arm64/VantiqUI.o /Users/swan/Development/vantiq-ui-ios/vantiq-ui-ios/Classes/VantiqUI.m normal arm64 objective-c com.apple.compilers.llvm.clang.1_0.compiler (in target 'vantiq-ui-ios' from project 'Pods')
    cd /Users/swan/Development/vantiq-ui-ios/Example/Pods
    
    Using response file: /Users/swan/Development/vantiq-ui-ios/Example/build/Pods.build/Debug-iphonesimulator/vantiq-ui-ios.build/Objects-normal/arm64/e6072d4f65d7061329687fe24e3d63a7-common-args.resp
    
    builtin-ScanDependencies -o /Users/swan/Development/vantiq-ui-ios/Example/build/Pods.build/Debug-iphonesimulator/vantiq-ui-ios.build/Objects-normal/arm64/VantiqUI.o.scan -- /Applications/Xcode.app/Contents/Developer/Toolchains/XcodeDefault.xctoolchain/usr/bin/clang -x objective-c -ivfsstatcache /Users/swan/Library/Developer/Xcode/DerivedData/SDKStatCaches.noindex/iphonesimulator26.4-23E237-686eebb5dc1d8ecb277353a59184f4aa.sdkstatcache -target arm64-apple-ios12.0-simulator -fmessage-length\=0 -fdiagnostics-show-note-include-stack -fmacro-backtrace-limit\=0 -fno-color-diagnostics -fmodules-prune-interval\=86400 -fmodules-prune-after\=345600 -fbuild-session-file\=/Users/swan/Library/Developer/Xcode/DerivedData/ModuleCache.noindex/Session.modulevalidation -fmodules-validate-once-per-build-session -Wnon-modular-include-in-framework-module -Werror\=non-modular-include-in-framework-module -Wno-trigraphs -Wno-missing-field-initializers -Wno-missing-prototypes -Werror\=return-type -Wdocumentation -Wunreachable-code -Wno-implicit-atomic-properties -Werror\=deprecated-objc-isa-usage -Wno-objc-interface-ivars -Werror\=objc-root-class -Wno-arc-repeated-use-of-weak -Wimplicit-retain-self -Wduplicate-method-match -Wno-missing-braces -Wparentheses -Wswitch -Wunused-function -Wno-unused-label -Wno-unused-parameter -Wunused-variable -Wunused-value -Wempty-body -Wuninitialized -Wconditional-uninitialized -Wno-unknown-pragmas -Wno-shadow -Wno-four-char-constants -Wno-conversion -Wconstant-conversion -Wint-conversion -Wbool-conversion -Wenum-conversion -Wno-float-conversion -Wnon-literal-null-conversion -Wobjc-literal-conversion -Wshorten-64-to-32 -Wpointer-sign -Wno-newline-eof -Wno-selector -Wno-strict-selector-match -Wundeclared-selector -Wdeprecated-implementations -Wno-implicit-fallthrough -isysroot /Applications/Xcode.app/Contents/Developer/Platforms/iPhoneSimulator.platform/Developer/SDKs/iPhoneSimulator26.4.sdk -fstrict-aliasing -Wprotocol -Wdeprecated-declarations -Wno-sign-conversion -Winfinite-recursion -Wcomma -Wblock-capture-autoreleasing -Wstrict-prototypes -Wno-semicolon-before-method-body -Wunguarded-availability -index-store-path /Users/swan/Library/Developer/Xcode/DerivedData/vantiq-ui-ios-gueetvuzmuxrbegsztzkuatnhugx/Index.noindex/DataStore @/Users/swan/Development/vantiq-ui-ios/Example/build/Pods.build/Debug-iphonesimulator/vantiq-ui-ios.build/Objects-normal/arm64/e6072d4f65d7061329687fe24e3d63a7-common-args.resp -include /Users/swan/Development/vantiq-ui-ios/Example/Pods/Target\ Support\ Files/vantiq-ui-ios/vantiq-ui-ios-prefix.pch -MMD -MT dependencies -MF /Users/swan/Development/vantiq-ui-ios/Example/build/Pods.build/Debug-iphonesimulator/vantiq-ui-ios.build/Objects-normal/arm64/VantiqUI.d --serialize-diagnostics /Users/swan/Development/vantiq-ui-ios/Example/build/Pods.build/Debug-iphonesimulator/vantiq-ui-ios.build/Objects-normal/arm64/VantiqUI.dia -c /Users/swan/Development/vantiq-ui-ios/vantiq-ui-ios/Classes/VantiqUI.m -o /Users/swan/Development/vantiq-ui-ios/Example/build/Pods.build/Debug-iphonesimulator/vantiq-ui-ios.build/Objects-normal/arm64/VantiqUI.o -index-unit-output-path /Pods.build/Debug-iphonesimulator/vantiq-ui-ios.build/Objects-normal/arm64/VantiqUI.o

ScanDependencies /Users/swan/Development/vantiq-ui-ios/Example/build/Pods.build/Debug-iphonesimulator/vantiq-ui-ios.build/Objects-normal/arm64/LastActive.o /Users/swan/Development/vantiq-ui-ios/vantiq-ui-ios/Classes/LastActive.m normal arm64 objective-c com.apple.compilers.llvm.clang.1_0.compiler (in target 'vantiq-ui-ios' from project 'Pods')
    cd /Users/swan/Development/vantiq-ui-ios/Example/Pods
    
    Using response file: /Users/swan/Development/vantiq-ui-ios/Example/build/Pods.build/Debug-iphonesimulator/vantiq-ui-ios.build/Objects-normal/arm64/e6072d4f65d7061329687fe24e3d63a7-common-args.resp
    
    builtin-ScanDependencies -o /Users/swan/Development/vantiq-ui-ios/Example/build/Pods.build/Debug-iphonesimulator/vantiq-ui-ios.build/Objects-normal/arm64/LastActive.o.scan -- /Applications/Xcode.app/Contents/Developer/Toolchains/XcodeDefault.xctoolchain/usr/bin/clang -x objective-c -ivfsstatcache /Users/swan/Library/Developer/Xcode/DerivedData/SDKStatCaches.noindex/iphonesimulator26.4-23E237-686eebb5dc1d8ecb277353a59184f4aa.sdkstatcache -target arm64-apple-ios12.0-simulator -fmessage-length\=0 -fdiagnostics-show-note-include-stack -fmacro-backtrace-limit\=0 -fno-color-diagnostics -fmodules-prune-interval\=86400 -fmodules-prune-after\=345600 -fbuild-session-file\=/Users/swan/Library/Developer/Xcode/DerivedData/ModuleCache.noindex/Session.modulevalidation -fmodules-validate-once-per-build-session -Wnon-modular-include-in-framework-module -Werror\=non-modular-include-in-framework-module -Wno-trigraphs -Wno-missing-field-initializers -Wno-missing-prototypes -Werror\=return-type -Wdocumentation -Wunreachable-code -Wno-implicit-atomic-properties -Werror\=deprecated-objc-isa-usage -Wno-objc-interface-ivars -Werror\=objc-root-class -Wno-arc-repeated-use-of-weak -Wimplicit-retain-self -Wduplicate-method-match -Wno-missing-braces -Wparentheses -Wswitch -Wunused-function -Wno-unused-label -Wno-unused-parameter -Wunused-variable -Wunused-value -Wempty-body -Wuninitialized -Wconditional-uninitialized -Wno-unknown-pragmas -Wno-shadow -Wno-four-char-constants -Wno-conversion -Wconstant-conversion -Wint-conversion -Wbool-conversion -Wenum-conversion -Wno-float-conversion -Wnon-literal-null-conversion -Wobjc-literal-conversion -Wshorten-64-to-32 -Wpointer-sign -Wno-newline-eof -Wno-selector -Wno-strict-selector-match -Wundeclared-selector -Wdeprecated-implementations -Wno-implicit-fallthrough -isysroot /Applications/Xcode.app/Contents/Developer/Platforms/iPhoneSimulator.platform/Developer/SDKs/iPhoneSimulator26.4.sdk -fstrict-aliasing -Wprotocol -Wdeprecated-declarations -Wno-sign-conversion -Winfinite-recursion -Wcomma -Wblock-capture-autoreleasing -Wstrict-prototypes -Wno-semicolon-before-method-body -Wunguarded-availability -index-store-path /Users/swan/Library/Developer/Xcode/DerivedData/vantiq-ui-ios-gueetvuzmuxrbegsztzkuatnhugx/Index.noindex/DataStore @/Users/swan/Development/vantiq-ui-ios/Example/build/Pods.build/Debug-iphonesimulator/vantiq-ui-ios.build/Objects-normal/arm64/e6072d4f65d7061329687fe24e3d63a7-common-args.resp -include /Users/swan/Development/vantiq-ui-ios/Example/Pods/Target\ Support\ Files/vantiq-ui-ios/vantiq-ui-ios-prefix.pch -MMD -MT dependencies -MF /Users/swan/Development/vantiq-ui-ios/Example/build/Pods.build/Debug-iphonesimulator/vantiq-ui-ios.build/Objects-normal/arm64/LastActive.d --serialize-diagnostics /Users/swan/Development/vantiq-ui-ios/Example/build/Pods.build/Debug-iphonesimulator/vantiq-ui-ios.build/Objects-normal/arm64/LastActive.dia -c /Users/swan/Development/vantiq-ui-ios/vantiq-ui-ios/Classes/LastActive.m -o /Users/swan/Development/vantiq-ui-ios/Example/build/Pods.build/Debug-iphonesimulator/vantiq-ui-ios.build/Objects-normal/arm64/LastActive.o -index-unit-output-path /Pods.build/Debug-iphonesimulator/vantiq-ui-ios.build/Objects-normal/arm64/LastActive.o

ScanDependencies /Users/swan/Development/vantiq-ui-ios/Example/build/Pods.build/Debug-iphonesimulator/vantiq-ui-ios.build/Objects-normal/arm64/JSONUtilities.o /Users/swan/Development/vantiq-ui-ios/vantiq-ui-ios/Classes/JSONUtilities.m normal arm64 objective-c com.apple.compilers.llvm.clang.1_0.compiler (in target 'vantiq-ui-ios' from project 'Pods')
    cd /Users/swan/Development/vantiq-ui-ios/Example/Pods
    
    Using response file: /Users/swan/Development/vantiq-ui-ios/Example/build/Pods.build/Debug-iphonesimulator/vantiq-ui-ios.build/Objects-normal/arm64/e6072d4f65d7061329687fe24e3d63a7-common-args.resp
    
    builtin-ScanDependencies -o /Users/swan/Development/vantiq-ui-ios/Example/build/Pods.build/Debug-iphonesimulator/vantiq-ui-ios.build/Objects-normal/arm64/JSONUtilities.o.scan -- /Applications/Xcode.app/Contents/Developer/Toolchains/XcodeDefault.xctoolchain/usr/bin/clang -x objective-c -ivfsstatcache /Users/swan/Library/Developer/Xcode/DerivedData/SDKStatCaches.noindex/iphonesimulator26.4-23E237-686eebb5dc1d8ecb277353a59184f4aa.sdkstatcache -target arm64-apple-ios12.0-simulator -fmessage-length\=0 -fdiagnostics-show-note-include-stack -fmacro-backtrace-limit\=0 -fno-color-diagnostics -fmodules-prune-interval\=86400 -fmodules-prune-after\=345600 -fbuild-session-file\=/Users/swan/Library/Developer/Xcode/DerivedData/ModuleCache.noindex/Session.modulevalidation -fmodules-validate-once-per-build-session -Wnon-modular-include-in-framework-module -Werror\=non-modular-include-in-framework-module -Wno-trigraphs -Wno-missing-field-initializers -Wno-missing-prototypes -Werror\=return-type -Wdocumentation -Wunreachable-code -Wno-implicit-atomic-properties -Werror\=deprecated-objc-isa-usage -Wno-objc-interface-ivars -Werror\=objc-root-class -Wno-arc-repeated-use-of-weak -Wimplicit-retain-self -Wduplicate-method-match -Wno-missing-braces -Wparentheses -Wswitch -Wunused-function -Wno-unused-label -Wno-unused-parameter -Wunused-variable -Wunused-value -Wempty-body -Wuninitialized -Wconditional-uninitialized -Wno-unknown-pragmas -Wno-shadow -Wno-four-char-constants -Wno-conversion -Wconstant-conversion -Wint-conversion -Wbool-conversion -Wenum-conversion -Wno-float-conversion -Wnon-literal-null-conversion -Wobjc-literal-conversion -Wshorten-64-to-32 -Wpointer-sign -Wno-newline-eof -Wno-selector -Wno-strict-selector-match -Wundeclared-selector -Wdeprecated-implementations -Wno-implicit-fallthrough -isysroot /Applications/Xcode.app/Contents/Developer/Platforms/iPhoneSimulator.platform/Developer/SDKs/iPhoneSimulator26.4.sdk -fstrict-aliasing -Wprotocol -Wdeprecated-declarations -Wno-sign-conversion -Winfinite-recursion -Wcomma -Wblock-capture-autoreleasing -Wstrict-prototypes -Wno-semicolon-before-method-body -Wunguarded-availability -index-store-path /Users/swan/Library/Developer/Xcode/DerivedData/vantiq-ui-ios-gueetvuzmuxrbegsztzkuatnhugx/Index.noindex/DataStore @/Users/swan/Development/vantiq-ui-ios/Example/build/Pods.build/Debug-iphonesimulator/vantiq-ui-ios.build/Objects-normal/arm64/e6072d4f65d7061329687fe24e3d63a7-common-args.resp -include /Users/swan/Development/vantiq-ui-ios/Example/Pods/Target\ Support\ Files/vantiq-ui-ios/vantiq-ui-ios-prefix.pch -MMD -MT dependencies -MF /Users/swan/Development/vantiq-ui-ios/Example/build/Pods.build/Debug-iphonesimulator/vantiq-ui-ios.build/Objects-normal/arm64/JSONUtilities.d --serialize-diagnostics /Users/swan/Development/vantiq-ui-ios/Example/build/Pods.build/Debug-iphonesimulator/vantiq-ui-ios.build/Objects-normal/arm64/JSONUtilities.dia -c /Users/swan/Development/vantiq-ui-ios/vantiq-ui-ios/Classes/JSONUtilities.m -o /Users/swan/Development/vantiq-ui-ios/Example/build/Pods.build/Debug-iphonesimulator/vantiq-ui-ios.build/Objects-normal/arm64/JSONUtilities.o -index-unit-output-path /Pods.build/Debug-iphonesimulator/vantiq-ui-ios.build/Objects-normal/arm64/JSONUtilities.o

ScanDependencies /Users/swan/Development/vantiq-ui-ios/Example/build/Pods.build/Debug-iphonesimulator/vantiq-ui-ios.build/Objects-normal/arm64/KeychainItemWrapper.o /Users/swan/Development/vantiq-ui-ios/vantiq-ui-ios/Classes/KeychainItemWrapper.m normal arm64 objective-c com.apple.compilers.llvm.clang.1_0.compiler (in target 'vantiq-ui-ios' from project 'Pods')
    cd /Users/swan/Development/vantiq-ui-ios/Example/Pods
    
    Using response file: /Users/swan/Development/vantiq-ui-ios/Example/build/Pods.build/Debug-iphonesimulator/vantiq-ui-ios.build/Objects-normal/arm64/e6072d4f65d7061329687fe24e3d63a7-common-args.resp
    
    builtin-ScanDependencies -o /Users/swan/Development/vantiq-ui-ios/Example/build/Pods.build/Debug-iphonesimulator/vantiq-ui-ios.build/Objects-normal/arm64/KeychainItemWrapper.o.scan -- /Applications/Xcode.app/Contents/Developer/Toolchains/XcodeDefault.xctoolchain/usr/bin/clang -x objective-c -ivfsstatcache /Users/swan/Library/Developer/Xcode/DerivedData/SDKStatCaches.noindex/iphonesimulator26.4-23E237-686eebb5dc1d8ecb277353a59184f4aa.sdkstatcache -target arm64-apple-ios12.0-simulator -fmessage-length\=0 -fdiagnostics-show-note-include-stack -fmacro-backtrace-limit\=0 -fno-color-diagnostics -fmodules-prune-interval\=86400 -fmodules-prune-after\=345600 -fbuild-session-file\=/Users/swan/Library/Developer/Xcode/DerivedData/ModuleCache.noindex/Session.modulevalidation -fmodules-validate-once-per-build-session -Wnon-modular-include-in-framework-module -Werror\=non-modular-include-in-framework-module -Wno-trigraphs -Wno-missing-field-initializers -Wno-missing-prototypes -Werror\=return-type -Wdocumentation -Wunreachable-code -Wno-implicit-atomic-properties -Werror\=deprecated-objc-isa-usage -Wno-objc-interface-ivars -Werror\=objc-root-class -Wno-arc-repeated-use-of-weak -Wimplicit-retain-self -Wduplicate-method-match -Wno-missing-braces -Wparentheses -Wswitch -Wunused-function -Wno-unused-label -Wno-unused-parameter -Wunused-variable -Wunused-value -Wempty-body -Wuninitialized -Wconditional-uninitialized -Wno-unknown-pragmas -Wno-shadow -Wno-four-char-constants -Wno-conversion -Wconstant-conversion -Wint-conversion -Wbool-conversion -Wenum-conversion -Wno-float-conversion -Wnon-literal-null-conversion -Wobjc-literal-conversion -Wshorten-64-to-32 -Wpointer-sign -Wno-newline-eof -Wno-selector -Wno-strict-selector-match -Wundeclared-selector -Wdeprecated-implementations -Wno-implicit-fallthrough -isysroot /Applications/Xcode.app/Contents/Developer/Platforms/iPhoneSimulator.platform/Developer/SDKs/iPhoneSimulator26.4.sdk -fstrict-aliasing -Wprotocol -Wdeprecated-declarations -Wno-sign-conversion -Winfinite-recursion -Wcomma -Wblock-capture-autoreleasing -Wstrict-prototypes -Wno-semicolon-before-method-body -Wunguarded-availability -index-store-path /Users/swan/Library/Developer/Xcode/DerivedData/vantiq-ui-ios-gueetvuzmuxrbegsztzkuatnhugx/Index.noindex/DataStore @/Users/swan/Development/vantiq-ui-ios/Example/build/Pods.build/Debug-iphonesimulator/vantiq-ui-ios.build/Objects-normal/arm64/e6072d4f65d7061329687fe24e3d63a7-common-args.resp -include /Users/swan/Development/vantiq-ui-ios/Example/Pods/Target\ Support\ Files/vantiq-ui-ios/vantiq-ui-ios-prefix.pch -MMD -MT dependencies -MF /Users/swan/Development/vantiq-ui-ios/Example/build/Pods.build/Debug-iphonesimulator/vantiq-ui-ios.build/Objects-normal/arm64/KeychainItemWrapper.d --serialize-diagnostics /Users/swan/Development/vantiq-ui-ios/Example/build/Pods.build/Debug-iphonesimulator/vantiq-ui-ios.build/Objects-normal/arm64/KeychainItemWrapper.dia -c /Users/swan/Development/vantiq-ui-ios/vantiq-ui-ios/Classes/KeychainItemWrapper.m -o /Users/swan/Development/vantiq-ui-ios/Example/build/Pods.build/Debug-iphonesimulator/vantiq-ui-ios.build/Objects-normal/arm64/KeychainItemWrapper.o -index-unit-output-path /Pods.build/Debug-iphonesimulator/vantiq-ui-ios.build/Objects-normal/arm64/KeychainItemWrapper.o

ScanDependencies /Users/swan/Development/vantiq-ui-ios/Example/build/Pods.build/Debug-iphonesimulator/vantiq-ui-ios.build/Objects-normal/arm64/FancyDate.o /Users/swan/Development/vantiq-ui-ios/vantiq-ui-ios/Classes/FancyDate.m normal arm64 objective-c com.apple.compilers.llvm.clang.1_0.compiler (in target 'vantiq-ui-ios' from project 'Pods')
    cd /Users/swan/Development/vantiq-ui-ios/Example/Pods
    
    Using response file: /Users/swan/Development/vantiq-ui-ios/Example/build/Pods.build/Debug-iphonesimulator/vantiq-ui-ios.build/Objects-normal/arm64/e6072d4f65d7061329687fe24e3d63a7-common-args.resp
    
    builtin-ScanDependencies -o /Users/swan/Development/vantiq-ui-ios/Example/build/Pods.build/Debug-iphonesimulator/vantiq-ui-ios.build/Objects-normal/arm64/FancyDate.o.scan -- /Applications/Xcode.app/Contents/Developer/Toolchains/XcodeDefault.xctoolchain/usr/bin/clang -x objective-c -ivfsstatcache /Users/swan/Library/Developer/Xcode/DerivedData/SDKStatCaches.noindex/iphonesimulator26.4-23E237-686eebb5dc1d8ecb277353a59184f4aa.sdkstatcache -target arm64-apple-ios12.0-simulator -fmessage-length\=0 -fdiagnostics-show-note-include-stack -fmacro-backtrace-limit\=0 -fno-color-diagnostics -fmodules-prune-interval\=86400 -fmodules-prune-after\=345600 -fbuild-session-file\=/Users/swan/Library/Developer/Xcode/DerivedData/ModuleCache.noindex/Session.modulevalidation -fmodules-validate-once-per-build-session -Wnon-modular-include-in-framework-module -Werror\=non-modular-include-in-framework-module -Wno-trigraphs -Wno-missing-field-initializers -Wno-missing-prototypes -Werror\=return-type -Wdocumentation -Wunreachable-code -Wno-implicit-atomic-properties -Werror\=deprecated-objc-isa-usage -Wno-objc-interface-ivars -Werror\=objc-root-class -Wno-arc-repeated-use-of-weak -Wimplicit-retain-self -Wduplicate-method-match -Wno-missing-braces -Wparentheses -Wswitch -Wunused-function -Wno-unused-label -Wno-unused-parameter -Wunused-variable -Wunused-value -Wempty-body -Wuninitialized -Wconditional-uninitialized -Wno-unknown-pragmas -Wno-shadow -Wno-four-char-constants -Wno-conversion -Wconstant-conversion -Wint-conversion -Wbool-conversion -Wenum-conversion -Wno-float-conversion -Wnon-literal-null-conversion -Wobjc-literal-conversion -Wshorten-64-to-32 -Wpointer-sign -Wno-newline-eof -Wno-selector -Wno-strict-selector-match -Wundeclared-selector -Wdeprecated-implementations -Wno-implicit-fallthrough -isysroot /Applications/Xcode.app/Contents/Developer/Platforms/iPhoneSimulator.platform/Developer/SDKs/iPhoneSimulator26.4.sdk -fstrict-aliasing -Wprotocol -Wdeprecated-declarations -Wno-sign-conversion -Winfinite-recursion -Wcomma -Wblock-capture-autoreleasing -Wstrict-prototypes -Wno-semicolon-before-method-body -Wunguarded-availability -index-store-path /Users/swan/Library/Developer/Xcode/DerivedData/vantiq-ui-ios-gueetvuzmuxrbegsztzkuatnhugx/Index.noindex/DataStore @/Users/swan/Development/vantiq-ui-ios/Example/build/Pods.build/Debug-iphonesimulator/vantiq-ui-ios.build/Objects-normal/arm64/e6072d4f65d7061329687fe24e3d63a7-common-args.resp -include /Users/swan/Development/vantiq-ui-ios/Example/Pods/Target\ Support\ Files/vantiq-ui-ios/vantiq-ui-ios-prefix.pch -MMD -MT dependencies -MF /Users/swan/Development/vantiq-ui-ios/Example/build/Pods.build/Debug-iphonesimulator/vantiq-ui-ios.build/Objects-normal/arm64/FancyDate.d --serialize-diagnostics /Users/swan/Development/vantiq-ui-ios/Example/build/Pods.build/Debug-iphonesimulator/vantiq-ui-ios.build/Objects-normal/arm64/FancyDate.dia -c /Users/swan/Development/vantiq-ui-ios/vantiq-ui-ios/Classes/FancyDate.m -o /Users/swan/Development/vantiq-ui-ios/Example/build/Pods.build/Debug-iphonesimulator/vantiq-ui-ios.build/Objects-normal/arm64/FancyDate.o -index-unit-output-path /Pods.build/Debug-iphonesimulator/vantiq-ui-ios.build/Objects-normal/arm64/FancyDate.o

ScanDependencies /Users/swan/Development/vantiq-ui-ios/Example/build/Pods.build/Debug-iphonesimulator/vantiq-sdk-ios.build/Objects-normal/arm64/vantiq_sdk_ios_vers.o /Users/swan/Development/vantiq-ui-ios/Example/build/Pods.build/Debug-iphonesimulator/vantiq-sdk-ios.build/DerivedSources/vantiq_sdk_ios_vers.c normal arm64 c com.apple.compilers.llvm.clang.1_0.compiler (in target 'vantiq-sdk-ios' from project 'Pods')
    cd /Users/swan/Development/vantiq-ui-ios/Example/Pods
    
    Using response file: /Users/swan/Development/vantiq-ui-ios/Example/build/Pods.build/Debug-iphonesimulator/vantiq-sdk-ios.build/Objects-normal/arm64/7187679823f38a2a940e0043cdf9d637-common-args.resp
    
    builtin-ScanDependencies -o /Users/swan/Development/vantiq-ui-ios/Example/build/Pods.build/Debug-iphonesimulator/vantiq-sdk-ios.build/Objects-normal/arm64/vantiq_sdk_ios_vers.o.scan -- /Applications/Xcode.app/Contents/Developer/Toolchains/XcodeDefault.xctoolchain/usr/bin/clang -x c -ivfsstatcache /Users/swan/Library/Developer/Xcode/DerivedData/SDKStatCaches.noindex/iphonesimulator26.4-23E237-686eebb5dc1d8ecb277353a59184f4aa.sdkstatcache -target arm64-apple-ios12.0-simulator -fmessage-length\=0 -fdiagnostics-show-note-include-stack -fmacro-backtrace-limit\=0 -fno-color-diagnostics -fmodules-prune-interval\=86400 -fmodules-prune-after\=345600 -fbuild-session-file\=/Users/swan/Library/Developer/Xcode/DerivedData/ModuleCache.noindex/Session.modulevalidation -fmodules-validate-once-per-build-session -Wnon-modular-include-in-framework-module -Werror\=non-modular-include-in-framework-module -Wno-trigraphs -Wno-missing-field-initializers -Wno-missing-prototypes -Werror\=return-type -Wdocumentation -Wunreachable-code -Werror\=deprecated-objc-isa-usage -Werror\=objc-root-class -Wno-missing-braces -Wparentheses -Wswitch -Wunused-function -Wno-unused-label -Wno-unused-parameter -Wunused-variable -Wunused-value -Wempty-body -Wuninitialized -Wconditional-uninitialized -Wno-unknown-pragmas -Wno-shadow -Wno-four-char-constants -Wno-conversion -Wconstant-conversion -Wint-conversion -Wbool-conversion -Wenum-conversion -Wno-float-conversion -Wnon-literal-null-conversion -Wobjc-literal-conversion -Wshorten-64-to-32 -Wpointer-sign -Wno-newline-eof -Wno-implicit-fallthrough -isysroot /Applications/Xcode.app/Contents/Developer/Platforms/iPhoneSimulator.platform/Developer/SDKs/iPhoneSimulator26.4.sdk -fstrict-aliasing -Wdeprecated-declarations -Wno-sign-conversion -Winfinite-recursion -Wcomma -Wblock-capture-autoreleasing -Wstrict-prototypes -Wno-semicolon-before-method-body -Wunguarded-availability -index-store-path /Users/swan/Library/Developer/Xcode/DerivedData/vantiq-ui-ios-gueetvuzmuxrbegsztzkuatnhugx/Index.noindex/DataStore @/Users/swan/Development/vantiq-ui-ios/Example/build/Pods.build/Debug-iphonesimulator/vantiq-sdk-ios.build/Objects-normal/arm64/7187679823f38a2a940e0043cdf9d637-common-args.resp -MMD -MT dependencies -MF /Users/swan/Development/vantiq-ui-ios/Example/build/Pods.build/Debug-iphonesimulator/vantiq-sdk-ios.build/Objects-normal/arm64/vantiq_sdk_ios_vers.d --serialize-diagnostics /Users/swan/Development/vantiq-ui-ios/Example/build/Pods.build/Debug-iphonesimulator/vantiq-sdk-ios.build/Objects-normal/arm64/vantiq_sdk_ios_vers.dia -c /Users/swan/Development/vantiq-ui-ios/Example/build/Pods.build/Debug-iphonesimulator/vantiq-sdk-ios.build/DerivedSources/vantiq_sdk_ios_vers.c -o /Users/swan/Development/vantiq-ui-ios/Example/build/Pods.build/Debug-iphonesimulator/vantiq-sdk-ios.build/Objects-normal/arm64/vantiq_sdk_ios_vers.o -index-unit-output-path /Pods.build/Debug-iphonesimulator/vantiq-sdk-ios.build/Objects-normal/arm64/vantiq_sdk_ios_vers.o

ScanDependencies /Users/swan/Development/vantiq-ui-ios/Example/build/Pods.build/Debug-iphonesimulator/vantiq-sdk-ios.build/Objects-normal/arm64/Vantiq.o /Users/swan/Development/vantiq-ui-ios/Example/Pods/vantiq-sdk-ios/Pod/Classes/Vantiq.m normal arm64 objective-c com.apple.compilers.llvm.clang.1_0.compiler (in target 'vantiq-sdk-ios' from project 'Pods')
    cd /Users/swan/Development/vantiq-ui-ios/Example/Pods
    
    Using response file: /Users/swan/Development/vantiq-ui-ios/Example/build/Pods.build/Debug-iphonesimulator/vantiq-sdk-ios.build/Objects-normal/arm64/e6072d4f65d7061329687fe24e3d63a7-common-args.resp
    
    builtin-ScanDependencies -o /Users/swan/Development/vantiq-ui-ios/Example/build/Pods.build/Debug-iphonesimulator/vantiq-sdk-ios.build/Objects-normal/arm64/Vantiq.o.scan -- /Applications/Xcode.app/Contents/Developer/Toolchains/XcodeDefault.xctoolchain/usr/bin/clang -x objective-c -ivfsstatcache /Users/swan/Library/Developer/Xcode/DerivedData/SDKStatCaches.noindex/iphonesimulator26.4-23E237-686eebb5dc1d8ecb277353a59184f4aa.sdkstatcache -target arm64-apple-ios12.0-simulator -fmessage-length\=0 -fdiagnostics-show-note-include-stack -fmacro-backtrace-limit\=0 -fno-color-diagnostics -fmodules-prune-interval\=86400 -fmodules-prune-after\=345600 -fbuild-session-file\=/Users/swan/Library/Developer/Xcode/DerivedData/ModuleCache.noindex/Session.modulevalidation -fmodules-validate-once-per-build-session -Wnon-modular-include-in-framework-module -Werror\=non-modular-include-in-framework-module -Wno-trigraphs -Wno-missing-field-initializers -Wno-missing-prototypes -Werror\=return-type -Wdocumentation -Wunreachable-code -Wno-implicit-atomic-properties -Werror\=deprecated-objc-isa-usage -Wno-objc-interface-ivars -Werror\=objc-root-class -Wno-arc-repeated-use-of-weak -Wimplicit-retain-self -Wduplicate-method-match -Wno-missing-braces -Wparentheses -Wswitch -Wunused-function -Wno-unused-label -Wno-unused-parameter -Wunused-variable -Wunused-value -Wempty-body -Wuninitialized -Wconditional-uninitialized -Wno-unknown-pragmas -Wno-shadow -Wno-four-char-constants -Wno-conversion -Wconstant-conversion -Wint-conversion -Wbool-conversion -Wenum-conversion -Wno-float-conversion -Wnon-literal-null-conversion -Wobjc-literal-conversion -Wshorten-64-to-32 -Wpointer-sign -Wno-newline-eof -Wno-selector -Wno-strict-selector-match -Wundeclared-selector -Wdeprecated-implementations -Wno-implicit-fallthrough -isysroot /Applications/Xcode.app/Contents/Developer/Platforms/iPhoneSimulator.platform/Developer/SDKs/iPhoneSimulator26.4.sdk -fstrict-aliasing -Wprotocol -Wdeprecated-declarations -Wno-sign-conversion -Winfinite-recursion -Wcomma -Wblock-capture-autoreleasing -Wstrict-prototypes -Wno-semicolon-before-method-body -Wunguarded-availability -index-store-path /Users/swan/Library/Developer/Xcode/DerivedData/vantiq-ui-ios-gueetvuzmuxrbegsztzkuatnhugx/Index.noindex/DataStore @/Users/swan/Development/vantiq-ui-ios/Example/build/Pods.build/Debug-iphonesimulator/vantiq-sdk-ios.build/Objects-normal/arm64/e6072d4f65d7061329687fe24e3d63a7-common-args.resp -include /Users/swan/Development/vantiq-ui-ios/Example/Pods/Target\ Support\ Files/vantiq-sdk-ios/vantiq-sdk-ios-prefix.pch -MMD -MT dependencies -MF /Users/swan/Development/vantiq-ui-ios/Example/build/Pods.build/Debug-iphonesimulator/vantiq-sdk-ios.build/Objects-normal/arm64/Vantiq.d --serialize-diagnostics /Users/swan/Development/vantiq-ui-ios/Example/build/Pods.build/Debug-iphonesimulator/vantiq-sdk-ios.build/Objects-normal/arm64/Vantiq.dia -c /Users/swan/Development/vantiq-ui-ios/Example/Pods/vantiq-sdk-ios/Pod/Classes/Vantiq.m -o /Users/swan/Development/vantiq-ui-ios/Example/build/Pods.build/Debug-iphonesimulator/vantiq-sdk-ios.build/Objects-normal/arm64/Vantiq.o -index-unit-output-path /Pods.build/Debug-iphonesimulator/vantiq-sdk-ios.build/Objects-normal/arm64/Vantiq.o

ScanDependencies /Users/swan/Development/vantiq-ui-ios/Example/build/Pods.build/Debug-iphonesimulator/vantiq-sdk-ios.build/Objects-normal/arm64/vantiq-sdk-ios-dummy.o /Users/swan/Development/vantiq-ui-ios/Example/Pods/Target\ Support\ Files/vantiq-sdk-ios/vantiq-sdk-ios-dummy.m normal arm64 objective-c com.apple.compilers.llvm.clang.1_0.compiler (in target 'vantiq-sdk-ios' from project 'Pods')
    cd /Users/swan/Development/vantiq-ui-ios/Example/Pods
    
    Using response file: /Users/swan/Development/vantiq-ui-ios/Example/build/Pods.build/Debug-iphonesimulator/vantiq-sdk-ios.build/Objects-normal/arm64/e6072d4f65d7061329687fe24e3d63a7-common-args.resp
    
    builtin-ScanDependencies -o /Users/swan/Development/vantiq-ui-ios/Example/build/Pods.build/Debug-iphonesimulator/vantiq-sdk-ios.build/Objects-normal/arm64/vantiq-sdk-ios-dummy.o.scan -- /Applications/Xcode.app/Contents/Developer/Toolchains/XcodeDefault.xctoolchain/usr/bin/clang -x objective-c -ivfsstatcache /Users/swan/Library/Developer/Xcode/DerivedData/SDKStatCaches.noindex/iphonesimulator26.4-23E237-686eebb5dc1d8ecb277353a59184f4aa.sdkstatcache -target arm64-apple-ios12.0-simulator -fmessage-length\=0 -fdiagnostics-show-note-include-stack -fmacro-backtrace-limit\=0 -fno-color-diagnostics -fmodules-prune-interval\=86400 -fmodules-prune-after\=345600 -fbuild-session-file\=/Users/swan/Library/Developer/Xcode/DerivedData/ModuleCache.noindex/Session.modulevalidation -fmodules-validate-once-per-build-session -Wnon-modular-include-in-framework-module -Werror\=non-modular-include-in-framework-module -Wno-trigraphs -Wno-missing-field-initializers -Wno-missing-prototypes -Werror\=return-type -Wdocumentation -Wunreachable-code -Wno-implicit-atomic-properties -Werror\=deprecated-objc-isa-usage -Wno-objc-interface-ivars -Werror\=objc-root-class -Wno-arc-repeated-use-of-weak -Wimplicit-retain-self -Wduplicate-method-match -Wno-missing-braces -Wparentheses -Wswitch -Wunused-function -Wno-unused-label -Wno-unused-parameter -Wunused-variable -Wunused-value -Wempty-body -Wuninitialized -Wconditional-uninitialized -Wno-unknown-pragmas -Wno-shadow -Wno-four-char-constants -Wno-conversion -Wconstant-conversion -Wint-conversion -Wbool-conversion -Wenum-conversion -Wno-float-conversion -Wnon-literal-null-conversion -Wobjc-literal-conversion -Wshorten-64-to-32 -Wpointer-sign -Wno-newline-eof -Wno-selector -Wno-strict-selector-match -Wundeclared-selector -Wdeprecated-implementations -Wno-implicit-fallthrough -isysroot /Applications/Xcode.app/Contents/Developer/Platforms/iPhoneSimulator.platform/Developer/SDKs/iPhoneSimulator26.4.sdk -fstrict-aliasing -Wprotocol -Wdeprecated-declarations -Wno-sign-conversion -Winfinite-recursion -Wcomma -Wblock-capture-autoreleasing -Wstrict-prototypes -Wno-semicolon-before-method-body -Wunguarded-availability -index-store-path /Users/swan/Library/Developer/Xcode/DerivedData/vantiq-ui-ios-gueetvuzmuxrbegsztzkuatnhugx/Index.noindex/DataStore @/Users/swan/Development/vantiq-ui-ios/Example/build/Pods.build/Debug-iphonesimulator/vantiq-sdk-ios.build/Objects-normal/arm64/e6072d4f65d7061329687fe24e3d63a7-common-args.resp -include /Users/swan/Development/vantiq-ui-ios/Example/Pods/Target\ Support\ Files/vantiq-sdk-ios/vantiq-sdk-ios-prefix.pch -MMD -MT dependencies -MF /Users/swan/Development/vantiq-ui-ios/Example/build/Pods.build/Debug-iphonesimulator/vantiq-sdk-ios.build/Objects-normal/arm64/vantiq-sdk-ios-dummy.d --serialize-diagnostics /Users/swan/Development/vantiq-ui-ios/Example/build/Pods.build/Debug-iphonesimulator/vantiq-sdk-ios.build/Objects-normal/arm64/vantiq-sdk-ios-dummy.dia -c /Users/swan/Development/vantiq-ui-ios/Example/Pods/Target\ Support\ Files/vantiq-sdk-ios/vantiq-sdk-ios-dummy.m -o /Users/swan/Development/vantiq-ui-ios/Example/build/Pods.build/Debug-iphonesimulator/vantiq-sdk-ios.build/Objects-normal/arm64/vantiq-sdk-ios-dummy.o -index-unit-output-path /Pods.build/Debug-iphonesimulator/vantiq-sdk-ios.build/Objects-normal/arm64/vantiq-sdk-ios-dummy.o

ScanDependencies /Users/swan/Development/vantiq-ui-ios/Example/build/Pods.build/Debug-iphonesimulator/JWT.build/Objects-normal/arm64/JWTCoding.o /Users/swan/Development/vantiq-ui-ios/Example/Pods/JWT/Classes/Coding/JWTCoding.m normal arm64 objective-c com.apple.compilers.llvm.clang.1_0.compiler (in target 'JWT' from project 'Pods')
    cd /Users/swan/Development/vantiq-ui-ios/Example/Pods
    
    Using response file: /Users/swan/Development/vantiq-ui-ios/Example/build/Pods.build/Debug-iphonesimulator/JWT.build/Objects-normal/arm64/e6072d4f65d7061329687fe24e3d63a7-common-args.resp
    
    builtin-ScanDependencies -o /Users/swan/Development/vantiq-ui-ios/Example/build/Pods.build/Debug-iphonesimulator/JWT.build/Objects-normal/arm64/JWTCoding.o.scan -- /Applications/Xcode.app/Contents/Developer/Toolchains/XcodeDefault.xctoolchain/usr/bin/clang -x objective-c -ivfsstatcache /Users/swan/Library/Developer/Xcode/DerivedData/SDKStatCaches.noindex/iphonesimulator26.4-23E237-686eebb5dc1d8ecb277353a59184f4aa.sdkstatcache -target arm64-apple-ios12.0-simulator -fmessage-length\=0 -fdiagnostics-show-note-include-stack -fmacro-backtrace-limit\=0 -fno-color-diagnostics -fmodules-prune-interval\=86400 -fmodules-prune-after\=345600 -fbuild-session-file\=/Users/swan/Library/Developer/Xcode/DerivedData/ModuleCache.noindex/Session.modulevalidation -fmodules-validate-once-per-build-session -Wnon-modular-include-in-framework-module -Werror\=non-modular-include-in-framework-module -Wno-trigraphs -Wno-missing-field-initializers -Wno-missing-prototypes -Werror\=return-type -Wdocumentation -Wunreachable-code -Wno-implicit-atomic-properties -Werror\=deprecated-objc-isa-usage -Wno-objc-interface-ivars -Werror\=objc-root-class -Wno-arc-repeated-use-of-weak -Wimplicit-retain-self -Wduplicate-method-match -Wno-missing-braces -Wparentheses -Wswitch -Wunused-function -Wno-unused-label -Wno-unused-parameter -Wunused-variable -Wunused-value -Wempty-body -Wuninitialized -Wconditional-uninitialized -Wno-unknown-pragmas -Wno-shadow -Wno-four-char-constants -Wno-conversion -Wconstant-conversion -Wint-conversion -Wbool-conversion -Wenum-conversion -Wno-float-conversion -Wnon-literal-null-conversion -Wobjc-literal-conversion -Wshorten-64-to-32 -Wpointer-sign -Wno-newline-eof -Wno-selector -Wno-strict-selector-match -Wundeclared-selector -Wdeprecated-implementations -Wno-implicit-fallthrough -isysroot /Applications/Xcode.app/Contents/Developer/Platforms/iPhoneSimulator.platform/Developer/SDKs/iPhoneSimulator26.4.sdk -fstrict-aliasing -Wprotocol -Wdeprecated-declarations -Wno-sign-conversion -Winfinite-recursion -Wcomma -Wblock-capture-autoreleasing -Wstrict-prototypes -Wno-semicolon-before-method-body -Wunguarded-availability -index-store-path /Users/swan/Library/Developer/Xcode/DerivedData/vantiq-ui-ios-gueetvuzmuxrbegsztzkuatnhugx/Index.noindex/DataStore @/Users/swan/Development/vantiq-ui-ios/Example/build/Pods.build/Debug-iphonesimulator/JWT.build/Objects-normal/arm64/e6072d4f65d7061329687fe24e3d63a7-common-args.resp -include /Users/swan/Development/vantiq-ui-ios/Example/Pods/Target\ Support\ Files/JWT/JWT-prefix.pch -MMD -MT dependencies -MF /Users/swan/Development/vantiq-ui-ios/Example/build/Pods.build/Debug-iphonesimulator/JWT.build/Objects-normal/arm64/JWTCoding.d --serialize-diagnostics /Users/swan/Development/vantiq-ui-ios/Example/build/Pods.build/Debug-iphonesimulator/JWT.build/Objects-normal/arm64/JWTCoding.dia -c /Users/swan/Development/vantiq-ui-ios/Example/Pods/JWT/Classes/Coding/JWTCoding.m -o /Users/swan/Development/vantiq-ui-ios/Example/build/Pods.build/Debug-iphonesimulator/JWT.build/Objects-normal/arm64/JWTCoding.o -index-unit-output-path /Pods.build/Debug-iphonesimulator/JWT.build/Objects-normal/arm64/JWTCoding.o

ScanDependencies /Users/swan/Development/vantiq-ui-ios/Example/build/Pods.build/Debug-iphonesimulator/JWT.build/Objects-normal/arm64/JWTClaimsSetVerifier.o /Users/swan/Development/vantiq-ui-ios/Example/Pods/JWT/Classes/ClaimSet/JWTClaimsSetVerifier.m normal arm64 objective-c com.apple.compilers.llvm.clang.1_0.compiler (in target 'JWT' from project 'Pods')
    cd /Users/swan/Development/vantiq-ui-ios/Example/Pods
    
    Using response file: /Users/swan/Development/vantiq-ui-ios/Example/build/Pods.build/Debug-iphonesimulator/JWT.build/Objects-normal/arm64/e6072d4f65d7061329687fe24e3d63a7-common-args.resp
    
    builtin-ScanDependencies -o /Users/swan/Development/vantiq-ui-ios/Example/build/Pods.build/Debug-iphonesimulator/JWT.build/Objects-normal/arm64/JWTClaimsSetVerifier.o.scan -- /Applications/Xcode.app/Contents/Developer/Toolchains/XcodeDefault.xctoolchain/usr/bin/clang -x objective-c -ivfsstatcache /Users/swan/Library/Developer/Xcode/DerivedData/SDKStatCaches.noindex/iphonesimulator26.4-23E237-686eebb5dc1d8ecb277353a59184f4aa.sdkstatcache -target arm64-apple-ios12.0-simulator -fmessage-length\=0 -fdiagnostics-show-note-include-stack -fmacro-backtrace-limit\=0 -fno-color-diagnostics -fmodules-prune-interval\=86400 -fmodules-prune-after\=345600 -fbuild-session-file\=/Users/swan/Library/Developer/Xcode/DerivedData/ModuleCache.noindex/Session.modulevalidation -fmodules-validate-once-per-build-session -Wnon-modular-include-in-framework-module -Werror\=non-modular-include-in-framework-module -Wno-trigraphs -Wno-missing-field-initializers -Wno-missing-prototypes -Werror\=return-type -Wdocumentation -Wunreachable-code -Wno-implicit-atomic-properties -Werror\=deprecated-objc-isa-usage -Wno-objc-interface-ivars -Werror\=objc-root-class -Wno-arc-repeated-use-of-weak -Wimplicit-retain-self -Wduplicate-method-match -Wno-missing-braces -Wparentheses -Wswitch -Wunused-function -Wno-unused-label -Wno-unused-parameter -Wunused-variable -Wunused-value -Wempty-body -Wuninitialized -Wconditional-uninitialized -Wno-unknown-pragmas -Wno-shadow -Wno-four-char-constants -Wno-conversion -Wconstant-conversion -Wint-conversion -Wbool-conversion -Wenum-conversion -Wno-float-conversion -Wnon-literal-null-conversion -Wobjc-literal-conversion -Wshorten-64-to-32 -Wpointer-sign -Wno-newline-eof -Wno-selector -Wno-strict-selector-match -Wundeclared-selector -Wdeprecated-implementations -Wno-implicit-fallthrough -isysroot /Applications/Xcode.app/Contents/Developer/Platforms/iPhoneSimulator.platform/Developer/SDKs/iPhoneSimulator26.4.sdk -fstrict-aliasing -Wprotocol -Wdeprecated-declarations -Wno-sign-conversion -Winfinite-recursion -Wcomma -Wblock-capture-autoreleasing -Wstrict-prototypes -Wno-semicolon-before-method-body -Wunguarded-availability -index-store-path /Users/swan/Library/Developer/Xcode/DerivedData/vantiq-ui-ios-gueetvuzmuxrbegsztzkuatnhugx/Index.noindex/DataStore @/Users/swan/Development/vantiq-ui-ios/Example/build/Pods.build/Debug-iphonesimulator/JWT.build/Objects-normal/arm64/e6072d4f65d7061329687fe24e3d63a7-common-args.resp -include /Users/swan/Development/vantiq-ui-ios/Example/Pods/Target\ Support\ Files/JWT/JWT-prefix.pch -MMD -MT dependencies -MF /Users/swan/Development/vantiq-ui-ios/Example/build/Pods.build/Debug-iphonesimulator/JWT.build/Objects-normal/arm64/JWTClaimsSetVerifier.d --serialize-diagnostics /Users/swan/Development/vantiq-ui-ios/Example/build/Pods.build/Debug-iphonesimulator/JWT.build/Objects-normal/arm64/JWTClaimsSetVerifier.dia -c /Users/swan/Development/vantiq-ui-ios/Example/Pods/JWT/Classes/ClaimSet/JWTClaimsSetVerifier.m -o /Users/swan/Development/vantiq-ui-ios/Example/build/Pods.build/Debug-iphonesimulator/JWT.build/Objects-normal/arm64/JWTClaimsSetVerifier.o -index-unit-output-path /Pods.build/Debug-iphonesimulator/JWT.build/Objects-normal/arm64/JWTClaimsSetVerifier.o

ScanDependencies /Users/swan/Development/vantiq-ui-ios/Example/build/Pods.build/Debug-iphonesimulator/JWT.build/Objects-normal/arm64/JWTClaimsSetSerializer.o /Users/swan/Development/vantiq-ui-ios/Example/Pods/JWT/Classes/ClaimSet/JWTClaimsSetSerializer.m normal arm64 objective-c com.apple.compilers.llvm.clang.1_0.compiler (in target 'JWT' from project 'Pods')
    cd /Users/swan/Development/vantiq-ui-ios/Example/Pods
    
    Using response file: /Users/swan/Development/vantiq-ui-ios/Example/build/Pods.build/Debug-iphonesimulator/JWT.build/Objects-normal/arm64/e6072d4f65d7061329687fe24e3d63a7-common-args.resp
    
    builtin-ScanDependencies -o /Users/swan/Development/vantiq-ui-ios/Example/build/Pods.build/Debug-iphonesimulator/JWT.build/Objects-normal/arm64/JWTClaimsSetSerializer.o.scan -- /Applications/Xcode.app/Contents/Developer/Toolchains/XcodeDefault.xctoolchain/usr/bin/clang -x objective-c -ivfsstatcache /Users/swan/Library/Developer/Xcode/DerivedData/SDKStatCaches.noindex/iphonesimulator26.4-23E237-686eebb5dc1d8ecb277353a59184f4aa.sdkstatcache -target arm64-apple-ios12.0-simulator -fmessage-length\=0 -fdiagnostics-show-note-include-stack -fmacro-backtrace-limit\=0 -fno-color-diagnostics -fmodules-prune-interval\=86400 -fmodules-prune-after\=345600 -fbuild-session-file\=/Users/swan/Library/Developer/Xcode/DerivedData/ModuleCache.noindex/Session.modulevalidation -fmodules-validate-once-per-build-session -Wnon-modular-include-in-framework-module -Werror\=non-modular-include-in-framework-module -Wno-trigraphs -Wno-missing-field-initializers -Wno-missing-prototypes -Werror\=return-type -Wdocumentation -Wunreachable-code -Wno-implicit-atomic-properties -Werror\=deprecated-objc-isa-usage -Wno-objc-interface-ivars -Werror\=objc-root-class -Wno-arc-repeated-use-of-weak -Wimplicit-retain-self -Wduplicate-method-match -Wno-missing-braces -Wparentheses -Wswitch -Wunused-function -Wno-unused-label -Wno-unused-parameter -Wunused-variable -Wunused-value -Wempty-body -Wuninitialized -Wconditional-uninitialized -Wno-unknown-pragmas -Wno-shadow -Wno-four-char-constants -Wno-conversion -Wconstant-conversion -Wint-conversion -Wbool-conversion -Wenum-conversion -Wno-float-conversion -Wnon-literal-null-conversion -Wobjc-literal-conversion -Wshorten-64-to-32 -Wpointer-sign -Wno-newline-eof -Wno-selector -Wno-strict-selector-match -Wundeclared-selector -Wdeprecated-implementations -Wno-implicit-fallthrough -isysroot /Applications/Xcode.app/Contents/Developer/Platforms/iPhoneSimulator.platform/Developer/SDKs/iPhoneSimulator26.4.sdk -fstrict-aliasing -Wprotocol -Wdeprecated-declarations -Wno-sign-conversion -Winfinite-recursion -Wcomma -Wblock-capture-autoreleasing -Wstrict-prototypes -Wno-semicolon-before-method-body -Wunguarded-availability -index-store-path /Users/swan/Library/Developer/Xcode/DerivedData/vantiq-ui-ios-gueetvuzmuxrbegsztzkuatnhugx/Index.noindex/DataStore @/Users/swan/Development/vantiq-ui-ios/Example/build/Pods.build/Debug-iphonesimulator/JWT.build/Objects-normal/arm64/e6072d4f65d7061329687fe24e3d63a7-common-args.resp -include /Users/swan/Development/vantiq-ui-ios/Example/Pods/Target\ Support\ Files/JWT/JWT-prefix.pch -MMD -MT dependencies -MF /Users/swan/Development/vantiq-ui-ios/Example/build/Pods.build/Debug-iphonesimulator/JWT.build/Objects-normal/arm64/JWTClaimsSetSerializer.d --serialize-diagnostics /Users/swan/Development/vantiq-ui-ios/Example/build/Pods.build/Debug-iphonesimulator/JWT.build/Objects-normal/arm64/JWTClaimsSetSerializer.dia -c /Users/swan/Development/vantiq-ui-ios/Example/Pods/JWT/Classes/ClaimSet/JWTClaimsSetSerializer.m -o /Users/swan/Development/vantiq-ui-ios/Example/build/Pods.build/Debug-iphonesimulator/JWT.build/Objects-normal/arm64/JWTClaimsSetSerializer.o -index-unit-output-path /Pods.build/Debug-iphonesimulator/JWT.build/Objects-normal/arm64/JWTClaimsSetSerializer.o

ScanDependencies /Users/swan/Development/vantiq-ui-ios/Example/build/Pods.build/Debug-iphonesimulator/Pods-vantiq-ui-ios_Example.build/Objects-normal/arm64/Pods_vantiq_ui_ios_Example_vers.o /Users/swan/Development/vantiq-ui-ios/Example/build/Pods.build/Debug-iphonesimulator/Pods-vantiq-ui-ios_Example.build/DerivedSources/Pods_vantiq_ui_ios_Example_vers.c normal arm64 c com.apple.compilers.llvm.clang.1_0.compiler (in target 'Pods-vantiq-ui-ios_Example' from project 'Pods')
    cd /Users/swan/Development/vantiq-ui-ios/Example/Pods
    
    Using response file: /Users/swan/Development/vantiq-ui-ios/Example/build/Pods.build/Debug-iphonesimulator/Pods-vantiq-ui-ios_Example.build/Objects-normal/arm64/7187679823f38a2a940e0043cdf9d637-common-args.resp
    
    builtin-ScanDependencies -o /Users/swan/Development/vantiq-ui-ios/Example/build/Pods.build/Debug-iphonesimulator/Pods-vantiq-ui-ios_Example.build/Objects-normal/arm64/Pods_vantiq_ui_ios_Example_vers.o.scan -- /Applications/Xcode.app/Contents/Developer/Toolchains/XcodeDefault.xctoolchain/usr/bin/clang -x c -ivfsstatcache /Users/swan/Library/Developer/Xcode/DerivedData/SDKStatCaches.noindex/iphonesimulator26.4-23E237-686eebb5dc1d8ecb277353a59184f4aa.sdkstatcache -target arm64-apple-ios12.0-simulator -fmessage-length\=0 -fdiagnostics-show-note-include-stack -fmacro-backtrace-limit\=0 -fno-color-diagnostics -fmodules-prune-interval\=86400 -fmodules-prune-after\=345600 -fbuild-session-file\=/Users/swan/Library/Developer/Xcode/DerivedData/ModuleCache.noindex/Session.modulevalidation -fmodules-validate-once-per-build-session -Wnon-modular-include-in-framework-module -Werror\=non-modular-include-in-framework-module -Wno-trigraphs -Wno-missing-field-initializers -Wno-missing-prototypes -Werror\=return-type -Wdocumentation -Wunreachable-code -Werror\=deprecated-objc-isa-usage -Werror\=objc-root-class -Wno-missing-braces -Wparentheses -Wswitch -Wunused-function -Wno-unused-label -Wno-unused-parameter -Wunused-variable -Wunused-value -Wempty-body -Wuninitialized -Wconditional-uninitialized -Wno-unknown-pragmas -Wno-shadow -Wno-four-char-constants -Wno-conversion -Wconstant-conversion -Wint-conversion -Wbool-conversion -Wenum-conversion -Wno-float-conversion -Wnon-literal-null-conversion -Wobjc-literal-conversion -Wshorten-64-to-32 -Wpointer-sign -Wno-newline-eof -Wno-implicit-fallthrough -isysroot /Applications/Xcode.app/Contents/Developer/Platforms/iPhoneSimulator.platform/Developer/SDKs/iPhoneSimulator26.4.sdk -fstrict-aliasing -Wdeprecated-declarations -Wno-sign-conversion -Winfinite-recursion -Wcomma -Wblock-capture-autoreleasing -Wstrict-prototypes -Wno-semicolon-before-method-body -Wunguarded-availability -index-store-path /Users/swan/Library/Developer/Xcode/DerivedData/vantiq-ui-ios-gueetvuzmuxrbegsztzkuatnhugx/Index.noindex/DataStore @/Users/swan/Development/vantiq-ui-ios/Example/build/Pods.build/Debug-iphonesimulator/Pods-vantiq-ui-ios_Example.build/Objects-normal/arm64/7187679823f38a2a940e0043cdf9d637-common-args.resp -MMD -MT dependencies -MF /Users/swan/Development/vantiq-ui-ios/Example/build/Pods.build/Debug-iphonesimulator/Pods-vantiq-ui-ios_Example.build/Objects-normal/arm64/Pods_vantiq_ui_ios_Example_vers.d --serialize-diagnostics /Users/swan/Development/vantiq-ui-ios/Example/build/Pods.build/Debug-iphonesimulator/Pods-vantiq-ui-ios_Example.build/Objects-normal/arm64/Pods_vantiq_ui_ios_Example_vers.dia -c /Users/swan/Development/vantiq-ui-ios/Example/build/Pods.build/Debug-iphonesimulator/Pods-vantiq-ui-ios_Example.build/DerivedSources/Pods_vantiq_ui_ios_Example_vers.c -o /Users/swan/Development/vantiq-ui-ios/Example/build/Pods.build/Debug-iphonesimulator/Pods-vantiq-ui-ios_Example.build/Objects-normal/arm64/Pods_vantiq_ui_ios_Example_vers.o -index-unit-output-path /Pods.build/Debug-iphonesimulator/Pods-vantiq-ui-ios_Example.build/Objects-normal/arm64/Pods_vantiq_ui_ios_Example_vers.o

ScanDependencies /Users/swan/Development/vantiq-ui-ios/Example/build/Pods.build/Debug-iphonesimulator/Pods-vantiq-ui-ios_Example.build/Objects-normal/arm64/Pods-vantiq-ui-ios_Example-dummy.o /Users/swan/Development/vantiq-ui-ios/Example/Pods/Target\ Support\ Files/Pods-vantiq-ui-ios_Example/Pods-vantiq-ui-ios_Example-dummy.m normal arm64 objective-c com.apple.compilers.llvm.clang.1_0.compiler (in target 'Pods-vantiq-ui-ios_Example' from project 'Pods')
    cd /Users/swan/Development/vantiq-ui-ios/Example/Pods
    
    Using response file: /Users/swan/Development/vantiq-ui-ios/Example/build/Pods.build/Debug-iphonesimulator/Pods-vantiq-ui-ios_Example.build/Objects-normal/arm64/e6072d4f65d7061329687fe24e3d63a7-common-args.resp
    
    builtin-ScanDependencies -o /Users/swan/Development/vantiq-ui-ios/Example/build/Pods.build/Debug-iphonesimulator/Pods-vantiq-ui-ios_Example.build/Objects-normal/arm64/Pods-vantiq-ui-ios_Example-dummy.o.scan -- /Applications/Xcode.app/Contents/Developer/Toolchains/XcodeDefault.xctoolchain/usr/bin/clang -x objective-c -ivfsstatcache /Users/swan/Library/Developer/Xcode/DerivedData/SDKStatCaches.noindex/iphonesimulator26.4-23E237-686eebb5dc1d8ecb277353a59184f4aa.sdkstatcache -target arm64-apple-ios12.0-simulator -fmessage-length\=0 -fdiagnostics-show-note-include-stack -fmacro-backtrace-limit\=0 -fno-color-diagnostics -fmodules-prune-interval\=86400 -fmodules-prune-after\=345600 -fbuild-session-file\=/Users/swan/Library/Developer/Xcode/DerivedData/ModuleCache.noindex/Session.modulevalidation -fmodules-validate-once-per-build-session -Wnon-modular-include-in-framework-module -Werror\=non-modular-include-in-framework-module -Wno-trigraphs -Wno-missing-field-initializers -Wno-missing-prototypes -Werror\=return-type -Wdocumentation -Wunreachable-code -Wno-implicit-atomic-properties -Werror\=deprecated-objc-isa-usage -Wno-objc-interface-ivars -Werror\=objc-root-class -Wno-arc-repeated-use-of-weak -Wimplicit-retain-self -Wduplicate-method-match -Wno-missing-braces -Wparentheses -Wswitch -Wunused-function -Wno-unused-label -Wno-unused-parameter -Wunused-variable -Wunused-value -Wempty-body -Wuninitialized -Wconditional-uninitialized -Wno-unknown-pragmas -Wno-shadow -Wno-four-char-constants -Wno-conversion -Wconstant-conversion -Wint-conversion -Wbool-conversion -Wenum-conversion -Wno-float-conversion -Wnon-literal-null-conversion -Wobjc-literal-conversion -Wshorten-64-to-32 -Wpointer-sign -Wno-newline-eof -Wno-selector -Wno-strict-selector-match -Wundeclared-selector -Wdeprecated-implementations -Wno-implicit-fallthrough -isysroot /Applications/Xcode.app/Contents/Developer/Platforms/iPhoneSimulator.platform/Developer/SDKs/iPhoneSimulator26.4.sdk -fstrict-aliasing -Wprotocol -Wdeprecated-declarations -Wno-sign-conversion -Winfinite-recursion -Wcomma -Wblock-capture-autoreleasing -Wstrict-prototypes -Wno-semicolon-before-method-body -Wunguarded-availability -index-store-path /Users/swan/Library/Developer/Xcode/DerivedData/vantiq-ui-ios-gueetvuzmuxrbegsztzkuatnhugx/Index.noindex/DataStore @/Users/swan/Development/vantiq-ui-ios/Example/build/Pods.build/Debug-iphonesimulator/Pods-vantiq-ui-ios_Example.build/Objects-normal/arm64/e6072d4f65d7061329687fe24e3d63a7-common-args.resp -MMD -MT dependencies -MF /Users/swan/Development/vantiq-ui-ios/Example/build/Pods.build/Debug-iphonesimulator/Pods-vantiq-ui-ios_Example.build/Objects-normal/arm64/Pods-vantiq-ui-ios_Example-dummy.d --serialize-diagnostics /Users/swan/Development/vantiq-ui-ios/Example/build/Pods.build/Debug-iphonesimulator/Pods-vantiq-ui-ios_Example.build/Objects-normal/arm64/Pods-vantiq-ui-ios_Example-dummy.dia -c /Users/swan/Development/vantiq-ui-ios/Example/Pods/Target\ Support\ Files/Pods-vantiq-ui-ios_Example/Pods-vantiq-ui-ios_Example-dummy.m -o /Users/swan/Development/vantiq-ui-ios/Example/build/Pods.build/Debug-iphonesimulator/Pods-vantiq-ui-ios_Example.build/Objects-normal/arm64/Pods-vantiq-ui-ios_Example-dummy.o -index-unit-output-path /Pods.build/Debug-iphonesimulator/Pods-vantiq-ui-ios_Example.build/Objects-normal/arm64/Pods-vantiq-ui-ios_Example-dummy.o

ScanDependencies /Users/swan/Development/vantiq-ui-ios/Example/build/Pods.build/Debug-iphonesimulator/JWT.build/Objects-normal/arm64/JWT_vers.o /Users/swan/Development/vantiq-ui-ios/Example/build/Pods.build/Debug-iphonesimulator/JWT.build/DerivedSources/JWT_vers.c normal arm64 c com.apple.compilers.llvm.clang.1_0.compiler (in target 'JWT' from project 'Pods')
    cd /Users/swan/Development/vantiq-ui-ios/Example/Pods
    
    Using response file: /Users/swan/Development/vantiq-ui-ios/Example/build/Pods.build/Debug-iphonesimulator/JWT.build/Objects-normal/arm64/7187679823f38a2a940e0043cdf9d637-common-args.resp
    
    builtin-ScanDependencies -o /Users/swan/Development/vantiq-ui-ios/Example/build/Pods.build/Debug-iphonesimulator/JWT.build/Objects-normal/arm64/JWT_vers.o.scan -- /Applications/Xcode.app/Contents/Developer/Toolchains/XcodeDefault.xctoolchain/usr/bin/clang -x c -ivfsstatcache /Users/swan/Library/Developer/Xcode/DerivedData/SDKStatCaches.noindex/iphonesimulator26.4-23E237-686eebb5dc1d8ecb277353a59184f4aa.sdkstatcache -target arm64-apple-ios12.0-simulator -fmessage-length\=0 -fdiagnostics-show-note-include-stack -fmacro-backtrace-limit\=0 -fno-color-diagnostics -fmodules-prune-interval\=86400 -fmodules-prune-after\=345600 -fbuild-session-file\=/Users/swan/Library/Developer/Xcode/DerivedData/ModuleCache.noindex/Session.modulevalidation -fmodules-validate-once-per-build-session -Wnon-modular-include-in-framework-module -Werror\=non-modular-include-in-framework-module -Wno-trigraphs -Wno-missing-field-initializers -Wno-missing-prototypes -Werror\=return-type -Wdocumentation -Wunreachable-code -Werror\=deprecated-objc-isa-usage -Werror\=objc-root-class -Wno-missing-braces -Wparentheses -Wswitch -Wunused-function -Wno-unused-label -Wno-unused-parameter -Wunused-variable -Wunused-value -Wempty-body -Wuninitialized -Wconditional-uninitialized -Wno-unknown-pragmas -Wno-shadow -Wno-four-char-constants -Wno-conversion -Wconstant-conversion -Wint-conversion -Wbool-conversion -Wenum-conversion -Wno-float-conversion -Wnon-literal-null-conversion -Wobjc-literal-conversion -Wshorten-64-to-32 -Wpointer-sign -Wno-newline-eof -Wno-implicit-fallthrough -isysroot /Applications/Xcode.app/Contents/Developer/Platforms/iPhoneSimulator.platform/Developer/SDKs/iPhoneSimulator26.4.sdk -fstrict-aliasing -Wdeprecated-declarations -Wno-sign-conversion -Winfinite-recursion -Wcomma -Wblock-capture-autoreleasing -Wstrict-prototypes -Wno-semicolon-before-method-body -Wunguarded-availability -index-store-path /Users/swan/Library/Developer/Xcode/DerivedData/vantiq-ui-ios-gueetvuzmuxrbegsztzkuatnhugx/Index.noindex/DataStore @/Users/swan/Development/vantiq-ui-ios/Example/build/Pods.build/Debug-iphonesimulator/JWT.build/Objects-normal/arm64/7187679823f38a2a940e0043cdf9d637-common-args.resp -MMD -MT dependencies -MF /Users/swan/Development/vantiq-ui-ios/Example/build/Pods.build/Debug-iphonesimulator/JWT.build/Objects-normal/arm64/JWT_vers.d --serialize-diagnostics /Users/swan/Development/vantiq-ui-ios/Example/build/Pods.build/Debug-iphonesimulator/JWT.build/Objects-normal/arm64/JWT_vers.dia -c /Users/swan/Development/vantiq-ui-ios/Example/build/Pods.build/Debug-iphonesimulator/JWT.build/DerivedSources/JWT_vers.c -o /Users/swan/Development/vantiq-ui-ios/Example/build/Pods.build/Debug-iphonesimulator/JWT.build/Objects-normal/arm64/JWT_vers.o -index-unit-output-path /Pods.build/Debug-iphonesimulator/JWT.build/Objects-normal/arm64/JWT_vers.o

ScanDependencies /Users/swan/Development/vantiq-ui-ios/Example/build/Pods.build/Debug-iphonesimulator/JWT.build/Objects-normal/arm64/JWTClaimsSet.o /Users/swan/Development/vantiq-ui-ios/Example/Pods/JWT/Classes/ClaimSet/JWTClaimsSet.m normal arm64 objective-c com.apple.compilers.llvm.clang.1_0.compiler (in target 'JWT' from project 'Pods')
    cd /Users/swan/Development/vantiq-ui-ios/Example/Pods
    
    Using response file: /Users/swan/Development/vantiq-ui-ios/Example/build/Pods.build/Debug-iphonesimulator/JWT.build/Objects-normal/arm64/e6072d4f65d7061329687fe24e3d63a7-common-args.resp
    
    builtin-ScanDependencies -o /Users/swan/Development/vantiq-ui-ios/Example/build/Pods.build/Debug-iphonesimulator/JWT.build/Objects-normal/arm64/JWTClaimsSet.o.scan -- /Applications/Xcode.app/Contents/Developer/Toolchains/XcodeDefault.xctoolchain/usr/bin/clang -x objective-c -ivfsstatcache /Users/swan/Library/Developer/Xcode/DerivedData/SDKStatCaches.noindex/iphonesimulator26.4-23E237-686eebb5dc1d8ecb277353a59184f4aa.sdkstatcache -target arm64-apple-ios12.0-simulator -fmessage-length\=0 -fdiagnostics-show-note-include-stack -fmacro-backtrace-limit\=0 -fno-color-diagnostics -fmodules-prune-interval\=86400 -fmodules-prune-after\=345600 -fbuild-session-file\=/Users/swan/Library/Developer/Xcode/DerivedData/ModuleCache.noindex/Session.modulevalidation -fmodules-validate-once-per-build-session -Wnon-modular-include-in-framework-module -Werror\=non-modular-include-in-framework-module -Wno-trigraphs -Wno-missing-field-initializers -Wno-missing-prototypes -Werror\=return-type -Wdocumentation -Wunreachable-code -Wno-implicit-atomic-properties -Werror\=deprecated-objc-isa-usage -Wno-objc-interface-ivars -Werror\=objc-root-class -Wno-arc-repeated-use-of-weak -Wimplicit-retain-self -Wduplicate-method-match -Wno-missing-braces -Wparentheses -Wswitch -Wunused-function -Wno-unused-label -Wno-unused-parameter -Wunused-variable -Wunused-value -Wempty-body -Wuninitialized -Wconditional-uninitialized -Wno-unknown-pragmas -Wno-shadow -Wno-four-char-constants -Wno-conversion -Wconstant-conversion -Wint-conversion -Wbool-conversion -Wenum-conversion -Wno-float-conversion -Wnon-literal-null-conversion -Wobjc-literal-conversion -Wshorten-64-to-32 -Wpointer-sign -Wno-newline-eof -Wno-selector -Wno-strict-selector-match -Wundeclared-selector -Wdeprecated-implementations -Wno-implicit-fallthrough -isysroot /Applications/Xcode.app/Contents/Developer/Platforms/iPhoneSimulator.platform/Developer/SDKs/iPhoneSimulator26.4.sdk -fstrict-aliasing -Wprotocol -Wdeprecated-declarations -Wno-sign-conversion -Winfinite-recursion -Wcomma -Wblock-capture-autoreleasing -Wstrict-prototypes -Wno-semicolon-before-method-body -Wunguarded-availability -index-store-path /Users/swan/Library/Developer/Xcode/DerivedData/vantiq-ui-ios-gueetvuzmuxrbegsztzkuatnhugx/Index.noindex/DataStore @/Users/swan/Development/vantiq-ui-ios/Example/build/Pods.build/Debug-iphonesimulator/JWT.build/Objects-normal/arm64/e6072d4f65d7061329687fe24e3d63a7-common-args.resp -include /Users/swan/Development/vantiq-ui-ios/Example/Pods/Target\ Support\ Files/JWT/JWT-prefix.pch -MMD -MT dependencies -MF /Users/swan/Development/vantiq-ui-ios/Example/build/Pods.build/Debug-iphonesimulator/JWT.build/Objects-normal/arm64/JWTClaimsSet.d --serialize-diagnostics /Users/swan/Development/vantiq-ui-ios/Example/build/Pods.build/Debug-iphonesimulator/JWT.build/Objects-normal/arm64/JWTClaimsSet.dia -c /Users/swan/Development/vantiq-ui-ios/Example/Pods/JWT/Classes/ClaimSet/JWTClaimsSet.m -o /Users/swan/Development/vantiq-ui-ios/Example/build/Pods.build/Debug-iphonesimulator/JWT.build/Objects-normal/arm64/JWTClaimsSet.o -index-unit-output-path /Pods.build/Debug-iphonesimulator/JWT.build/Objects-normal/arm64/JWTClaimsSet.o

CompileC /Users/swan/Development/vantiq-ui-ios/Example/build/Pods.build/Debug-iphonesimulator/vantiq-ui-ios.build/Objects-normal/arm64/vantiq_ui_ios_vers.o /Users/swan/Development/vantiq-ui-ios/Example/build/Pods.build/Debug-iphonesimulator/vantiq-ui-ios.build/DerivedSources/vantiq_ui_ios_vers.c normal arm64 c com.apple.compilers.llvm.clang.1_0.compiler (in target 'vantiq-ui-ios' from project 'Pods')
    cd /Users/swan/Development/vantiq-ui-ios/Example/Pods
    
    Using response file: /Users/swan/Development/vantiq-ui-ios/Example/build/Pods.build/Debug-iphonesimulator/vantiq-ui-ios.build/Objects-normal/arm64/7187679823f38a2a940e0043cdf9d637-common-args.resp
    
    /Applications/Xcode.app/Contents/Developer/Toolchains/XcodeDefault.xctoolchain/usr/bin/clang -x c -ivfsstatcache /Users/swan/Library/Developer/Xcode/DerivedData/SDKStatCaches.noindex/iphonesimulator26.4-23E237-686eebb5dc1d8ecb277353a59184f4aa.sdkstatcache -target arm64-apple-ios12.0-simulator -fmessage-length\=0 -fdiagnostics-show-note-include-stack -fmacro-backtrace-limit\=0 -fno-color-diagnostics -fmodules-prune-interval\=86400 -fmodules-prune-after\=345600 -fbuild-session-file\=/Users/swan/Library/Developer/Xcode/DerivedData/ModuleCache.noindex/Session.modulevalidation -fmodules-validate-once-per-build-session -Wnon-modular-include-in-framework-module -Werror\=non-modular-include-in-framework-module -Wno-trigraphs -Wno-missing-field-initializers -Wno-missing-prototypes -Werror\=return-type -Wdocumentation -Wunreachable-code -Werror\=deprecated-objc-isa-usage -Werror\=objc-root-class -Wno-missing-braces -Wparentheses -Wswitch -Wunused-function -Wno-unused-label -Wno-unused-parameter -Wunused-variable -Wunused-value -Wempty-body -Wuninitialized -Wconditional-uninitialized -Wno-unknown-pragmas -Wno-shadow -Wno-four-char-constants -Wno-conversion -Wconstant-conversion -Wint-conversion -Wbool-conversion -Wenum-conversion -Wno-float-conversion -Wnon-literal-null-conversion -Wobjc-literal-conversion -Wshorten-64-to-32 -Wpointer-sign -Wno-newline-eof -Wno-implicit-fallthrough -isysroot /Applications/Xcode.app/Contents/Developer/Platforms/iPhoneSimulator.platform/Developer/SDKs/iPhoneSimulator26.4.sdk -fstrict-aliasing -Wdeprecated-declarations -Wno-sign-conversion -Winfinite-recursion -Wcomma -Wblock-capture-autoreleasing -Wstrict-prototypes -Wno-semicolon-before-method-body -Wunguarded-availability -index-store-path /Users/swan/Library/Developer/Xcode/DerivedData/vantiq-ui-ios-gueetvuzmuxrbegsztzkuatnhugx/Index.noindex/DataStore @/Users/swan/Development/vantiq-ui-ios/Example/build/Pods.build/Debug-iphonesimulator/vantiq-ui-ios.build/Objects-normal/arm64/7187679823f38a2a940e0043cdf9d637-common-args.resp -MMD -MT dependencies -MF /Users/swan/Development/vantiq-ui-ios/Example/build/Pods.build/Debug-iphonesimulator/vantiq-ui-ios.build/Objects-normal/arm64/vantiq_ui_ios_vers.d --serialize-diagnostics /Users/swan/Development/vantiq-ui-ios/Example/build/Pods.build/Debug-iphonesimulator/vantiq-ui-ios.build/Objects-normal/arm64/vantiq_ui_ios_vers.dia -c /Users/swan/Development/vantiq-ui-ios/Example/build/Pods.build/Debug-iphonesimulator/vantiq-ui-ios.build/DerivedSources/vantiq_ui_ios_vers.c -o /Users/swan/Development/vantiq-ui-ios/Example/build/Pods.build/Debug-iphonesimulator/vantiq-ui-ios.build/Objects-normal/arm64/vantiq_ui_ios_vers.o -index-unit-output-path /Pods.build/Debug-iphonesimulator/vantiq-ui-ios.build/Objects-normal/arm64/vantiq_ui_ios_vers.o

CompileC /Users/swan/Development/vantiq-ui-ios/Example/build/Pods.build/Debug-iphonesimulator/vantiq-sdk-ios.build/Objects-normal/arm64/vantiq_sdk_ios_vers.o /Users/swan/Development/vantiq-ui-ios/Example/build/Pods.build/Debug-iphonesimulator/vantiq-sdk-ios.build/DerivedSources/vantiq_sdk_ios_vers.c normal arm64 c com.apple.compilers.llvm.clang.1_0.compiler (in target 'vantiq-sdk-ios' from project 'Pods')
    cd /Users/swan/Development/vantiq-ui-ios/Example/Pods
    
    Using response file: /Users/swan/Development/vantiq-ui-ios/Example/build/Pods.build/Debug-iphonesimulator/vantiq-sdk-ios.build/Objects-normal/arm64/7187679823f38a2a940e0043cdf9d637-common-args.resp
    
    /Applications/Xcode.app/Contents/Developer/Toolchains/XcodeDefault.xctoolchain/usr/bin/clang -x c -ivfsstatcache /Users/swan/Library/Developer/Xcode/DerivedData/SDKStatCaches.noindex/iphonesimulator26.4-23E237-686eebb5dc1d8ecb277353a59184f4aa.sdkstatcache -target arm64-apple-ios12.0-simulator -fmessage-length\=0 -fdiagnostics-show-note-include-stack -fmacro-backtrace-limit\=0 -fno-color-diagnostics -fmodules-prune-interval\=86400 -fmodules-prune-after\=345600 -fbuild-session-file\=/Users/swan/Library/Developer/Xcode/DerivedData/ModuleCache.noindex/Session.modulevalidation -fmodules-validate-once-per-build-session -Wnon-modular-include-in-framework-module -Werror\=non-modular-include-in-framework-module -Wno-trigraphs -Wno-missing-field-initializers -Wno-missing-prototypes -Werror\=return-type -Wdocumentation -Wunreachable-code -Werror\=deprecated-objc-isa-usage -Werror\=objc-root-class -Wno-missing-braces -Wparentheses -Wswitch -Wunused-function -Wno-unused-label -Wno-unused-parameter -Wunused-variable -Wunused-value -Wempty-body -Wuninitialized -Wconditional-uninitialized -Wno-unknown-pragmas -Wno-shadow -Wno-four-char-constants -Wno-conversion -Wconstant-conversion -Wint-conversion -Wbool-conversion -Wenum-conversion -Wno-float-conversion -Wnon-literal-null-conversion -Wobjc-literal-conversion -Wshorten-64-to-32 -Wpointer-sign -Wno-newline-eof -Wno-implicit-fallthrough -isysroot /Applications/Xcode.app/Contents/Developer/Platforms/iPhoneSimulator.platform/Developer/SDKs/iPhoneSimulator26.4.sdk -fstrict-aliasing -Wdeprecated-declarations -Wno-sign-conversion -Winfinite-recursion -Wcomma -Wblock-capture-autoreleasing -Wstrict-prototypes -Wno-semicolon-before-method-body -Wunguarded-availability -index-store-path /Users/swan/Library/Developer/Xcode/DerivedData/vantiq-ui-ios-gueetvuzmuxrbegsztzkuatnhugx/Index.noindex/DataStore @/Users/swan/Development/vantiq-ui-ios/Example/build/Pods.build/Debug-iphonesimulator/vantiq-sdk-ios.build/Objects-normal/arm64/7187679823f38a2a940e0043cdf9d637-common-args.resp -MMD -MT dependencies -MF /Users/swan/Development/vantiq-ui-ios/Example/build/Pods.build/Debug-iphonesimulator/vantiq-sdk-ios.build/Objects-normal/arm64/vantiq_sdk_ios_vers.d --serialize-diagnostics /Users/swan/Development/vantiq-ui-ios/Example/build/Pods.build/Debug-iphonesimulator/vantiq-sdk-ios.build/Objects-normal/arm64/vantiq_sdk_ios_vers.dia -c /Users/swan/Development/vantiq-ui-ios/Example/build/Pods.build/Debug-iphonesimulator/vantiq-sdk-ios.build/DerivedSources/vantiq_sdk_ios_vers.c -o /Users/swan/Development/vantiq-ui-ios/Example/build/Pods.build/Debug-iphonesimulator/vantiq-sdk-ios.build/Objects-normal/arm64/vantiq_sdk_ios_vers.o -index-unit-output-path /Pods.build/Debug-iphonesimulator/vantiq-sdk-ios.build/Objects-normal/arm64/vantiq_sdk_ios_vers.o

CompileC /Users/swan/Development/vantiq-ui-ios/Example/build/Pods.build/Debug-iphonesimulator/Pods-vantiq-ui-ios_Example.build/Objects-normal/arm64/Pods_vantiq_ui_ios_Example_vers.o /Users/swan/Development/vantiq-ui-ios/Example/build/Pods.build/Debug-iphonesimulator/Pods-vantiq-ui-ios_Example.build/DerivedSources/Pods_vantiq_ui_ios_Example_vers.c normal arm64 c com.apple.compilers.llvm.clang.1_0.compiler (in target 'Pods-vantiq-ui-ios_Example' from project 'Pods')
    cd /Users/swan/Development/vantiq-ui-ios/Example/Pods
    
    Using response file: /Users/swan/Development/vantiq-ui-ios/Example/build/Pods.build/Debug-iphonesimulator/Pods-vantiq-ui-ios_Example.build/Objects-normal/arm64/7187679823f38a2a940e0043cdf9d637-common-args.resp
    
    /Applications/Xcode.app/Contents/Developer/Toolchains/XcodeDefault.xctoolchain/usr/bin/clang -x c -ivfsstatcache /Users/swan/Library/Developer/Xcode/DerivedData/SDKStatCaches.noindex/iphonesimulator26.4-23E237-686eebb5dc1d8ecb277353a59184f4aa.sdkstatcache -target arm64-apple-ios12.0-simulator -fmessage-length\=0 -fdiagnostics-show-note-include-stack -fmacro-backtrace-limit\=0 -fno-color-diagnostics -fmodules-prune-interval\=86400 -fmodules-prune-after\=345600 -fbuild-session-file\=/Users/swan/Library/Developer/Xcode/DerivedData/ModuleCache.noindex/Session.modulevalidation -fmodules-validate-once-per-build-session -Wnon-modular-include-in-framework-module -Werror\=non-modular-include-in-framework-module -Wno-trigraphs -Wno-missing-field-initializers -Wno-missing-prototypes -Werror\=return-type -Wdocumentation -Wunreachable-code -Werror\=deprecated-objc-isa-usage -Werror\=objc-root-class -Wno-missing-braces -Wparentheses -Wswitch -Wunused-function -Wno-unused-label -Wno-unused-parameter -Wunused-variable -Wunused-value -Wempty-body -Wuninitialized -Wconditional-uninitialized -Wno-unknown-pragmas -Wno-shadow -Wno-four-char-constants -Wno-conversion -Wconstant-conversion -Wint-conversion -Wbool-conversion -Wenum-conversion -Wno-float-conversion -Wnon-literal-null-conversion -Wobjc-literal-conversion -Wshorten-64-to-32 -Wpointer-sign -Wno-newline-eof -Wno-implicit-fallthrough -isysroot /Applications/Xcode.app/Contents/Developer/Platforms/iPhoneSimulator.platform/Developer/SDKs/iPhoneSimulator26.4.sdk -fstrict-aliasing -Wdeprecated-declarations -Wno-sign-conversion -Winfinite-recursion -Wcomma -Wblock-capture-autoreleasing -Wstrict-prototypes -Wno-semicolon-before-method-body -Wunguarded-availability -index-store-path /Users/swan/Library/Developer/Xcode/DerivedData/vantiq-ui-ios-gueetvuzmuxrbegsztzkuatnhugx/Index.noindex/DataStore @/Users/swan/Development/vantiq-ui-ios/Example/build/Pods.build/Debug-iphonesimulator/Pods-vantiq-ui-ios_Example.build/Objects-normal/arm64/7187679823f38a2a940e0043cdf9d637-common-args.resp -MMD -MT dependencies -MF /Users/swan/Development/vantiq-ui-ios/Example/build/Pods.build/Debug-iphonesimulator/Pods-vantiq-ui-ios_Example.build/Objects-normal/arm64/Pods_vantiq_ui_ios_Example_vers.d --serialize-diagnostics /Users/swan/Development/vantiq-ui-ios/Example/build/Pods.build/Debug-iphonesimulator/Pods-vantiq-ui-ios_Example.build/Objects-normal/arm64/Pods_vantiq_ui_ios_Example_vers.dia -c /Users/swan/Development/vantiq-ui-ios/Example/build/Pods.build/Debug-iphonesimulator/Pods-vantiq-ui-ios_Example.build/DerivedSources/Pods_vantiq_ui_ios_Example_vers.c -o /Users/swan/Development/vantiq-ui-ios/Example/build/Pods.build/Debug-iphonesimulator/Pods-vantiq-ui-ios_Example.build/Objects-normal/arm64/Pods_vantiq_ui_ios_Example_vers.o -index-unit-output-path /Pods.build/Debug-iphonesimulator/Pods-vantiq-ui-ios_Example.build/Objects-normal/arm64/Pods_vantiq_ui_ios_Example_vers.o

CompileC /Users/swan/Development/vantiq-ui-ios/Example/build/Pods.build/Debug-iphonesimulator/JWT.build/Objects-normal/arm64/JWT_vers.o /Users/swan/Development/vantiq-ui-ios/Example/build/Pods.build/Debug-iphonesimulator/JWT.build/DerivedSources/JWT_vers.c normal arm64 c com.apple.compilers.llvm.clang.1_0.compiler (in target 'JWT' from project 'Pods')
    cd /Users/swan/Development/vantiq-ui-ios/Example/Pods
    
    Using response file: /Users/swan/Development/vantiq-ui-ios/Example/build/Pods.build/Debug-iphonesimulator/JWT.build/Objects-normal/arm64/7187679823f38a2a940e0043cdf9d637-common-args.resp
    
    /Applications/Xcode.app/Contents/Developer/Toolchains/XcodeDefault.xctoolchain/usr/bin/clang -x c -ivfsstatcache /Users/swan/Library/Developer/Xcode/DerivedData/SDKStatCaches.noindex/iphonesimulator26.4-23E237-686eebb5dc1d8ecb277353a59184f4aa.sdkstatcache -target arm64-apple-ios12.0-simulator -fmessage-length\=0 -fdiagnostics-show-note-include-stack -fmacro-backtrace-limit\=0 -fno-color-diagnostics -fmodules-prune-interval\=86400 -fmodules-prune-after\=345600 -fbuild-session-file\=/Users/swan/Library/Developer/Xcode/DerivedData/ModuleCache.noindex/Session.modulevalidation -fmodules-validate-once-per-build-session -Wnon-modular-include-in-framework-module -Werror\=non-modular-include-in-framework-module -Wno-trigraphs -Wno-missing-field-initializers -Wno-missing-prototypes -Werror\=return-type -Wdocumentation -Wunreachable-code -Werror\=deprecated-objc-isa-usage -Werror\=objc-root-class -Wno-missing-braces -Wparentheses -Wswitch -Wunused-function -Wno-unused-label -Wno-unused-parameter -Wunused-variable -Wunused-value -Wempty-body -Wuninitialized -Wconditional-uninitialized -Wno-unknown-pragmas -Wno-shadow -Wno-four-char-constants -Wno-conversion -Wconstant-conversion -Wint-conversion -Wbool-conversion -Wenum-conversion -Wno-float-conversion -Wnon-literal-null-conversion -Wobjc-literal-conversion -Wshorten-64-to-32 -Wpointer-sign -Wno-newline-eof -Wno-implicit-fallthrough -isysroot /Applications/Xcode.app/Contents/Developer/Platforms/iPhoneSimulator.platform/Developer/SDKs/iPhoneSimulator26.4.sdk -fstrict-aliasing -Wdeprecated-declarations -Wno-sign-conversion -Winfinite-recursion -Wcomma -Wblock-capture-autoreleasing -Wstrict-prototypes -Wno-semicolon-before-method-body -Wunguarded-availability -index-store-path /Users/swan/Library/Developer/Xcode/DerivedData/vantiq-ui-ios-gueetvuzmuxrbegsztzkuatnhugx/Index.noindex/DataStore @/Users/swan/Development/vantiq-ui-ios/Example/build/Pods.build/Debug-iphonesimulator/JWT.build/Objects-normal/arm64/7187679823f38a2a940e0043cdf9d637-common-args.resp -MMD -MT dependencies -MF /Users/swan/Development/vantiq-ui-ios/Example/build/Pods.build/Debug-iphonesimulator/JWT.build/Objects-normal/arm64/JWT_vers.d --serialize-diagnostics /Users/swan/Development/vantiq-ui-ios/Example/build/Pods.build/Debug-iphonesimulator/JWT.build/Objects-normal/arm64/JWT_vers.dia -c /Users/swan/Development/vantiq-ui-ios/Example/build/Pods.build/Debug-iphonesimulator/JWT.build/DerivedSources/JWT_vers.c -o /Users/swan/Development/vantiq-ui-ios/Example/build/Pods.build/Debug-iphonesimulator/JWT.build/Objects-normal/arm64/JWT_vers.o -index-unit-output-path /Pods.build/Debug-iphonesimulator/JWT.build/Objects-normal/arm64/JWT_vers.o

ScanDependencies /Users/swan/Development/vantiq-ui-ios/Example/build/Pods.build/Debug-iphonesimulator/JWT.build/Objects-normal/arm64/JWTClaim.o /Users/swan/Development/vantiq-ui-ios/Example/Pods/JWT/Classes/ClaimSet/JWTClaim.m normal arm64 objective-c com.apple.compilers.llvm.clang.1_0.compiler (in target 'JWT' from project 'Pods')
    cd /Users/swan/Development/vantiq-ui-ios/Example/Pods
    
    Using response file: /Users/swan/Development/vantiq-ui-ios/Example/build/Pods.build/Debug-iphonesimulator/JWT.build/Objects-normal/arm64/e6072d4f65d7061329687fe24e3d63a7-common-args.resp
    
    builtin-ScanDependencies -o /Users/swan/Development/vantiq-ui-ios/Example/build/Pods.build/Debug-iphonesimulator/JWT.build/Objects-normal/arm64/JWTClaim.o.scan -- /Applications/Xcode.app/Contents/Developer/Toolchains/XcodeDefault.xctoolchain/usr/bin/clang -x objective-c -ivfsstatcache /Users/swan/Library/Developer/Xcode/DerivedData/SDKStatCaches.noindex/iphonesimulator26.4-23E237-686eebb5dc1d8ecb277353a59184f4aa.sdkstatcache -target arm64-apple-ios12.0-simulator -fmessage-length\=0 -fdiagnostics-show-note-include-stack -fmacro-backtrace-limit\=0 -fno-color-diagnostics -fmodules-prune-interval\=86400 -fmodules-prune-after\=345600 -fbuild-session-file\=/Users/swan/Library/Developer/Xcode/DerivedData/ModuleCache.noindex/Session.modulevalidation -fmodules-validate-once-per-build-session -Wnon-modular-include-in-framework-module -Werror\=non-modular-include-in-framework-module -Wno-trigraphs -Wno-missing-field-initializers -Wno-missing-prototypes -Werror\=return-type -Wdocumentation -Wunreachable-code -Wno-implicit-atomic-properties -Werror\=deprecated-objc-isa-usage -Wno-objc-interface-ivars -Werror\=objc-root-class -Wno-arc-repeated-use-of-weak -Wimplicit-retain-self -Wduplicate-method-match -Wno-missing-braces -Wparentheses -Wswitch -Wunused-function -Wno-unused-label -Wno-unused-parameter -Wunused-variable -Wunused-value -Wempty-body -Wuninitialized -Wconditional-uninitialized -Wno-unknown-pragmas -Wno-shadow -Wno-four-char-constants -Wno-conversion -Wconstant-conversion -Wint-conversion -Wbool-conversion -Wenum-conversion -Wno-float-conversion -Wnon-literal-null-conversion -Wobjc-literal-conversion -Wshorten-64-to-32 -Wpointer-sign -Wno-newline-eof -Wno-selector -Wno-strict-selector-match -Wundeclared-selector -Wdeprecated-implementations -Wno-implicit-fallthrough -isysroot /Applications/Xcode.app/Contents/Developer/Platforms/iPhoneSimulator.platform/Developer/SDKs/iPhoneSimulator26.4.sdk -fstrict-aliasing -Wprotocol -Wdeprecated-declarations -Wno-sign-conversion -Winfinite-recursion -Wcomma -Wblock-capture-autoreleasing -Wstrict-prototypes -Wno-semicolon-before-method-body -Wunguarded-availability -index-store-path /Users/swan/Library/Developer/Xcode/DerivedData/vantiq-ui-ios-gueetvuzmuxrbegsztzkuatnhugx/Index.noindex/DataStore @/Users/swan/Development/vantiq-ui-ios/Example/build/Pods.build/Debug-iphonesimulator/JWT.build/Objects-normal/arm64/e6072d4f65d7061329687fe24e3d63a7-common-args.resp -include /Users/swan/Development/vantiq-ui-ios/Example/Pods/Target\ Support\ Files/JWT/JWT-prefix.pch -MMD -MT dependencies -MF /Users/swan/Development/vantiq-ui-ios/Example/build/Pods.build/Debug-iphonesimulator/JWT.build/Objects-normal/arm64/JWTClaim.d --serialize-diagnostics /Users/swan/Development/vantiq-ui-ios/Example/build/Pods.build/Debug-iphonesimulator/JWT.build/Objects-normal/arm64/JWTClaim.dia -c /Users/swan/Development/vantiq-ui-ios/Example/Pods/JWT/Classes/ClaimSet/JWTClaim.m -o /Users/swan/Development/vantiq-ui-ios/Example/build/Pods.build/Debug-iphonesimulator/JWT.build/Objects-normal/arm64/JWTClaim.o -index-unit-output-path /Pods.build/Debug-iphonesimulator/JWT.build/Objects-normal/arm64/JWTClaim.o

ScanDependencies /Users/swan/Development/vantiq-ui-ios/Example/build/Pods.build/Debug-iphonesimulator/JWT.build/Objects-normal/arm64/JWTBase64Coder.o /Users/swan/Development/vantiq-ui-ios/Example/Pods/JWT/Classes/Supplement/JWTBase64Coder.m normal arm64 objective-c com.apple.compilers.llvm.clang.1_0.compiler (in target 'JWT' from project 'Pods')
    cd /Users/swan/Development/vantiq-ui-ios/Example/Pods
    
    Using response file: /Users/swan/Development/vantiq-ui-ios/Example/build/Pods.build/Debug-iphonesimulator/JWT.build/Objects-normal/arm64/e6072d4f65d7061329687fe24e3d63a7-common-args.resp
    
    builtin-ScanDependencies -o /Users/swan/Development/vantiq-ui-ios/Example/build/Pods.build/Debug-iphonesimulator/JWT.build/Objects-normal/arm64/JWTBase64Coder.o.scan -- /Applications/Xcode.app/Contents/Developer/Toolchains/XcodeDefault.xctoolchain/usr/bin/clang -x objective-c -ivfsstatcache /Users/swan/Library/Developer/Xcode/DerivedData/SDKStatCaches.noindex/iphonesimulator26.4-23E237-686eebb5dc1d8ecb277353a59184f4aa.sdkstatcache -target arm64-apple-ios12.0-simulator -fmessage-length\=0 -fdiagnostics-show-note-include-stack -fmacro-backtrace-limit\=0 -fno-color-diagnostics -fmodules-prune-interval\=86400 -fmodules-prune-after\=345600 -fbuild-session-file\=/Users/swan/Library/Developer/Xcode/DerivedData/ModuleCache.noindex/Session.modulevalidation -fmodules-validate-once-per-build-session -Wnon-modular-include-in-framework-module -Werror\=non-modular-include-in-framework-module -Wno-trigraphs -Wno-missing-field-initializers -Wno-missing-prototypes -Werror\=return-type -Wdocumentation -Wunreachable-code -Wno-implicit-atomic-properties -Werror\=deprecated-objc-isa-usage -Wno-objc-interface-ivars -Werror\=objc-root-class -Wno-arc-repeated-use-of-weak -Wimplicit-retain-self -Wduplicate-method-match -Wno-missing-braces -Wparentheses -Wswitch -Wunused-function -Wno-unused-label -Wno-unused-parameter -Wunused-variable -Wunused-value -Wempty-body -Wuninitialized -Wconditional-uninitialized -Wno-unknown-pragmas -Wno-shadow -Wno-four-char-constants -Wno-conversion -Wconstant-conversion -Wint-conversion -Wbool-conversion -Wenum-conversion -Wno-float-conversion -Wnon-literal-null-conversion -Wobjc-literal-conversion -Wshorten-64-to-32 -Wpointer-sign -Wno-newline-eof -Wno-selector -Wno-strict-selector-match -Wundeclared-selector -Wdeprecated-implementations -Wno-implicit-fallthrough -isysroot /Applications/Xcode.app/Contents/Developer/Platforms/iPhoneSimulator.platform/Developer/SDKs/iPhoneSimulator26.4.sdk -fstrict-aliasing -Wprotocol -Wdeprecated-declarations -Wno-sign-conversion -Winfinite-recursion -Wcomma -Wblock-capture-autoreleasing -Wstrict-prototypes -Wno-semicolon-before-method-body -Wunguarded-availability -index-store-path /Users/swan/Library/Developer/Xcode/DerivedData/vantiq-ui-ios-gueetvuzmuxrbegsztzkuatnhugx/Index.noindex/DataStore @/Users/swan/Development/vantiq-ui-ios/Example/build/Pods.build/Debug-iphonesimulator/JWT.build/Objects-normal/arm64/e6072d4f65d7061329687fe24e3d63a7-common-args.resp -include /Users/swan/Development/vantiq-ui-ios/Example/Pods/Target\ Support\ Files/JWT/JWT-prefix.pch -MMD -MT dependencies -MF /Users/swan/Development/vantiq-ui-ios/Example/build/Pods.build/Debug-iphonesimulator/JWT.build/Objects-normal/arm64/JWTBase64Coder.d --serialize-diagnostics /Users/swan/Development/vantiq-ui-ios/Example/build/Pods.build/Debug-iphonesimulator/JWT.build/Objects-normal/arm64/JWTBase64Coder.dia -c /Users/swan/Development/vantiq-ui-ios/Example/Pods/JWT/Classes/Supplement/JWTBase64Coder.m -o /Users/swan/Development/vantiq-ui-ios/Example/build/Pods.build/Debug-iphonesimulator/JWT.build/Objects-normal/arm64/JWTBase64Coder.o -index-unit-output-path /Pods.build/Debug-iphonesimulator/JWT.build/Objects-normal/arm64/JWTBase64Coder.o

ScanDependencies /Users/swan/Development/vantiq-ui-ios/Example/build/Pods.build/Debug-iphonesimulator/JWT.build/Objects-normal/arm64/JWTAlgorithmRSBase.o /Users/swan/Development/vantiq-ui-ios/Example/Pods/JWT/Classes/Algorithms/RSFamily/JWTAlgorithmRSBase.m normal arm64 objective-c com.apple.compilers.llvm.clang.1_0.compiler (in target 'JWT' from project 'Pods')
    cd /Users/swan/Development/vantiq-ui-ios/Example/Pods
    
    Using response file: /Users/swan/Development/vantiq-ui-ios/Example/build/Pods.build/Debug-iphonesimulator/JWT.build/Objects-normal/arm64/e6072d4f65d7061329687fe24e3d63a7-common-args.resp
    
    builtin-ScanDependencies -o /Users/swan/Development/vantiq-ui-ios/Example/build/Pods.build/Debug-iphonesimulator/JWT.build/Objects-normal/arm64/JWTAlgorithmRSBase.o.scan -- /Applications/Xcode.app/Contents/Developer/Toolchains/XcodeDefault.xctoolchain/usr/bin/clang -x objective-c -ivfsstatcache /Users/swan/Library/Developer/Xcode/DerivedData/SDKStatCaches.noindex/iphonesimulator26.4-23E237-686eebb5dc1d8ecb277353a59184f4aa.sdkstatcache -target arm64-apple-ios12.0-simulator -fmessage-length\=0 -fdiagnostics-show-note-include-stack -fmacro-backtrace-limit\=0 -fno-color-diagnostics -fmodules-prune-interval\=86400 -fmodules-prune-after\=345600 -fbuild-session-file\=/Users/swan/Library/Developer/Xcode/DerivedData/ModuleCache.noindex/Session.modulevalidation -fmodules-validate-once-per-build-session -Wnon-modular-include-in-framework-module -Werror\=non-modular-include-in-framework-module -Wno-trigraphs -Wno-missing-field-initializers -Wno-missing-prototypes -Werror\=return-type -Wdocumentation -Wunreachable-code -Wno-implicit-atomic-properties -Werror\=deprecated-objc-isa-usage -Wno-objc-interface-ivars -Werror\=objc-root-class -Wno-arc-repeated-use-of-weak -Wimplicit-retain-self -Wduplicate-method-match -Wno-missing-braces -Wparentheses -Wswitch -Wunused-function -Wno-unused-label -Wno-unused-parameter -Wunused-variable -Wunused-value -Wempty-body -Wuninitialized -Wconditional-uninitialized -Wno-unknown-pragmas -Wno-shadow -Wno-four-char-constants -Wno-conversion -Wconstant-conversion -Wint-conversion -Wbool-conversion -Wenum-conversion -Wno-float-conversion -Wnon-literal-null-conversion -Wobjc-literal-conversion -Wshorten-64-to-32 -Wpointer-sign -Wno-newline-eof -Wno-selector -Wno-strict-selector-match -Wundeclared-selector -Wdeprecated-implementations -Wno-implicit-fallthrough -isysroot /Applications/Xcode.app/Contents/Developer/Platforms/iPhoneSimulator.platform/Developer/SDKs/iPhoneSimulator26.4.sdk -fstrict-aliasing -Wprotocol -Wdeprecated-declarations -Wno-sign-conversion -Winfinite-recursion -Wcomma -Wblock-capture-autoreleasing -Wstrict-prototypes -Wno-semicolon-before-method-body -Wunguarded-availability -index-store-path /Users/swan/Library/Developer/Xcode/DerivedData/vantiq-ui-ios-gueetvuzmuxrbegsztzkuatnhugx/Index.noindex/DataStore @/Users/swan/Development/vantiq-ui-ios/Example/build/Pods.build/Debug-iphonesimulator/JWT.build/Objects-normal/arm64/e6072d4f65d7061329687fe24e3d63a7-common-args.resp -include /Users/swan/Development/vantiq-ui-ios/Example/Pods/Target\ Support\ Files/JWT/JWT-prefix.pch -MMD -MT dependencies -MF /Users/swan/Development/vantiq-ui-ios/Example/build/Pods.build/Debug-iphonesimulator/JWT.build/Objects-normal/arm64/JWTAlgorithmRSBase.d --serialize-diagnostics /Users/swan/Development/vantiq-ui-ios/Example/build/Pods.build/Debug-iphonesimulator/JWT.build/Objects-normal/arm64/JWTAlgorithmRSBase.dia -c /Users/swan/Development/vantiq-ui-ios/Example/Pods/JWT/Classes/Algorithms/RSFamily/JWTAlgorithmRSBase.m -o /Users/swan/Development/vantiq-ui-ios/Example/build/Pods.build/Debug-iphonesimulator/JWT.build/Objects-normal/arm64/JWTAlgorithmRSBase.o -index-unit-output-path /Pods.build/Debug-iphonesimulator/JWT.build/Objects-normal/arm64/JWTAlgorithmRSBase.o

ScanDependencies /Users/swan/Development/vantiq-ui-ios/Example/build/Pods.build/Debug-iphonesimulator/JWT.build/Objects-normal/arm64/JWTAlgorithmNone.o /Users/swan/Development/vantiq-ui-ios/Example/Pods/JWT/Classes/Algorithms/Base/JWTAlgorithmNone.m normal arm64 objective-c com.apple.compilers.llvm.clang.1_0.compiler (in target 'JWT' from project 'Pods')
    cd /Users/swan/Development/vantiq-ui-ios/Example/Pods
    
    Using response file: /Users/swan/Development/vantiq-ui-ios/Example/build/Pods.build/Debug-iphonesimulator/JWT.build/Objects-normal/arm64/e6072d4f65d7061329687fe24e3d63a7-common-args.resp
    
    builtin-ScanDependencies -o /Users/swan/Development/vantiq-ui-ios/Example/build/Pods.build/Debug-iphonesimulator/JWT.build/Objects-normal/arm64/JWTAlgorithmNone.o.scan -- /Applications/Xcode.app/Contents/Developer/Toolchains/XcodeDefault.xctoolchain/usr/bin/clang -x objective-c -ivfsstatcache /Users/swan/Library/Developer/Xcode/DerivedData/SDKStatCaches.noindex/iphonesimulator26.4-23E237-686eebb5dc1d8ecb277353a59184f4aa.sdkstatcache -target arm64-apple-ios12.0-simulator -fmessage-length\=0 -fdiagnostics-show-note-include-stack -fmacro-backtrace-limit\=0 -fno-color-diagnostics -fmodules-prune-interval\=86400 -fmodules-prune-after\=345600 -fbuild-session-file\=/Users/swan/Library/Developer/Xcode/DerivedData/ModuleCache.noindex/Session.modulevalidation -fmodules-validate-once-per-build-session -Wnon-modular-include-in-framework-module -Werror\=non-modular-include-in-framework-module -Wno-trigraphs -Wno-missing-field-initializers -Wno-missing-prototypes -Werror\=return-type -Wdocumentation -Wunreachable-code -Wno-implicit-atomic-properties -Werror\=deprecated-objc-isa-usage -Wno-objc-interface-ivars -Werror\=objc-root-class -Wno-arc-repeated-use-of-weak -Wimplicit-retain-self -Wduplicate-method-match -Wno-missing-braces -Wparentheses -Wswitch -Wunused-function -Wno-unused-label -Wno-unused-parameter -Wunused-variable -Wunused-value -Wempty-body -Wuninitialized -Wconditional-uninitialized -Wno-unknown-pragmas -Wno-shadow -Wno-four-char-constants -Wno-conversion -Wconstant-conversion -Wint-conversion -Wbool-conversion -Wenum-conversion -Wno-float-conversion -Wnon-literal-null-conversion -Wobjc-literal-conversion -Wshorten-64-to-32 -Wpointer-sign -Wno-newline-eof -Wno-selector -Wno-strict-selector-match -Wundeclared-selector -Wdeprecated-implementations -Wno-implicit-fallthrough -isysroot /Applications/Xcode.app/Contents/Developer/Platforms/iPhoneSimulator.platform/Developer/SDKs/iPhoneSimulator26.4.sdk -fstrict-aliasing -Wprotocol -Wdeprecated-declarations -Wno-sign-conversion -Winfinite-recursion -Wcomma -Wblock-capture-autoreleasing -Wstrict-prototypes -Wno-semicolon-before-method-body -Wunguarded-availability -index-store-path /Users/swan/Library/Developer/Xcode/DerivedData/vantiq-ui-ios-gueetvuzmuxrbegsztzkuatnhugx/Index.noindex/DataStore @/Users/swan/Development/vantiq-ui-ios/Example/build/Pods.build/Debug-iphonesimulator/JWT.build/Objects-normal/arm64/e6072d4f65d7061329687fe24e3d63a7-common-args.resp -include /Users/swan/Development/vantiq-ui-ios/Example/Pods/Target\ Support\ Files/JWT/JWT-prefix.pch -MMD -MT dependencies -MF /Users/swan/Development/vantiq-ui-ios/Example/build/Pods.build/Debug-iphonesimulator/JWT.build/Objects-normal/arm64/JWTAlgorithmNone.d --serialize-diagnostics /Users/swan/Development/vantiq-ui-ios/Example/build/Pods.build/Debug-iphonesimulator/JWT.build/Objects-normal/arm64/JWTAlgorithmNone.dia -c /Users/swan/Development/vantiq-ui-ios/Example/Pods/JWT/Classes/Algorithms/Base/JWTAlgorithmNone.m -o /Users/swan/Development/vantiq-ui-ios/Example/build/Pods.build/Debug-iphonesimulator/JWT.build/Objects-normal/arm64/JWTAlgorithmNone.o -index-unit-output-path /Pods.build/Debug-iphonesimulator/JWT.build/Objects-normal/arm64/JWTAlgorithmNone.o

ScanDependencies /Users/swan/Development/vantiq-ui-ios/Example/build/Pods.build/Debug-iphonesimulator/JWT.build/Objects-normal/arm64/JWTAlgorithmHSBase.o /Users/swan/Development/vantiq-ui-ios/Example/Pods/JWT/Classes/Algorithms/HSFamily/JWTAlgorithmHSBase.m normal arm64 objective-c com.apple.compilers.llvm.clang.1_0.compiler (in target 'JWT' from project 'Pods')
    cd /Users/swan/Development/vantiq-ui-ios/Example/Pods
    
    Using response file: /Users/swan/Development/vantiq-ui-ios/Example/build/Pods.build/Debug-iphonesimulator/JWT.build/Objects-normal/arm64/e6072d4f65d7061329687fe24e3d63a7-common-args.resp
    
    builtin-ScanDependencies -o /Users/swan/Development/vantiq-ui-ios/Example/build/Pods.build/Debug-iphonesimulator/JWT.build/Objects-normal/arm64/JWTAlgorithmHSBase.o.scan -- /Applications/Xcode.app/Contents/Developer/Toolchains/XcodeDefault.xctoolchain/usr/bin/clang -x objective-c -ivfsstatcache /Users/swan/Library/Developer/Xcode/DerivedData/SDKStatCaches.noindex/iphonesimulator26.4-23E237-686eebb5dc1d8ecb277353a59184f4aa.sdkstatcache -target arm64-apple-ios12.0-simulator -fmessage-length\=0 -fdiagnostics-show-note-include-stack -fmacro-backtrace-limit\=0 -fno-color-diagnostics -fmodules-prune-interval\=86400 -fmodules-prune-after\=345600 -fbuild-session-file\=/Users/swan/Library/Developer/Xcode/DerivedData/ModuleCache.noindex/Session.modulevalidation -fmodules-validate-once-per-build-session -Wnon-modular-include-in-framework-module -Werror\=non-modular-include-in-framework-module -Wno-trigraphs -Wno-missing-field-initializers -Wno-missing-prototypes -Werror\=return-type -Wdocumentation -Wunreachable-code -Wno-implicit-atomic-properties -Werror\=deprecated-objc-isa-usage -Wno-objc-interface-ivars -Werror\=objc-root-class -Wno-arc-repeated-use-of-weak -Wimplicit-retain-self -Wduplicate-method-match -Wno-missing-braces -Wparentheses -Wswitch -Wunused-function -Wno-unused-label -Wno-unused-parameter -Wunused-variable -Wunused-value -Wempty-body -Wuninitialized -Wconditional-uninitialized -Wno-unknown-pragmas -Wno-shadow -Wno-four-char-constants -Wno-conversion -Wconstant-conversion -Wint-conversion -Wbool-conversion -Wenum-conversion -Wno-float-conversion -Wnon-literal-null-conversion -Wobjc-literal-conversion -Wshorten-64-to-32 -Wpointer-sign -Wno-newline-eof -Wno-selector -Wno-strict-selector-match -Wundeclared-selector -Wdeprecated-implementations -Wno-implicit-fallthrough -isysroot /Applications/Xcode.app/Contents/Developer/Platforms/iPhoneSimulator.platform/Developer/SDKs/iPhoneSimulator26.4.sdk -fstrict-aliasing -Wprotocol -Wdeprecated-declarations -Wno-sign-conversion -Winfinite-recursion -Wcomma -Wblock-capture-autoreleasing -Wstrict-prototypes -Wno-semicolon-before-method-body -Wunguarded-availability -index-store-path /Users/swan/Library/Developer/Xcode/DerivedData/vantiq-ui-ios-gueetvuzmuxrbegsztzkuatnhugx/Index.noindex/DataStore @/Users/swan/Development/vantiq-ui-ios/Example/build/Pods.build/Debug-iphonesimulator/JWT.build/Objects-normal/arm64/e6072d4f65d7061329687fe24e3d63a7-common-args.resp -include /Users/swan/Development/vantiq-ui-ios/Example/Pods/Target\ Support\ Files/JWT/JWT-prefix.pch -MMD -MT dependencies -MF /Users/swan/Development/vantiq-ui-ios/Example/build/Pods.build/Debug-iphonesimulator/JWT.build/Objects-normal/arm64/JWTAlgorithmHSBase.d --serialize-diagnostics /Users/swan/Development/vantiq-ui-ios/Example/build/Pods.build/Debug-iphonesimulator/JWT.build/Objects-normal/arm64/JWTAlgorithmHSBase.dia -c /Users/swan/Development/vantiq-ui-ios/Example/Pods/JWT/Classes/Algorithms/HSFamily/JWTAlgorithmHSBase.m -o /Users/swan/Development/vantiq-ui-ios/Example/build/Pods.build/Debug-iphonesimulator/JWT.build/Objects-normal/arm64/JWTAlgorithmHSBase.o -index-unit-output-path /Pods.build/Debug-iphonesimulator/JWT.build/Objects-normal/arm64/JWTAlgorithmHSBase.o

ScanDependencies /Users/swan/Development/vantiq-ui-ios/Example/build/Pods.build/Debug-iphonesimulator/JWT.build/Objects-normal/arm64/JWTAlgorithmHS512.o /Users/swan/Development/vantiq-ui-ios/Example/Pods/JWT/Classes/Algorithms/HSFamily/JWTAlgorithmHS512.m normal arm64 objective-c com.apple.compilers.llvm.clang.1_0.compiler (in target 'JWT' from project 'Pods')
    cd /Users/swan/Development/vantiq-ui-ios/Example/Pods
    
    Using response file: /Users/swan/Development/vantiq-ui-ios/Example/build/Pods.build/Debug-iphonesimulator/JWT.build/Objects-normal/arm64/e6072d4f65d7061329687fe24e3d63a7-common-args.resp
    
    builtin-ScanDependencies -o /Users/swan/Development/vantiq-ui-ios/Example/build/Pods.build/Debug-iphonesimulator/JWT.build/Objects-normal/arm64/JWTAlgorithmHS512.o.scan -- /Applications/Xcode.app/Contents/Developer/Toolchains/XcodeDefault.xctoolchain/usr/bin/clang -x objective-c -ivfsstatcache /Users/swan/Library/Developer/Xcode/DerivedData/SDKStatCaches.noindex/iphonesimulator26.4-23E237-686eebb5dc1d8ecb277353a59184f4aa.sdkstatcache -target arm64-apple-ios12.0-simulator -fmessage-length\=0 -fdiagnostics-show-note-include-stack -fmacro-backtrace-limit\=0 -fno-color-diagnostics -fmodules-prune-interval\=86400 -fmodules-prune-after\=345600 -fbuild-session-file\=/Users/swan/Library/Developer/Xcode/DerivedData/ModuleCache.noindex/Session.modulevalidation -fmodules-validate-once-per-build-session -Wnon-modular-include-in-framework-module -Werror\=non-modular-include-in-framework-module -Wno-trigraphs -Wno-missing-field-initializers -Wno-missing-prototypes -Werror\=return-type -Wdocumentation -Wunreachable-code -Wno-implicit-atomic-properties -Werror\=deprecated-objc-isa-usage -Wno-objc-interface-ivars -Werror\=objc-root-class -Wno-arc-repeated-use-of-weak -Wimplicit-retain-self -Wduplicate-method-match -Wno-missing-braces -Wparentheses -Wswitch -Wunused-function -Wno-unused-label -Wno-unused-parameter -Wunused-variable -Wunused-value -Wempty-body -Wuninitialized -Wconditional-uninitialized -Wno-unknown-pragmas -Wno-shadow -Wno-four-char-constants -Wno-conversion -Wconstant-conversion -Wint-conversion -Wbool-conversion -Wenum-conversion -Wno-float-conversion -Wnon-literal-null-conversion -Wobjc-literal-conversion -Wshorten-64-to-32 -Wpointer-sign -Wno-newline-eof -Wno-selector -Wno-strict-selector-match -Wundeclared-selector -Wdeprecated-implementations -Wno-implicit-fallthrough -isysroot /Applications/Xcode.app/Contents/Developer/Platforms/iPhoneSimulator.platform/Developer/SDKs/iPhoneSimulator26.4.sdk -fstrict-aliasing -Wprotocol -Wdeprecated-declarations -Wno-sign-conversion -Winfinite-recursion -Wcomma -Wblock-capture-autoreleasing -Wstrict-prototypes -Wno-semicolon-before-method-body -Wunguarded-availability -index-store-path /Users/swan/Library/Developer/Xcode/DerivedData/vantiq-ui-ios-gueetvuzmuxrbegsztzkuatnhugx/Index.noindex/DataStore @/Users/swan/Development/vantiq-ui-ios/Example/build/Pods.build/Debug-iphonesimulator/JWT.build/Objects-normal/arm64/e6072d4f65d7061329687fe24e3d63a7-common-args.resp -include /Users/swan/Development/vantiq-ui-ios/Example/Pods/Target\ Support\ Files/JWT/JWT-prefix.pch -MMD -MT dependencies -MF /Users/swan/Development/vantiq-ui-ios/Example/build/Pods.build/Debug-iphonesimulator/JWT.build/Objects-normal/arm64/JWTAlgorithmHS512.d --serialize-diagnostics /Users/swan/Development/vantiq-ui-ios/Example/build/Pods.build/Debug-iphonesimulator/JWT.build/Objects-normal/arm64/JWTAlgorithmHS512.dia -c /Users/swan/Development/vantiq-ui-ios/Example/Pods/JWT/Classes/Algorithms/HSFamily/JWTAlgorithmHS512.m -o /Users/swan/Development/vantiq-ui-ios/Example/build/Pods.build/Debug-iphonesimulator/JWT.build/Objects-normal/arm64/JWTAlgorithmHS512.o -index-unit-output-path /Pods.build/Debug-iphonesimulator/JWT.build/Objects-normal/arm64/JWTAlgorithmHS512.o

ScanDependencies /Users/swan/Development/vantiq-ui-ios/Example/build/Pods.build/Debug-iphonesimulator/JWT.build/Objects-normal/arm64/JWTAlgorithmHS384.o /Users/swan/Development/vantiq-ui-ios/Example/Pods/JWT/Classes/Algorithms/HSFamily/JWTAlgorithmHS384.m normal arm64 objective-c com.apple.compilers.llvm.clang.1_0.compiler (in target 'JWT' from project 'Pods')
    cd /Users/swan/Development/vantiq-ui-ios/Example/Pods
    
    Using response file: /Users/swan/Development/vantiq-ui-ios/Example/build/Pods.build/Debug-iphonesimulator/JWT.build/Objects-normal/arm64/e6072d4f65d7061329687fe24e3d63a7-common-args.resp
    
    builtin-ScanDependencies -o /Users/swan/Development/vantiq-ui-ios/Example/build/Pods.build/Debug-iphonesimulator/JWT.build/Objects-normal/arm64/JWTAlgorithmHS384.o.scan -- /Applications/Xcode.app/Contents/Developer/Toolchains/XcodeDefault.xctoolchain/usr/bin/clang -x objective-c -ivfsstatcache /Users/swan/Library/Developer/Xcode/DerivedData/SDKStatCaches.noindex/iphonesimulator26.4-23E237-686eebb5dc1d8ecb277353a59184f4aa.sdkstatcache -target arm64-apple-ios12.0-simulator -fmessage-length\=0 -fdiagnostics-show-note-include-stack -fmacro-backtrace-limit\=0 -fno-color-diagnostics -fmodules-prune-interval\=86400 -fmodules-prune-after\=345600 -fbuild-session-file\=/Users/swan/Library/Developer/Xcode/DerivedData/ModuleCache.noindex/Session.modulevalidation -fmodules-validate-once-per-build-session -Wnon-modular-include-in-framework-module -Werror\=non-modular-include-in-framework-module -Wno-trigraphs -Wno-missing-field-initializers -Wno-missing-prototypes -Werror\=return-type -Wdocumentation -Wunreachable-code -Wno-implicit-atomic-properties -Werror\=deprecated-objc-isa-usage -Wno-objc-interface-ivars -Werror\=objc-root-class -Wno-arc-repeated-use-of-weak -Wimplicit-retain-self -Wduplicate-method-match -Wno-missing-braces -Wparentheses -Wswitch -Wunused-function -Wno-unused-label -Wno-unused-parameter -Wunused-variable -Wunused-value -Wempty-body -Wuninitialized -Wconditional-uninitialized -Wno-unknown-pragmas -Wno-shadow -Wno-four-char-constants -Wno-conversion -Wconstant-conversion -Wint-conversion -Wbool-conversion -Wenum-conversion -Wno-float-conversion -Wnon-literal-null-conversion -Wobjc-literal-conversion -Wshorten-64-to-32 -Wpointer-sign -Wno-newline-eof -Wno-selector -Wno-strict-selector-match -Wundeclared-selector -Wdeprecated-implementations -Wno-implicit-fallthrough -isysroot /Applications/Xcode.app/Contents/Developer/Platforms/iPhoneSimulator.platform/Developer/SDKs/iPhoneSimulator26.4.sdk -fstrict-aliasing -Wprotocol -Wdeprecated-declarations -Wno-sign-conversion -Winfinite-recursion -Wcomma -Wblock-capture-autoreleasing -Wstrict-prototypes -Wno-semicolon-before-method-body -Wunguarded-availability -index-store-path /Users/swan/Library/Developer/Xcode/DerivedData/vantiq-ui-ios-gueetvuzmuxrbegsztzkuatnhugx/Index.noindex/DataStore @/Users/swan/Development/vantiq-ui-ios/Example/build/Pods.build/Debug-iphonesimulator/JWT.build/Objects-normal/arm64/e6072d4f65d7061329687fe24e3d63a7-common-args.resp -include /Users/swan/Development/vantiq-ui-ios/Example/Pods/Target\ Support\ Files/JWT/JWT-prefix.pch -MMD -MT dependencies -MF /Users/swan/Development/vantiq-ui-ios/Example/build/Pods.build/Debug-iphonesimulator/JWT.build/Objects-normal/arm64/JWTAlgorithmHS384.d --serialize-diagnostics /Users/swan/Development/vantiq-ui-ios/Example/build/Pods.build/Debug-iphonesimulator/JWT.build/Objects-normal/arm64/JWTAlgorithmHS384.dia -c /Users/swan/Development/vantiq-ui-ios/Example/Pods/JWT/Classes/Algorithms/HSFamily/JWTAlgorithmHS384.m -o /Users/swan/Development/vantiq-ui-ios/Example/build/Pods.build/Debug-iphonesimulator/JWT.build/Objects-normal/arm64/JWTAlgorithmHS384.o -index-unit-output-path /Pods.build/Debug-iphonesimulator/JWT.build/Objects-normal/arm64/JWTAlgorithmHS384.o

ScanDependencies /Users/swan/Development/vantiq-ui-ios/Example/build/Pods.build/Debug-iphonesimulator/JWT.build/Objects-normal/arm64/JWTAlgorithmHS256.o /Users/swan/Development/vantiq-ui-ios/Example/Pods/JWT/Classes/Algorithms/HSFamily/JWTAlgorithmHS256.m normal arm64 objective-c com.apple.compilers.llvm.clang.1_0.compiler (in target 'JWT' from project 'Pods')
    cd /Users/swan/Development/vantiq-ui-ios/Example/Pods
    
    Using response file: /Users/swan/Development/vantiq-ui-ios/Example/build/Pods.build/Debug-iphonesimulator/JWT.build/Objects-normal/arm64/e6072d4f65d7061329687fe24e3d63a7-common-args.resp
    
    builtin-ScanDependencies -o /Users/swan/Development/vantiq-ui-ios/Example/build/Pods.build/Debug-iphonesimulator/JWT.build/Objects-normal/arm64/JWTAlgorithmHS256.o.scan -- /Applications/Xcode.app/Contents/Developer/Toolchains/XcodeDefault.xctoolchain/usr/bin/clang -x objective-c -ivfsstatcache /Users/swan/Library/Developer/Xcode/DerivedData/SDKStatCaches.noindex/iphonesimulator26.4-23E237-686eebb5dc1d8ecb277353a59184f4aa.sdkstatcache -target arm64-apple-ios12.0-simulator -fmessage-length\=0 -fdiagnostics-show-note-include-stack -fmacro-backtrace-limit\=0 -fno-color-diagnostics -fmodules-prune-interval\=86400 -fmodules-prune-after\=345600 -fbuild-session-file\=/Users/swan/Library/Developer/Xcode/DerivedData/ModuleCache.noindex/Session.modulevalidation -fmodules-validate-once-per-build-session -Wnon-modular-include-in-framework-module -Werror\=non-modular-include-in-framework-module -Wno-trigraphs -Wno-missing-field-initializers -Wno-missing-prototypes -Werror\=return-type -Wdocumentation -Wunreachable-code -Wno-implicit-atomic-properties -Werror\=deprecated-objc-isa-usage -Wno-objc-interface-ivars -Werror\=objc-root-class -Wno-arc-repeated-use-of-weak -Wimplicit-retain-self -Wduplicate-method-match -Wno-missing-braces -Wparentheses -Wswitch -Wunused-function -Wno-unused-label -Wno-unused-parameter -Wunused-variable -Wunused-value -Wempty-body -Wuninitialized -Wconditional-uninitialized -Wno-unknown-pragmas -Wno-shadow -Wno-four-char-constants -Wno-conversion -Wconstant-conversion -Wint-conversion -Wbool-conversion -Wenum-conversion -Wno-float-conversion -Wnon-literal-null-conversion -Wobjc-literal-conversion -Wshorten-64-to-32 -Wpointer-sign -Wno-newline-eof -Wno-selector -Wno-strict-selector-match -Wundeclared-selector -Wdeprecated-implementations -Wno-implicit-fallthrough -isysroot /Applications/Xcode.app/Contents/Developer/Platforms/iPhoneSimulator.platform/Developer/SDKs/iPhoneSimulator26.4.sdk -fstrict-aliasing -Wprotocol -Wdeprecated-declarations -Wno-sign-conversion -Winfinite-recursion -Wcomma -Wblock-capture-autoreleasing -Wstrict-prototypes -Wno-semicolon-before-method-body -Wunguarded-availability -index-store-path /Users/swan/Library/Developer/Xcode/DerivedData/vantiq-ui-ios-gueetvuzmuxrbegsztzkuatnhugx/Index.noindex/DataStore @/Users/swan/Development/vantiq-ui-ios/Example/build/Pods.build/Debug-iphonesimulator/JWT.build/Objects-normal/arm64/e6072d4f65d7061329687fe24e3d63a7-common-args.resp -include /Users/swan/Development/vantiq-ui-ios/Example/Pods/Target\ Support\ Files/JWT/JWT-prefix.pch -MMD -MT dependencies -MF /Users/swan/Development/vantiq-ui-ios/Example/build/Pods.build/Debug-iphonesimulator/JWT.build/Objects-normal/arm64/JWTAlgorithmHS256.d --serialize-diagnostics /Users/swan/Development/vantiq-ui-ios/Example/build/Pods.build/Debug-iphonesimulator/JWT.build/Objects-normal/arm64/JWTAlgorithmHS256.dia -c /Users/swan/Development/vantiq-ui-ios/Example/Pods/JWT/Classes/Algorithms/HSFamily/JWTAlgorithmHS256.m -o /Users/swan/Development/vantiq-ui-ios/Example/build/Pods.build/Debug-iphonesimulator/JWT.build/Objects-normal/arm64/JWTAlgorithmHS256.o -index-unit-output-path /Pods.build/Debug-iphonesimulator/JWT.build/Objects-normal/arm64/JWTAlgorithmHS256.o

ScanDependencies /Users/swan/Development/vantiq-ui-ios/Example/build/Pods.build/Debug-iphonesimulator/JWT.build/Objects-normal/arm64/JWTAlgorithmFactory.o /Users/swan/Development/vantiq-ui-ios/Example/Pods/JWT/Classes/Algorithms/Base/JWTAlgorithmFactory.m normal arm64 objective-c com.apple.compilers.llvm.clang.1_0.compiler (in target 'JWT' from project 'Pods')
    cd /Users/swan/Development/vantiq-ui-ios/Example/Pods
    
    Using response file: /Users/swan/Development/vantiq-ui-ios/Example/build/Pods.build/Debug-iphonesimulator/JWT.build/Objects-normal/arm64/e6072d4f65d7061329687fe24e3d63a7-common-args.resp
    
    builtin-ScanDependencies -o /Users/swan/Development/vantiq-ui-ios/Example/build/Pods.build/Debug-iphonesimulator/JWT.build/Objects-normal/arm64/JWTAlgorithmFactory.o.scan -- /Applications/Xcode.app/Contents/Developer/Toolchains/XcodeDefault.xctoolchain/usr/bin/clang -x objective-c -ivfsstatcache /Users/swan/Library/Developer/Xcode/DerivedData/SDKStatCaches.noindex/iphonesimulator26.4-23E237-686eebb5dc1d8ecb277353a59184f4aa.sdkstatcache -target arm64-apple-ios12.0-simulator -fmessage-length\=0 -fdiagnostics-show-note-include-stack -fmacro-backtrace-limit\=0 -fno-color-diagnostics -fmodules-prune-interval\=86400 -fmodules-prune-after\=345600 -fbuild-session-file\=/Users/swan/Library/Developer/Xcode/DerivedData/ModuleCache.noindex/Session.modulevalidation -fmodules-validate-once-per-build-session -Wnon-modular-include-in-framework-module -Werror\=non-modular-include-in-framework-module -Wno-trigraphs -Wno-missing-field-initializers -Wno-missing-prototypes -Werror\=return-type -Wdocumentation -Wunreachable-code -Wno-implicit-atomic-properties -Werror\=deprecated-objc-isa-usage -Wno-objc-interface-ivars -Werror\=objc-root-class -Wno-arc-repeated-use-of-weak -Wimplicit-retain-self -Wduplicate-method-match -Wno-missing-braces -Wparentheses -Wswitch -Wunused-function -Wno-unused-label -Wno-unused-parameter -Wunused-variable -Wunused-value -Wempty-body -Wuninitialized -Wconditional-uninitialized -Wno-unknown-pragmas -Wno-shadow -Wno-four-char-constants -Wno-conversion -Wconstant-conversion -Wint-conversion -Wbool-conversion -Wenum-conversion -Wno-float-conversion -Wnon-literal-null-conversion -Wobjc-literal-conversion -Wshorten-64-to-32 -Wpointer-sign -Wno-newline-eof -Wno-selector -Wno-strict-selector-match -Wundeclared-selector -Wdeprecated-implementations -Wno-implicit-fallthrough -isysroot /Applications/Xcode.app/Contents/Developer/Platforms/iPhoneSimulator.platform/Developer/SDKs/iPhoneSimulator26.4.sdk -fstrict-aliasing -Wprotocol -Wdeprecated-declarations -Wno-sign-conversion -Winfinite-recursion -Wcomma -Wblock-capture-autoreleasing -Wstrict-prototypes -Wno-semicolon-before-method-body -Wunguarded-availability -index-store-path /Users/swan/Library/Developer/Xcode/DerivedData/vantiq-ui-ios-gueetvuzmuxrbegsztzkuatnhugx/Index.noindex/DataStore @/Users/swan/Development/vantiq-ui-ios/Example/build/Pods.build/Debug-iphonesimulator/JWT.build/Objects-normal/arm64/e6072d4f65d7061329687fe24e3d63a7-common-args.resp -include /Users/swan/Development/vantiq-ui-ios/Example/Pods/Target\ Support\ Files/JWT/JWT-prefix.pch -MMD -MT dependencies -MF /Users/swan/Development/vantiq-ui-ios/Example/build/Pods.build/Debug-iphonesimulator/JWT.build/Objects-normal/arm64/JWTAlgorithmFactory.d --serialize-diagnostics /Users/swan/Development/vantiq-ui-ios/Example/build/Pods.build/Debug-iphonesimulator/JWT.build/Objects-normal/arm64/JWTAlgorithmFactory.dia -c /Users/swan/Development/vantiq-ui-ios/Example/Pods/JWT/Classes/Algorithms/Base/JWTAlgorithmFactory.m -o /Users/swan/Development/vantiq-ui-ios/Example/build/Pods.build/Debug-iphonesimulator/JWT.build/Objects-normal/arm64/JWTAlgorithmFactory.o -index-unit-output-path /Pods.build/Debug-iphonesimulator/JWT.build/Objects-normal/arm64/JWTAlgorithmFactory.o

PrecompileModule /Users/swan/Development/vantiq-ui-ios/Example/build/ExplicitPrecompiledModules/_Builtin_stdbool-AI98Z89IFF9I6CN1HDH9JXC8.scan
    cd /
    builtin-precompileModule /Users/swan/Development/vantiq-ui-ios/Example/build/ExplicitPrecompiledModules/_Builtin_stdbool-AI98Z89IFF9I6CN1HDH9JXC8.scan

PrecompileModule /Users/swan/Development/vantiq-ui-ios/Example/build/ExplicitPrecompiledModules/_Builtin_float-71GY6NOG83LAJ6N4OL912667Z.scan
    cd /
    builtin-precompileModule /Users/swan/Development/vantiq-ui-ios/Example/build/ExplicitPrecompiledModules/_Builtin_float-71GY6NOG83LAJ6N4OL912667Z.scan

PrecompileModule /Users/swan/Development/vantiq-ui-ios/Example/build/ExplicitPrecompiledModules/_AvailabilityInternal-8KSRC77C2KIZPGIU8ZLJWYLT0.scan
    cd /
    builtin-precompileModule /Users/swan/Development/vantiq-ui-ios/Example/build/ExplicitPrecompiledModules/_AvailabilityInternal-8KSRC77C2KIZPGIU8ZLJWYLT0.scan

PrecompileModule /Users/swan/Development/vantiq-ui-ios/Example/build/ExplicitPrecompiledModules/_Builtin_stddef-73ENJDFOQGK5HEVHGX53T8E94.scan
    cd /
    builtin-precompileModule /Users/swan/Development/vantiq-ui-ios/Example/build/ExplicitPrecompiledModules/_Builtin_stddef-73ENJDFOQGK5HEVHGX53T8E94.scan

PrecompileModule /Users/swan/Development/vantiq-ui-ios/Example/build/ExplicitPrecompiledModules/ptrauth-5XJM3FNSYIULBKAIH0VE2MO2O.scan
    cd /
    builtin-precompileModule /Users/swan/Development/vantiq-ui-ios/Example/build/ExplicitPrecompiledModules/ptrauth-5XJM3FNSYIULBKAIH0VE2MO2O.scan

PrecompileModule /Users/swan/Development/vantiq-ui-ios/Example/build/ExplicitPrecompiledModules/_Builtin_stdarg-C9QAJ61V0JLAXZ5S68YNO490Y.scan
    cd /
    builtin-precompileModule /Users/swan/Development/vantiq-ui-ios/Example/build/ExplicitPrecompiledModules/_Builtin_stdarg-C9QAJ61V0JLAXZ5S68YNO490Y.scan

PrecompileModule /Users/swan/Development/vantiq-ui-ios/Example/build/ExplicitPrecompiledModules/ptrcheck-CK94ONG0FZTDAT1YUOX7KCBHT.scan
    cd /
    builtin-precompileModule /Users/swan/Development/vantiq-ui-ios/Example/build/ExplicitPrecompiledModules/ptrcheck-CK94ONG0FZTDAT1YUOX7KCBHT.scan

ScanDependencies /Users/swan/Development/vantiq-ui-ios/Example/build/Pods.build/Debug-iphonesimulator/JWT.build/Objects-normal/arm64/JWTAlgorithmDataHolderChain.o /Users/swan/Development/vantiq-ui-ios/Example/Pods/JWT/Classes/Algorithms/Holders/JWTAlgorithmDataHolderChain.m normal arm64 objective-c com.apple.compilers.llvm.clang.1_0.compiler (in target 'JWT' from project 'Pods')
    cd /Users/swan/Development/vantiq-ui-ios/Example/Pods
    
    Using response file: /Users/swan/Development/vantiq-ui-ios/Example/build/Pods.build/Debug-iphonesimulator/JWT.build/Objects-normal/arm64/e6072d4f65d7061329687fe24e3d63a7-common-args.resp
    
    builtin-ScanDependencies -o /Users/swan/Development/vantiq-ui-ios/Example/build/Pods.build/Debug-iphonesimulator/JWT.build/Objects-normal/arm64/JWTAlgorithmDataHolderChain.o.scan -- /Applications/Xcode.app/Contents/Developer/Toolchains/XcodeDefault.xctoolchain/usr/bin/clang -x objective-c -ivfsstatcache /Users/swan/Library/Developer/Xcode/DerivedData/SDKStatCaches.noindex/iphonesimulator26.4-23E237-686eebb5dc1d8ecb277353a59184f4aa.sdkstatcache -target arm64-apple-ios12.0-simulator -fmessage-length\=0 -fdiagnostics-show-note-include-stack -fmacro-backtrace-limit\=0 -fno-color-diagnostics -fmodules-prune-interval\=86400 -fmodules-prune-after\=345600 -fbuild-session-file\=/Users/swan/Library/Developer/Xcode/DerivedData/ModuleCache.noindex/Session.modulevalidation -fmodules-validate-once-per-build-session -Wnon-modular-include-in-framework-module -Werror\=non-modular-include-in-framework-module -Wno-trigraphs -Wno-missing-field-initializers -Wno-missing-prototypes -Werror\=return-type -Wdocumentation -Wunreachable-code -Wno-implicit-atomic-properties -Werror\=deprecated-objc-isa-usage -Wno-objc-interface-ivars -Werror\=objc-root-class -Wno-arc-repeated-use-of-weak -Wimplicit-retain-self -Wduplicate-method-match -Wno-missing-braces -Wparentheses -Wswitch -Wunused-function -Wno-unused-label -Wno-unused-parameter -Wunused-variable -Wunused-value -Wempty-body -Wuninitialized -Wconditional-uninitialized -Wno-unknown-pragmas -Wno-shadow -Wno-four-char-constants -Wno-conversion -Wconstant-conversion -Wint-conversion -Wbool-conversion -Wenum-conversion -Wno-float-conversion -Wnon-literal-null-conversion -Wobjc-literal-conversion -Wshorten-64-to-32 -Wpointer-sign -Wno-newline-eof -Wno-selector -Wno-strict-selector-match -Wundeclared-selector -Wdeprecated-implementations -Wno-implicit-fallthrough -isysroot /Applications/Xcode.app/Contents/Developer/Platforms/iPhoneSimulator.platform/Developer/SDKs/iPhoneSimulator26.4.sdk -fstrict-aliasing -Wprotocol -Wdeprecated-declarations -Wno-sign-conversion -Winfinite-recursion -Wcomma -Wblock-capture-autoreleasing -Wstrict-prototypes -Wno-semicolon-before-method-body -Wunguarded-availability -index-store-path /Users/swan/Library/Developer/Xcode/DerivedData/vantiq-ui-ios-gueetvuzmuxrbegsztzkuatnhugx/Index.noindex/DataStore @/Users/swan/Development/vantiq-ui-ios/Example/build/Pods.build/Debug-iphonesimulator/JWT.build/Objects-normal/arm64/e6072d4f65d7061329687fe24e3d63a7-common-args.resp -include /Users/swan/Development/vantiq-ui-ios/Example/Pods/Target\ Support\ Files/JWT/JWT-prefix.pch -MMD -MT dependencies -MF /Users/swan/Development/vantiq-ui-ios/Example/build/Pods.build/Debug-iphonesimulator/JWT.build/Objects-normal/arm64/JWTAlgorithmDataHolderChain.d --serialize-diagnostics /Users/swan/Development/vantiq-ui-ios/Example/build/Pods.build/Debug-iphonesimulator/JWT.build/Objects-normal/arm64/JWTAlgorithmDataHolderChain.dia -c /Users/swan/Development/vantiq-ui-ios/Example/Pods/JWT/Classes/Algorithms/Holders/JWTAlgorithmDataHolderChain.m -o /Users/swan/Development/vantiq-ui-ios/Example/build/Pods.build/Debug-iphonesimulator/JWT.build/Objects-normal/arm64/JWTAlgorithmDataHolderChain.o -index-unit-output-path /Pods.build/Debug-iphonesimulator/JWT.build/Objects-normal/arm64/JWTAlgorithmDataHolderChain.o

ScanDependencies /Users/swan/Development/vantiq-ui-ios/Example/build/Pods.build/Debug-iphonesimulator/JWT.build/Objects-normal/arm64/JWTAlgorithmDataHolder.o /Users/swan/Development/vantiq-ui-ios/Example/Pods/JWT/Classes/Algorithms/Holders/JWTAlgorithmDataHolder.m normal arm64 objective-c com.apple.compilers.llvm.clang.1_0.compiler (in target 'JWT' from project 'Pods')
    cd /Users/swan/Development/vantiq-ui-ios/Example/Pods
    
    Using response file: /Users/swan/Development/vantiq-ui-ios/Example/build/Pods.build/Debug-iphonesimulator/JWT.build/Objects-normal/arm64/e6072d4f65d7061329687fe24e3d63a7-common-args.resp
    
    builtin-ScanDependencies -o /Users/swan/Development/vantiq-ui-ios/Example/build/Pods.build/Debug-iphonesimulator/JWT.build/Objects-normal/arm64/JWTAlgorithmDataHolder.o.scan -- /Applications/Xcode.app/Contents/Developer/Toolchains/XcodeDefault.xctoolchain/usr/bin/clang -x objective-c -ivfsstatcache /Users/swan/Library/Developer/Xcode/DerivedData/SDKStatCaches.noindex/iphonesimulator26.4-23E237-686eebb5dc1d8ecb277353a59184f4aa.sdkstatcache -target arm64-apple-ios12.0-simulator -fmessage-length\=0 -fdiagnostics-show-note-include-stack -fmacro-backtrace-limit\=0 -fno-color-diagnostics -fmodules-prune-interval\=86400 -fmodules-prune-after\=345600 -fbuild-session-file\=/Users/swan/Library/Developer/Xcode/DerivedData/ModuleCache.noindex/Session.modulevalidation -fmodules-validate-once-per-build-session -Wnon-modular-include-in-framework-module -Werror\=non-modular-include-in-framework-module -Wno-trigraphs -Wno-missing-field-initializers -Wno-missing-prototypes -Werror\=return-type -Wdocumentation -Wunreachable-code -Wno-implicit-atomic-properties -Werror\=deprecated-objc-isa-usage -Wno-objc-interface-ivars -Werror\=objc-root-class -Wno-arc-repeated-use-of-weak -Wimplicit-retain-self -Wduplicate-method-match -Wno-missing-braces -Wparentheses -Wswitch -Wunused-function -Wno-unused-label -Wno-unused-parameter -Wunused-variable -Wunused-value -Wempty-body -Wuninitialized -Wconditional-uninitialized -Wno-unknown-pragmas -Wno-shadow -Wno-four-char-constants -Wno-conversion -Wconstant-conversion -Wint-conversion -Wbool-conversion -Wenum-conversion -Wno-float-conversion -Wnon-literal-null-conversion -Wobjc-literal-conversion -Wshorten-64-to-32 -Wpointer-sign -Wno-newline-eof -Wno-selector -Wno-strict-selector-match -Wundeclared-selector -Wdeprecated-implementations -Wno-implicit-fallthrough -isysroot /Applications/Xcode.app/Contents/Developer/Platforms/iPhoneSimulator.platform/Developer/SDKs/iPhoneSimulator26.4.sdk -fstrict-aliasing -Wprotocol -Wdeprecated-declarations -Wno-sign-conversion -Winfinite-recursion -Wcomma -Wblock-capture-autoreleasing -Wstrict-prototypes -Wno-semicolon-before-method-body -Wunguarded-availability -index-store-path /Users/swan/Library/Developer/Xcode/DerivedData/vantiq-ui-ios-gueetvuzmuxrbegsztzkuatnhugx/Index.noindex/DataStore @/Users/swan/Development/vantiq-ui-ios/Example/build/Pods.build/Debug-iphonesimulator/JWT.build/Objects-normal/arm64/e6072d4f65d7061329687fe24e3d63a7-common-args.resp -include /Users/swan/Development/vantiq-ui-ios/Example/Pods/Target\ Support\ Files/JWT/JWT-prefix.pch -MMD -MT dependencies -MF /Users/swan/Development/vantiq-ui-ios/Example/build/Pods.build/Debug-iphonesimulator/JWT.build/Objects-normal/arm64/JWTAlgorithmDataHolder.d --serialize-diagnostics /Users/swan/Development/vantiq-ui-ios/Example/build/Pods.build/Debug-iphonesimulator/JWT.build/Objects-normal/arm64/JWTAlgorithmDataHolder.dia -c /Users/swan/Development/vantiq-ui-ios/Example/Pods/JWT/Classes/Algorithms/Holders/JWTAlgorithmDataHolder.m -o /Users/swan/Development/vantiq-ui-ios/Example/build/Pods.build/Debug-iphonesimulator/JWT.build/Objects-normal/arm64/JWTAlgorithmDataHolder.o -index-unit-output-path /Pods.build/Debug-iphonesimulator/JWT.build/Objects-normal/arm64/JWTAlgorithmDataHolder.o

ScanDependencies /Users/swan/Development/vantiq-ui-ios/Example/build/Pods.build/Debug-iphonesimulator/JWT.build/Objects-normal/arm64/JWT-dummy.o /Users/swan/Development/vantiq-ui-ios/Example/Pods/Target\ Support\ Files/JWT/JWT-dummy.m normal arm64 objective-c com.apple.compilers.llvm.clang.1_0.compiler (in target 'JWT' from project 'Pods')
    cd /Users/swan/Development/vantiq-ui-ios/Example/Pods
    
    Using response file: /Users/swan/Development/vantiq-ui-ios/Example/build/Pods.build/Debug-iphonesimulator/JWT.build/Objects-normal/arm64/e6072d4f65d7061329687fe24e3d63a7-common-args.resp
    
    builtin-ScanDependencies -o /Users/swan/Development/vantiq-ui-ios/Example/build/Pods.build/Debug-iphonesimulator/JWT.build/Objects-normal/arm64/JWT-dummy.o.scan -- /Applications/Xcode.app/Contents/Developer/Toolchains/XcodeDefault.xctoolchain/usr/bin/clang -x objective-c -ivfsstatcache /Users/swan/Library/Developer/Xcode/DerivedData/SDKStatCaches.noindex/iphonesimulator26.4-23E237-686eebb5dc1d8ecb277353a59184f4aa.sdkstatcache -target arm64-apple-ios12.0-simulator -fmessage-length\=0 -fdiagnostics-show-note-include-stack -fmacro-backtrace-limit\=0 -fno-color-diagnostics -fmodules-prune-interval\=86400 -fmodules-prune-after\=345600 -fbuild-session-file\=/Users/swan/Library/Developer/Xcode/DerivedData/ModuleCache.noindex/Session.modulevalidation -fmodules-validate-once-per-build-session -Wnon-modular-include-in-framework-module -Werror\=non-modular-include-in-framework-module -Wno-trigraphs -Wno-missing-field-initializers -Wno-missing-prototypes -Werror\=return-type -Wdocumentation -Wunreachable-code -Wno-implicit-atomic-properties -Werror\=deprecated-objc-isa-usage -Wno-objc-interface-ivars -Werror\=objc-root-class -Wno-arc-repeated-use-of-weak -Wimplicit-retain-self -Wduplicate-method-match -Wno-missing-braces -Wparentheses -Wswitch -Wunused-function -Wno-unused-label -Wno-unused-parameter -Wunused-variable -Wunused-value -Wempty-body -Wuninitialized -Wconditional-uninitialized -Wno-unknown-pragmas -Wno-shadow -Wno-four-char-constants -Wno-conversion -Wconstant-conversion -Wint-conversion -Wbool-conversion -Wenum-conversion -Wno-float-conversion -Wnon-literal-null-conversion -Wobjc-literal-conversion -Wshorten-64-to-32 -Wpointer-sign -Wno-newline-eof -Wno-selector -Wno-strict-selector-match -Wundeclared-selector -Wdeprecated-implementations -Wno-implicit-fallthrough -isysroot /Applications/Xcode.app/Contents/Developer/Platforms/iPhoneSimulator.platform/Developer/SDKs/iPhoneSimulator26.4.sdk -fstrict-aliasing -Wprotocol -Wdeprecated-declarations -Wno-sign-conversion -Winfinite-recursion -Wcomma -Wblock-capture-autoreleasing -Wstrict-prototypes -Wno-semicolon-before-method-body -Wunguarded-availability -index-store-path /Users/swan/Library/Developer/Xcode/DerivedData/vantiq-ui-ios-gueetvuzmuxrbegsztzkuatnhugx/Index.noindex/DataStore @/Users/swan/Development/vantiq-ui-ios/Example/build/Pods.build/Debug-iphonesimulator/JWT.build/Objects-normal/arm64/e6072d4f65d7061329687fe24e3d63a7-common-args.resp -include /Users/swan/Development/vantiq-ui-ios/Example/Pods/Target\ Support\ Files/JWT/JWT-prefix.pch -MMD -MT dependencies -MF /Users/swan/Development/vantiq-ui-ios/Example/build/Pods.build/Debug-iphonesimulator/JWT.build/Objects-normal/arm64/JWT-dummy.d --serialize-diagnostics /Users/swan/Development/vantiq-ui-ios/Example/build/Pods.build/Debug-iphonesimulator/JWT.build/Objects-normal/arm64/JWT-dummy.dia -c /Users/swan/Development/vantiq-ui-ios/Example/Pods/Target\ Support\ Files/JWT/JWT-dummy.m -o /Users/swan/Development/vantiq-ui-ios/Example/build/Pods.build/Debug-iphonesimulator/JWT.build/Objects-normal/arm64/JWT-dummy.o -index-unit-output-path /Pods.build/Debug-iphonesimulator/JWT.build/Objects-normal/arm64/JWT-dummy.o

ScanDependencies /Users/swan/Development/vantiq-ui-ios/Example/build/Pods.build/Debug-iphonesimulator/Base64.build/Objects-normal/arm64/MF_Base64Additions.o /Users/swan/Development/vantiq-ui-ios/Example/Pods/Base64/Base64/MF_Base64Additions.m normal arm64 objective-c com.apple.compilers.llvm.clang.1_0.compiler (in target 'Base64' from project 'Pods')
    cd /Users/swan/Development/vantiq-ui-ios/Example/Pods
    
    Using response file: /Users/swan/Development/vantiq-ui-ios/Example/build/Pods.build/Debug-iphonesimulator/Base64.build/Objects-normal/arm64/e6072d4f65d7061329687fe24e3d63a7-common-args.resp
    
    builtin-ScanDependencies -o /Users/swan/Development/vantiq-ui-ios/Example/build/Pods.build/Debug-iphonesimulator/Base64.build/Objects-normal/arm64/MF_Base64Additions.o.scan -- /Applications/Xcode.app/Contents/Developer/Toolchains/XcodeDefault.xctoolchain/usr/bin/clang -x objective-c -ivfsstatcache /Users/swan/Library/Developer/Xcode/DerivedData/SDKStatCaches.noindex/iphonesimulator26.4-23E237-686eebb5dc1d8ecb277353a59184f4aa.sdkstatcache -target arm64-apple-ios12.0-simulator -fmessage-length\=0 -fdiagnostics-show-note-include-stack -fmacro-backtrace-limit\=0 -fno-color-diagnostics -fmodules-prune-interval\=86400 -fmodules-prune-after\=345600 -fbuild-session-file\=/Users/swan/Library/Developer/Xcode/DerivedData/ModuleCache.noindex/Session.modulevalidation -fmodules-validate-once-per-build-session -Wnon-modular-include-in-framework-module -Werror\=non-modular-include-in-framework-module -Wno-trigraphs -Wno-missing-field-initializers -Wno-missing-prototypes -Werror\=return-type -Wdocumentation -Wunreachable-code -Wno-implicit-atomic-properties -Werror\=deprecated-objc-isa-usage -Wno-objc-interface-ivars -Werror\=objc-root-class -Wno-arc-repeated-use-of-weak -Wimplicit-retain-self -Wduplicate-method-match -Wno-missing-braces -Wparentheses -Wswitch -Wunused-function -Wno-unused-label -Wno-unused-parameter -Wunused-variable -Wunused-value -Wempty-body -Wuninitialized -Wconditional-uninitialized -Wno-unknown-pragmas -Wno-shadow -Wno-four-char-constants -Wno-conversion -Wconstant-conversion -Wint-conversion -Wbool-conversion -Wenum-conversion -Wno-float-conversion -Wnon-literal-null-conversion -Wobjc-literal-conversion -Wshorten-64-to-32 -Wpointer-sign -Wno-newline-eof -Wno-selector -Wno-strict-selector-match -Wundeclared-selector -Wdeprecated-implementations -Wno-implicit-fallthrough -isysroot /Applications/Xcode.app/Contents/Developer/Platforms/iPhoneSimulator.platform/Developer/SDKs/iPhoneSimulator26.4.sdk -fstrict-aliasing -Wprotocol -Wdeprecated-declarations -Wno-sign-conversion -Winfinite-recursion -Wcomma -Wblock-capture-autoreleasing -Wstrict-prototypes -Wno-semicolon-before-method-body -Wunguarded-availability -index-store-path /Users/swan/Library/Developer/Xcode/DerivedData/vantiq-ui-ios-gueetvuzmuxrbegsztzkuatnhugx/Index.noindex/DataStore @/Users/swan/Development/vantiq-ui-ios/Example/build/Pods.build/Debug-iphonesimulator/Base64.build/Objects-normal/arm64/e6072d4f65d7061329687fe24e3d63a7-common-args.resp -DOS_OBJECT_USE_OBJC\=0 -include /Users/swan/Development/vantiq-ui-ios/Example/Pods/Target\ Support\ Files/Base64/Base64-prefix.pch -MMD -MT dependencies -MF /Users/swan/Development/vantiq-ui-ios/Example/build/Pods.build/Debug-iphonesimulator/Base64.build/Objects-normal/arm64/MF_Base64Additions.d --serialize-diagnostics /Users/swan/Development/vantiq-ui-ios/Example/build/Pods.build/Debug-iphonesimulator/Base64.build/Objects-normal/arm64/MF_Base64Additions.dia -c /Users/swan/Development/vantiq-ui-ios/Example/Pods/Base64/Base64/MF_Base64Additions.m -o /Users/swan/Development/vantiq-ui-ios/Example/build/Pods.build/Debug-iphonesimulator/Base64.build/Objects-normal/arm64/MF_Base64Additions.o -index-unit-output-path /Pods.build/Debug-iphonesimulator/Base64.build/Objects-normal/arm64/MF_Base64Additions.o

ScanDependencies /Users/swan/Development/vantiq-ui-ios/Example/build/Pods.build/Debug-iphonesimulator/Base64.build/Objects-normal/arm64/Base64_vers.o /Users/swan/Development/vantiq-ui-ios/Example/build/Pods.build/Debug-iphonesimulator/Base64.build/DerivedSources/Base64_vers.c normal arm64 c com.apple.compilers.llvm.clang.1_0.compiler (in target 'Base64' from project 'Pods')
    cd /Users/swan/Development/vantiq-ui-ios/Example/Pods
    
    Using response file: /Users/swan/Development/vantiq-ui-ios/Example/build/Pods.build/Debug-iphonesimulator/Base64.build/Objects-normal/arm64/7187679823f38a2a940e0043cdf9d637-common-args.resp
    
    builtin-ScanDependencies -o /Users/swan/Development/vantiq-ui-ios/Example/build/Pods.build/Debug-iphonesimulator/Base64.build/Objects-normal/arm64/Base64_vers.o.scan -- /Applications/Xcode.app/Contents/Developer/Toolchains/XcodeDefault.xctoolchain/usr/bin/clang -x c -ivfsstatcache /Users/swan/Library/Developer/Xcode/DerivedData/SDKStatCaches.noindex/iphonesimulator26.4-23E237-686eebb5dc1d8ecb277353a59184f4aa.sdkstatcache -target arm64-apple-ios12.0-simulator -fmessage-length\=0 -fdiagnostics-show-note-include-stack -fmacro-backtrace-limit\=0 -fno-color-diagnostics -fmodules-prune-interval\=86400 -fmodules-prune-after\=345600 -fbuild-session-file\=/Users/swan/Library/Developer/Xcode/DerivedData/ModuleCache.noindex/Session.modulevalidation -fmodules-validate-once-per-build-session -Wnon-modular-include-in-framework-module -Werror\=non-modular-include-in-framework-module -Wno-trigraphs -Wno-missing-field-initializers -Wno-missing-prototypes -Werror\=return-type -Wdocumentation -Wunreachable-code -Werror\=deprecated-objc-isa-usage -Werror\=objc-root-class -Wno-missing-braces -Wparentheses -Wswitch -Wunused-function -Wno-unused-label -Wno-unused-parameter -Wunused-variable -Wunused-value -Wempty-body -Wuninitialized -Wconditional-uninitialized -Wno-unknown-pragmas -Wno-shadow -Wno-four-char-constants -Wno-conversion -Wconstant-conversion -Wint-conversion -Wbool-conversion -Wenum-conversion -Wno-float-conversion -Wnon-literal-null-conversion -Wobjc-literal-conversion -Wshorten-64-to-32 -Wpointer-sign -Wno-newline-eof -Wno-implicit-fallthrough -isysroot /Applications/Xcode.app/Contents/Developer/Platforms/iPhoneSimulator.platform/Developer/SDKs/iPhoneSimulator26.4.sdk -fstrict-aliasing -Wdeprecated-declarations -Wno-sign-conversion -Winfinite-recursion -Wcomma -Wblock-capture-autoreleasing -Wstrict-prototypes -Wno-semicolon-before-method-body -Wunguarded-availability -index-store-path /Users/swan/Library/Developer/Xcode/DerivedData/vantiq-ui-ios-gueetvuzmuxrbegsztzkuatnhugx/Index.noindex/DataStore @/Users/swan/Development/vantiq-ui-ios/Example/build/Pods.build/Debug-iphonesimulator/Base64.build/Objects-normal/arm64/7187679823f38a2a940e0043cdf9d637-common-args.resp -MMD -MT dependencies -MF /Users/swan/Development/vantiq-ui-ios/Example/build/Pods.build/Debug-iphonesimulator/Base64.build/Objects-normal/arm64/Base64_vers.d --serialize-diagnostics /Users/swan/Development/vantiq-ui-ios/Example/build/Pods.build/Debug-iphonesimulator/Base64.build/Objects-normal/arm64/Base64_vers.dia -c /Users/swan/Development/vantiq-ui-ios/Example/build/Pods.build/Debug-iphonesimulator/Base64.build/DerivedSources/Base64_vers.c -o /Users/swan/Development/vantiq-ui-ios/Example/build/Pods.build/Debug-iphonesimulator/Base64.build/Objects-normal/arm64/Base64_vers.o -index-unit-output-path /Pods.build/Debug-iphonesimulator/Base64.build/Objects-normal/arm64/Base64_vers.o

ScanDependencies /Users/swan/Development/vantiq-ui-ios/Example/build/Pods.build/Debug-iphonesimulator/Base64.build/Objects-normal/arm64/Base64-dummy.o /Users/swan/Development/vantiq-ui-ios/Example/Pods/Target\ Support\ Files/Base64/Base64-dummy.m normal arm64 objective-c com.apple.compilers.llvm.clang.1_0.compiler (in target 'Base64' from project 'Pods')
    cd /Users/swan/Development/vantiq-ui-ios/Example/Pods
    
    Using response file: /Users/swan/Development/vantiq-ui-ios/Example/build/Pods.build/Debug-iphonesimulator/Base64.build/Objects-normal/arm64/e6072d4f65d7061329687fe24e3d63a7-common-args.resp
    
    builtin-ScanDependencies -o /Users/swan/Development/vantiq-ui-ios/Example/build/Pods.build/Debug-iphonesimulator/Base64.build/Objects-normal/arm64/Base64-dummy.o.scan -- /Applications/Xcode.app/Contents/Developer/Toolchains/XcodeDefault.xctoolchain/usr/bin/clang -x objective-c -ivfsstatcache /Users/swan/Library/Developer/Xcode/DerivedData/SDKStatCaches.noindex/iphonesimulator26.4-23E237-686eebb5dc1d8ecb277353a59184f4aa.sdkstatcache -target arm64-apple-ios12.0-simulator -fmessage-length\=0 -fdiagnostics-show-note-include-stack -fmacro-backtrace-limit\=0 -fno-color-diagnostics -fmodules-prune-interval\=86400 -fmodules-prune-after\=345600 -fbuild-session-file\=/Users/swan/Library/Developer/Xcode/DerivedData/ModuleCache.noindex/Session.modulevalidation -fmodules-validate-once-per-build-session -Wnon-modular-include-in-framework-module -Werror\=non-modular-include-in-framework-module -Wno-trigraphs -Wno-missing-field-initializers -Wno-missing-prototypes -Werror\=return-type -Wdocumentation -Wunreachable-code -Wno-implicit-atomic-properties -Werror\=deprecated-objc-isa-usage -Wno-objc-interface-ivars -Werror\=objc-root-class -Wno-arc-repeated-use-of-weak -Wimplicit-retain-self -Wduplicate-method-match -Wno-missing-braces -Wparentheses -Wswitch -Wunused-function -Wno-unused-label -Wno-unused-parameter -Wunused-variable -Wunused-value -Wempty-body -Wuninitialized -Wconditional-uninitialized -Wno-unknown-pragmas -Wno-shadow -Wno-four-char-constants -Wno-conversion -Wconstant-conversion -Wint-conversion -Wbool-conversion -Wenum-conversion -Wno-float-conversion -Wnon-literal-null-conversion -Wobjc-literal-conversion -Wshorten-64-to-32 -Wpointer-sign -Wno-newline-eof -Wno-selector -Wno-strict-selector-match -Wundeclared-selector -Wdeprecated-implementations -Wno-implicit-fallthrough -isysroot /Applications/Xcode.app/Contents/Developer/Platforms/iPhoneSimulator.platform/Developer/SDKs/iPhoneSimulator26.4.sdk -fstrict-aliasing -Wprotocol -Wdeprecated-declarations -Wno-sign-conversion -Winfinite-recursion -Wcomma -Wblock-capture-autoreleasing -Wstrict-prototypes -Wno-semicolon-before-method-body -Wunguarded-availability -index-store-path /Users/swan/Library/Developer/Xcode/DerivedData/vantiq-ui-ios-gueetvuzmuxrbegsztzkuatnhugx/Index.noindex/DataStore @/Users/swan/Development/vantiq-ui-ios/Example/build/Pods.build/Debug-iphonesimulator/Base64.build/Objects-normal/arm64/e6072d4f65d7061329687fe24e3d63a7-common-args.resp -include /Users/swan/Development/vantiq-ui-ios/Example/Pods/Target\ Support\ Files/Base64/Base64-prefix.pch -MMD -MT dependencies -MF /Users/swan/Development/vantiq-ui-ios/Example/build/Pods.build/Debug-iphonesimulator/Base64.build/Objects-normal/arm64/Base64-dummy.d --serialize-diagnostics /Users/swan/Development/vantiq-ui-ios/Example/build/Pods.build/Debug-iphonesimulator/Base64.build/Objects-normal/arm64/Base64-dummy.dia -c /Users/swan/Development/vantiq-ui-ios/Example/Pods/Target\ Support\ Files/Base64/Base64-dummy.m -o /Users/swan/Development/vantiq-ui-ios/Example/build/Pods.build/Debug-iphonesimulator/Base64.build/Objects-normal/arm64/Base64-dummy.o -index-unit-output-path /Pods.build/Debug-iphonesimulator/Base64.build/Objects-normal/arm64/Base64-dummy.o

ScanDependencies /Users/swan/Development/vantiq-ui-ios/Example/build/Pods.build/Debug-iphonesimulator/AppAuth.build/Objects-normal/arm64/OIDURLSessionProvider.o /Users/swan/Development/vantiq-ui-ios/Example/Pods/AppAuth/Sources/AppAuthCore/OIDURLSessionProvider.m normal arm64 objective-c com.apple.compilers.llvm.clang.1_0.compiler (in target 'AppAuth' from project 'Pods')
    cd /Users/swan/Development/vantiq-ui-ios/Example/Pods
    
    Using response file: /Users/swan/Development/vantiq-ui-ios/Example/build/Pods.build/Debug-iphonesimulator/AppAuth.build/Objects-normal/arm64/e6072d4f65d7061329687fe24e3d63a7-common-args.resp
    
    builtin-ScanDependencies -o /Users/swan/Development/vantiq-ui-ios/Example/build/Pods.build/Debug-iphonesimulator/AppAuth.build/Objects-normal/arm64/OIDURLSessionProvider.o.scan -- /Applications/Xcode.app/Contents/Developer/Toolchains/XcodeDefault.xctoolchain/usr/bin/clang -x objective-c -ivfsstatcache /Users/swan/Library/Developer/Xcode/DerivedData/SDKStatCaches.noindex/iphonesimulator26.4-23E237-686eebb5dc1d8ecb277353a59184f4aa.sdkstatcache -target arm64-apple-ios12.0-simulator -fmessage-length\=0 -fdiagnostics-show-note-include-stack -fmacro-backtrace-limit\=0 -fno-color-diagnostics -fmodules-prune-interval\=86400 -fmodules-prune-after\=345600 -fbuild-session-file\=/Users/swan/Library/Developer/Xcode/DerivedData/ModuleCache.noindex/Session.modulevalidation -fmodules-validate-once-per-build-session -Wnon-modular-include-in-framework-module -Werror\=non-modular-include-in-framework-module -Wno-trigraphs -Wno-missing-field-initializers -Wno-missing-prototypes -Werror\=return-type -Wdocumentation -Wunreachable-code -Wno-implicit-atomic-properties -Werror\=deprecated-objc-isa-usage -Wno-objc-interface-ivars -Werror\=objc-root-class -Wno-arc-repeated-use-of-weak -Wimplicit-retain-self -Wduplicate-method-match -Wno-missing-braces -Wparentheses -Wswitch -Wunused-function -Wno-unused-label -Wno-unused-parameter -Wunused-variable -Wunused-value -Wempty-body -Wuninitialized -Wconditional-uninitialized -Wno-unknown-pragmas -Wno-shadow -Wno-four-char-constants -Wno-conversion -Wconstant-conversion -Wint-conversion -Wbool-conversion -Wenum-conversion -Wno-float-conversion -Wnon-literal-null-conversion -Wobjc-literal-conversion -Wshorten-64-to-32 -Wpointer-sign -Wno-newline-eof -Wno-selector -Wno-strict-selector-match -Wundeclared-selector -Wdeprecated-implementations -Wno-implicit-fallthrough -isysroot /Applications/Xcode.app/Contents/Developer/Platforms/iPhoneSimulator.platform/Developer/SDKs/iPhoneSimulator26.4.sdk -fstrict-aliasing -Wprotocol -Wdeprecated-declarations -Wno-sign-conversion -Winfinite-recursion -Wcomma -Wblock-capture-autoreleasing -Wstrict-prototypes -Wno-semicolon-before-method-body -Wunguarded-availability -index-store-path /Users/swan/Library/Developer/Xcode/DerivedData/vantiq-ui-ios-gueetvuzmuxrbegsztzkuatnhugx/Index.noindex/DataStore @/Users/swan/Development/vantiq-ui-ios/Example/build/Pods.build/Debug-iphonesimulator/AppAuth.build/Objects-normal/arm64/e6072d4f65d7061329687fe24e3d63a7-common-args.resp -include /Users/swan/Development/vantiq-ui-ios/Example/Pods/Target\ Support\ Files/AppAuth/AppAuth-prefix.pch -MMD -MT dependencies -MF /Users/swan/Development/vantiq-ui-ios/Example/build/Pods.build/Debug-iphonesimulator/AppAuth.build/Objects-normal/arm64/OIDURLSessionProvider.d --serialize-diagnostics /Users/swan/Development/vantiq-ui-ios/Example/build/Pods.build/Debug-iphonesimulator/AppAuth.build/Objects-normal/arm64/OIDURLSessionProvider.dia -c /Users/swan/Development/vantiq-ui-ios/Example/Pods/AppAuth/Sources/AppAuthCore/OIDURLSessionProvider.m -o /Users/swan/Development/vantiq-ui-ios/Example/build/Pods.build/Debug-iphonesimulator/AppAuth.build/Objects-normal/arm64/OIDURLSessionProvider.o -index-unit-output-path /Pods.build/Debug-iphonesimulator/AppAuth.build/Objects-normal/arm64/OIDURLSessionProvider.o

ScanDependencies /Users/swan/Development/vantiq-ui-ios/Example/build/Pods.build/Debug-iphonesimulator/AppAuth.build/Objects-normal/arm64/OIDURLQueryComponent.o /Users/swan/Development/vantiq-ui-ios/Example/Pods/AppAuth/Sources/AppAuthCore/OIDURLQueryComponent.m normal arm64 objective-c com.apple.compilers.llvm.clang.1_0.compiler (in target 'AppAuth' from project 'Pods')
    cd /Users/swan/Development/vantiq-ui-ios/Example/Pods
    
    Using response file: /Users/swan/Development/vantiq-ui-ios/Example/build/Pods.build/Debug-iphonesimulator/AppAuth.build/Objects-normal/arm64/e6072d4f65d7061329687fe24e3d63a7-common-args.resp
    
    builtin-ScanDependencies -o /Users/swan/Development/vantiq-ui-ios/Example/build/Pods.build/Debug-iphonesimulator/AppAuth.build/Objects-normal/arm64/OIDURLQueryComponent.o.scan -- /Applications/Xcode.app/Contents/Developer/Toolchains/XcodeDefault.xctoolchain/usr/bin/clang -x objective-c -ivfsstatcache /Users/swan/Library/Developer/Xcode/DerivedData/SDKStatCaches.noindex/iphonesimulator26.4-23E237-686eebb5dc1d8ecb277353a59184f4aa.sdkstatcache -target arm64-apple-ios12.0-simulator -fmessage-length\=0 -fdiagnostics-show-note-include-stack -fmacro-backtrace-limit\=0 -fno-color-diagnostics -fmodules-prune-interval\=86400 -fmodules-prune-after\=345600 -fbuild-session-file\=/Users/swan/Library/Developer/Xcode/DerivedData/ModuleCache.noindex/Session.modulevalidation -fmodules-validate-once-per-build-session -Wnon-modular-include-in-framework-module -Werror\=non-modular-include-in-framework-module -Wno-trigraphs -Wno-missing-field-initializers -Wno-missing-prototypes -Werror\=return-type -Wdocumentation -Wunreachable-code -Wno-implicit-atomic-properties -Werror\=deprecated-objc-isa-usage -Wno-objc-interface-ivars -Werror\=objc-root-class -Wno-arc-repeated-use-of-weak -Wimplicit-retain-self -Wduplicate-method-match -Wno-missing-braces -Wparentheses -Wswitch -Wunused-function -Wno-unused-label -Wno-unused-parameter -Wunused-variable -Wunused-value -Wempty-body -Wuninitialized -Wconditional-uninitialized -Wno-unknown-pragmas -Wno-shadow -Wno-four-char-constants -Wno-conversion -Wconstant-conversion -Wint-conversion -Wbool-conversion -Wenum-conversion -Wno-float-conversion -Wnon-literal-null-conversion -Wobjc-literal-conversion -Wshorten-64-to-32 -Wpointer-sign -Wno-newline-eof -Wno-selector -Wno-strict-selector-match -Wundeclared-selector -Wdeprecated-implementations -Wno-implicit-fallthrough -isysroot /Applications/Xcode.app/Contents/Developer/Platforms/iPhoneSimulator.platform/Developer/SDKs/iPhoneSimulator26.4.sdk -fstrict-aliasing -Wprotocol -Wdeprecated-declarations -Wno-sign-conversion -Winfinite-recursion -Wcomma -Wblock-capture-autoreleasing -Wstrict-prototypes -Wno-semicolon-before-method-body -Wunguarded-availability -index-store-path /Users/swan/Library/Developer/Xcode/DerivedData/vantiq-ui-ios-gueetvuzmuxrbegsztzkuatnhugx/Index.noindex/DataStore @/Users/swan/Development/vantiq-ui-ios/Example/build/Pods.build/Debug-iphonesimulator/AppAuth.build/Objects-normal/arm64/e6072d4f65d7061329687fe24e3d63a7-common-args.resp -include /Users/swan/Development/vantiq-ui-ios/Example/Pods/Target\ Support\ Files/AppAuth/AppAuth-prefix.pch -MMD -MT dependencies -MF /Users/swan/Development/vantiq-ui-ios/Example/build/Pods.build/Debug-iphonesimulator/AppAuth.build/Objects-normal/arm64/OIDURLQueryComponent.d --serialize-diagnostics /Users/swan/Development/vantiq-ui-ios/Example/build/Pods.build/Debug-iphonesimulator/AppAuth.build/Objects-normal/arm64/OIDURLQueryComponent.dia -c /Users/swan/Development/vantiq-ui-ios/Example/Pods/AppAuth/Sources/AppAuthCore/OIDURLQueryComponent.m -o /Users/swan/Development/vantiq-ui-ios/Example/build/Pods.build/Debug-iphonesimulator/AppAuth.build/Objects-normal/arm64/OIDURLQueryComponent.o -index-unit-output-path /Pods.build/Debug-iphonesimulator/AppAuth.build/Objects-normal/arm64/OIDURLQueryComponent.o

ScanDependencies /Users/swan/Development/vantiq-ui-ios/Example/build/Pods.build/Debug-iphonesimulator/AppAuth.build/Objects-normal/arm64/OIDTokenUtilities.o /Users/swan/Development/vantiq-ui-ios/Example/Pods/AppAuth/Sources/AppAuthCore/OIDTokenUtilities.m normal arm64 objective-c com.apple.compilers.llvm.clang.1_0.compiler (in target 'AppAuth' from project 'Pods')
    cd /Users/swan/Development/vantiq-ui-ios/Example/Pods
    
    Using response file: /Users/swan/Development/vantiq-ui-ios/Example/build/Pods.build/Debug-iphonesimulator/AppAuth.build/Objects-normal/arm64/e6072d4f65d7061329687fe24e3d63a7-common-args.resp
    
    builtin-ScanDependencies -o /Users/swan/Development/vantiq-ui-ios/Example/build/Pods.build/Debug-iphonesimulator/AppAuth.build/Objects-normal/arm64/OIDTokenUtilities.o.scan -- /Applications/Xcode.app/Contents/Developer/Toolchains/XcodeDefault.xctoolchain/usr/bin/clang -x objective-c -ivfsstatcache /Users/swan/Library/Developer/Xcode/DerivedData/SDKStatCaches.noindex/iphonesimulator26.4-23E237-686eebb5dc1d8ecb277353a59184f4aa.sdkstatcache -target arm64-apple-ios12.0-simulator -fmessage-length\=0 -fdiagnostics-show-note-include-stack -fmacro-backtrace-limit\=0 -fno-color-diagnostics -fmodules-prune-interval\=86400 -fmodules-prune-after\=345600 -fbuild-session-file\=/Users/swan/Library/Developer/Xcode/DerivedData/ModuleCache.noindex/Session.modulevalidation -fmodules-validate-once-per-build-session -Wnon-modular-include-in-framework-module -Werror\=non-modular-include-in-framework-module -Wno-trigraphs -Wno-missing-field-initializers -Wno-missing-prototypes -Werror\=return-type -Wdocumentation -Wunreachable-code -Wno-implicit-atomic-properties -Werror\=deprecated-objc-isa-usage -Wno-objc-interface-ivars -Werror\=objc-root-class -Wno-arc-repeated-use-of-weak -Wimplicit-retain-self -Wduplicate-method-match -Wno-missing-braces -Wparentheses -Wswitch -Wunused-function -Wno-unused-label -Wno-unused-parameter -Wunused-variable -Wunused-value -Wempty-body -Wuninitialized -Wconditional-uninitialized -Wno-unknown-pragmas -Wno-shadow -Wno-four-char-constants -Wno-conversion -Wconstant-conversion -Wint-conversion -Wbool-conversion -Wenum-conversion -Wno-float-conversion -Wnon-literal-null-conversion -Wobjc-literal-conversion -Wshorten-64-to-32 -Wpointer-sign -Wno-newline-eof -Wno-selector -Wno-strict-selector-match -Wundeclared-selector -Wdeprecated-implementations -Wno-implicit-fallthrough -isysroot /Applications/Xcode.app/Contents/Developer/Platforms/iPhoneSimulator.platform/Developer/SDKs/iPhoneSimulator26.4.sdk -fstrict-aliasing -Wprotocol -Wdeprecated-declarations -Wno-sign-conversion -Winfinite-recursion -Wcomma -Wblock-capture-autoreleasing -Wstrict-prototypes -Wno-semicolon-before-method-body -Wunguarded-availability -index-store-path /Users/swan/Library/Developer/Xcode/DerivedData/vantiq-ui-ios-gueetvuzmuxrbegsztzkuatnhugx/Index.noindex/DataStore @/Users/swan/Development/vantiq-ui-ios/Example/build/Pods.build/Debug-iphonesimulator/AppAuth.build/Objects-normal/arm64/e6072d4f65d7061329687fe24e3d63a7-common-args.resp -include /Users/swan/Development/vantiq-ui-ios/Example/Pods/Target\ Support\ Files/AppAuth/AppAuth-prefix.pch -MMD -MT dependencies -MF /Users/swan/Development/vantiq-ui-ios/Example/build/Pods.build/Debug-iphonesimulator/AppAuth.build/Objects-normal/arm64/OIDTokenUtilities.d --serialize-diagnostics /Users/swan/Development/vantiq-ui-ios/Example/build/Pods.build/Debug-iphonesimulator/AppAuth.build/Objects-normal/arm64/OIDTokenUtilities.dia -c /Users/swan/Development/vantiq-ui-ios/Example/Pods/AppAuth/Sources/AppAuthCore/OIDTokenUtilities.m -o /Users/swan/Development/vantiq-ui-ios/Example/build/Pods.build/Debug-iphonesimulator/AppAuth.build/Objects-normal/arm64/OIDTokenUtilities.o -index-unit-output-path /Pods.build/Debug-iphonesimulator/AppAuth.build/Objects-normal/arm64/OIDTokenUtilities.o

ScanDependencies /Users/swan/Development/vantiq-ui-ios/Example/build/Pods.build/Debug-iphonesimulator/AppAuth.build/Objects-normal/arm64/OIDTokenResponse.o /Users/swan/Development/vantiq-ui-ios/Example/Pods/AppAuth/Sources/AppAuthCore/OIDTokenResponse.m normal arm64 objective-c com.apple.compilers.llvm.clang.1_0.compiler (in target 'AppAuth' from project 'Pods')
    cd /Users/swan/Development/vantiq-ui-ios/Example/Pods
    
    Using response file: /Users/swan/Development/vantiq-ui-ios/Example/build/Pods.build/Debug-iphonesimulator/AppAuth.build/Objects-normal/arm64/e6072d4f65d7061329687fe24e3d63a7-common-args.resp
    
    builtin-ScanDependencies -o /Users/swan/Development/vantiq-ui-ios/Example/build/Pods.build/Debug-iphonesimulator/AppAuth.build/Objects-normal/arm64/OIDTokenResponse.o.scan -- /Applications/Xcode.app/Contents/Developer/Toolchains/XcodeDefault.xctoolchain/usr/bin/clang -x objective-c -ivfsstatcache /Users/swan/Library/Developer/Xcode/DerivedData/SDKStatCaches.noindex/iphonesimulator26.4-23E237-686eebb5dc1d8ecb277353a59184f4aa.sdkstatcache -target arm64-apple-ios12.0-simulator -fmessage-length\=0 -fdiagnostics-show-note-include-stack -fmacro-backtrace-limit\=0 -fno-color-diagnostics -fmodules-prune-interval\=86400 -fmodules-prune-after\=345600 -fbuild-session-file\=/Users/swan/Library/Developer/Xcode/DerivedData/ModuleCache.noindex/Session.modulevalidation -fmodules-validate-once-per-build-session -Wnon-modular-include-in-framework-module -Werror\=non-modular-include-in-framework-module -Wno-trigraphs -Wno-missing-field-initializers -Wno-missing-prototypes -Werror\=return-type -Wdocumentation -Wunreachable-code -Wno-implicit-atomic-properties -Werror\=deprecated-objc-isa-usage -Wno-objc-interface-ivars -Werror\=objc-root-class -Wno-arc-repeated-use-of-weak -Wimplicit-retain-self -Wduplicate-method-match -Wno-missing-braces -Wparentheses -Wswitch -Wunused-function -Wno-unused-label -Wno-unused-parameter -Wunused-variable -Wunused-value -Wempty-body -Wuninitialized -Wconditional-uninitialized -Wno-unknown-pragmas -Wno-shadow -Wno-four-char-constants -Wno-conversion -Wconstant-conversion -Wint-conversion -Wbool-conversion -Wenum-conversion -Wno-float-conversion -Wnon-literal-null-conversion -Wobjc-literal-conversion -Wshorten-64-to-32 -Wpointer-sign -Wno-newline-eof -Wno-selector -Wno-strict-selector-match -Wundeclared-selector -Wdeprecated-implementations -Wno-implicit-fallthrough -isysroot /Applications/Xcode.app/Contents/Developer/Platforms/iPhoneSimulator.platform/Developer/SDKs/iPhoneSimulator26.4.sdk -fstrict-aliasing -Wprotocol -Wdeprecated-declarations -Wno-sign-conversion -Winfinite-recursion -Wcomma -Wblock-capture-autoreleasing -Wstrict-prototypes -Wno-semicolon-before-method-body -Wunguarded-availability -index-store-path /Users/swan/Library/Developer/Xcode/DerivedData/vantiq-ui-ios-gueetvuzmuxrbegsztzkuatnhugx/Index.noindex/DataStore @/Users/swan/Development/vantiq-ui-ios/Example/build/Pods.build/Debug-iphonesimulator/AppAuth.build/Objects-normal/arm64/e6072d4f65d7061329687fe24e3d63a7-common-args.resp -include /Users/swan/Development/vantiq-ui-ios/Example/Pods/Target\ Support\ Files/AppAuth/AppAuth-prefix.pch -MMD -MT dependencies -MF /Users/swan/Development/vantiq-ui-ios/Example/build/Pods.build/Debug-iphonesimulator/AppAuth.build/Objects-normal/arm64/OIDTokenResponse.d --serialize-diagnostics /Users/swan/Development/vantiq-ui-ios/Example/build/Pods.build/Debug-iphonesimulator/AppAuth.build/Objects-normal/arm64/OIDTokenResponse.dia -c /Users/swan/Development/vantiq-ui-ios/Example/Pods/AppAuth/Sources/AppAuthCore/OIDTokenResponse.m -o /Users/swan/Development/vantiq-ui-ios/Example/build/Pods.build/Debug-iphonesimulator/AppAuth.build/Objects-normal/arm64/OIDTokenResponse.o -index-unit-output-path /Pods.build/Debug-iphonesimulator/AppAuth.build/Objects-normal/arm64/OIDTokenResponse.o

ScanDependencies /Users/swan/Development/vantiq-ui-ios/Example/build/Pods.build/Debug-iphonesimulator/AppAuth.build/Objects-normal/arm64/OIDTokenRequest.o /Users/swan/Development/vantiq-ui-ios/Example/Pods/AppAuth/Sources/AppAuthCore/OIDTokenRequest.m normal arm64 objective-c com.apple.compilers.llvm.clang.1_0.compiler (in target 'AppAuth' from project 'Pods')
    cd /Users/swan/Development/vantiq-ui-ios/Example/Pods
    
    Using response file: /Users/swan/Development/vantiq-ui-ios/Example/build/Pods.build/Debug-iphonesimulator/AppAuth.build/Objects-normal/arm64/e6072d4f65d7061329687fe24e3d63a7-common-args.resp
    
    builtin-ScanDependencies -o /Users/swan/Development/vantiq-ui-ios/Example/build/Pods.build/Debug-iphonesimulator/AppAuth.build/Objects-normal/arm64/OIDTokenRequest.o.scan -- /Applications/Xcode.app/Contents/Developer/Toolchains/XcodeDefault.xctoolchain/usr/bin/clang -x objective-c -ivfsstatcache /Users/swan/Library/Developer/Xcode/DerivedData/SDKStatCaches.noindex/iphonesimulator26.4-23E237-686eebb5dc1d8ecb277353a59184f4aa.sdkstatcache -target arm64-apple-ios12.0-simulator -fmessage-length\=0 -fdiagnostics-show-note-include-stack -fmacro-backtrace-limit\=0 -fno-color-diagnostics -fmodules-prune-interval\=86400 -fmodules-prune-after\=345600 -fbuild-session-file\=/Users/swan/Library/Developer/Xcode/DerivedData/ModuleCache.noindex/Session.modulevalidation -fmodules-validate-once-per-build-session -Wnon-modular-include-in-framework-module -Werror\=non-modular-include-in-framework-module -Wno-trigraphs -Wno-missing-field-initializers -Wno-missing-prototypes -Werror\=return-type -Wdocumentation -Wunreachable-code -Wno-implicit-atomic-properties -Werror\=deprecated-objc-isa-usage -Wno-objc-interface-ivars -Werror\=objc-root-class -Wno-arc-repeated-use-of-weak -Wimplicit-retain-self -Wduplicate-method-match -Wno-missing-braces -Wparentheses -Wswitch -Wunused-function -Wno-unused-label -Wno-unused-parameter -Wunused-variable -Wunused-value -Wempty-body -Wuninitialized -Wconditional-uninitialized -Wno-unknown-pragmas -Wno-shadow -Wno-four-char-constants -Wno-conversion -Wconstant-conversion -Wint-conversion -Wbool-conversion -Wenum-conversion -Wno-float-conversion -Wnon-literal-null-conversion -Wobjc-literal-conversion -Wshorten-64-to-32 -Wpointer-sign -Wno-newline-eof -Wno-selector -Wno-strict-selector-match -Wundeclared-selector -Wdeprecated-implementations -Wno-implicit-fallthrough -isysroot /Applications/Xcode.app/Contents/Developer/Platforms/iPhoneSimulator.platform/Developer/SDKs/iPhoneSimulator26.4.sdk -fstrict-aliasing -Wprotocol -Wdeprecated-declarations -Wno-sign-conversion -Winfinite-recursion -Wcomma -Wblock-capture-autoreleasing -Wstrict-prototypes -Wno-semicolon-before-method-body -Wunguarded-availability -index-store-path /Users/swan/Library/Developer/Xcode/DerivedData/vantiq-ui-ios-gueetvuzmuxrbegsztzkuatnhugx/Index.noindex/DataStore @/Users/swan/Development/vantiq-ui-ios/Example/build/Pods.build/Debug-iphonesimulator/AppAuth.build/Objects-normal/arm64/e6072d4f65d7061329687fe24e3d63a7-common-args.resp -include /Users/swan/Development/vantiq-ui-ios/Example/Pods/Target\ Support\ Files/AppAuth/AppAuth-prefix.pch -MMD -MT dependencies -MF /Users/swan/Development/vantiq-ui-ios/Example/build/Pods.build/Debug-iphonesimulator/AppAuth.build/Objects-normal/arm64/OIDTokenRequest.d --serialize-diagnostics /Users/swan/Development/vantiq-ui-ios/Example/build/Pods.build/Debug-iphonesimulator/AppAuth.build/Objects-normal/arm64/OIDTokenRequest.dia -c /Users/swan/Development/vantiq-ui-ios/Example/Pods/AppAuth/Sources/AppAuthCore/OIDTokenRequest.m -o /Users/swan/Development/vantiq-ui-ios/Example/build/Pods.build/Debug-iphonesimulator/AppAuth.build/Objects-normal/arm64/OIDTokenRequest.o -index-unit-output-path /Pods.build/Debug-iphonesimulator/AppAuth.build/Objects-normal/arm64/OIDTokenRequest.o

ScanDependencies /Users/swan/Development/vantiq-ui-ios/Example/build/Pods.build/Debug-iphonesimulator/AppAuth.build/Objects-normal/arm64/OIDServiceDiscovery.o /Users/swan/Development/vantiq-ui-ios/Example/Pods/AppAuth/Sources/AppAuthCore/OIDServiceDiscovery.m normal arm64 objective-c com.apple.compilers.llvm.clang.1_0.compiler (in target 'AppAuth' from project 'Pods')
    cd /Users/swan/Development/vantiq-ui-ios/Example/Pods
    
    Using response file: /Users/swan/Development/vantiq-ui-ios/Example/build/Pods.build/Debug-iphonesimulator/AppAuth.build/Objects-normal/arm64/e6072d4f65d7061329687fe24e3d63a7-common-args.resp
    
    builtin-ScanDependencies -o /Users/swan/Development/vantiq-ui-ios/Example/build/Pods.build/Debug-iphonesimulator/AppAuth.build/Objects-normal/arm64/OIDServiceDiscovery.o.scan -- /Applications/Xcode.app/Contents/Developer/Toolchains/XcodeDefault.xctoolchain/usr/bin/clang -x objective-c -ivfsstatcache /Users/swan/Library/Developer/Xcode/DerivedData/SDKStatCaches.noindex/iphonesimulator26.4-23E237-686eebb5dc1d8ecb277353a59184f4aa.sdkstatcache -target arm64-apple-ios12.0-simulator -fmessage-length\=0 -fdiagnostics-show-note-include-stack -fmacro-backtrace-limit\=0 -fno-color-diagnostics -fmodules-prune-interval\=86400 -fmodules-prune-after\=345600 -fbuild-session-file\=/Users/swan/Library/Developer/Xcode/DerivedData/ModuleCache.noindex/Session.modulevalidation -fmodules-validate-once-per-build-session -Wnon-modular-include-in-framework-module -Werror\=non-modular-include-in-framework-module -Wno-trigraphs -Wno-missing-field-initializers -Wno-missing-prototypes -Werror\=return-type -Wdocumentation -Wunreachable-code -Wno-implicit-atomic-properties -Werror\=deprecated-objc-isa-usage -Wno-objc-interface-ivars -Werror\=objc-root-class -Wno-arc-repeated-use-of-weak -Wimplicit-retain-self -Wduplicate-method-match -Wno-missing-braces -Wparentheses -Wswitch -Wunused-function -Wno-unused-label -Wno-unused-parameter -Wunused-variable -Wunused-value -Wempty-body -Wuninitialized -Wconditional-uninitialized -Wno-unknown-pragmas -Wno-shadow -Wno-four-char-constants -Wno-conversion -Wconstant-conversion -Wint-conversion -Wbool-conversion -Wenum-conversion -Wno-float-conversion -Wnon-literal-null-conversion -Wobjc-literal-conversion -Wshorten-64-to-32 -Wpointer-sign -Wno-newline-eof -Wno-selector -Wno-strict-selector-match -Wundeclared-selector -Wdeprecated-implementations -Wno-implicit-fallthrough -isysroot /Applications/Xcode.app/Contents/Developer/Platforms/iPhoneSimulator.platform/Developer/SDKs/iPhoneSimulator26.4.sdk -fstrict-aliasing -Wprotocol -Wdeprecated-declarations -Wno-sign-conversion -Winfinite-recursion -Wcomma -Wblock-capture-autoreleasing -Wstrict-prototypes -Wno-semicolon-before-method-body -Wunguarded-availability -index-store-path /Users/swan/Library/Developer/Xcode/DerivedData/vantiq-ui-ios-gueetvuzmuxrbegsztzkuatnhugx/Index.noindex/DataStore @/Users/swan/Development/vantiq-ui-ios/Example/build/Pods.build/Debug-iphonesimulator/AppAuth.build/Objects-normal/arm64/e6072d4f65d7061329687fe24e3d63a7-common-args.resp -include /Users/swan/Development/vantiq-ui-ios/Example/Pods/Target\ Support\ Files/AppAuth/AppAuth-prefix.pch -MMD -MT dependencies -MF /Users/swan/Development/vantiq-ui-ios/Example/build/Pods.build/Debug-iphonesimulator/AppAuth.build/Objects-normal/arm64/OIDServiceDiscovery.d --serialize-diagnostics /Users/swan/Development/vantiq-ui-ios/Example/build/Pods.build/Debug-iphonesimulator/AppAuth.build/Objects-normal/arm64/OIDServiceDiscovery.dia -c /Users/swan/Development/vantiq-ui-ios/Example/Pods/AppAuth/Sources/AppAuthCore/OIDServiceDiscovery.m -o /Users/swan/Development/vantiq-ui-ios/Example/build/Pods.build/Debug-iphonesimulator/AppAuth.build/Objects-normal/arm64/OIDServiceDiscovery.o -index-unit-output-path /Pods.build/Debug-iphonesimulator/AppAuth.build/Objects-normal/arm64/OIDServiceDiscovery.o

ScanDependencies /Users/swan/Development/vantiq-ui-ios/Example/build/Pods.build/Debug-iphonesimulator/AppAuth.build/Objects-normal/arm64/OIDServiceConfiguration.o /Users/swan/Development/vantiq-ui-ios/Example/Pods/AppAuth/Sources/AppAuthCore/OIDServiceConfiguration.m normal arm64 objective-c com.apple.compilers.llvm.clang.1_0.compiler (in target 'AppAuth' from project 'Pods')
    cd /Users/swan/Development/vantiq-ui-ios/Example/Pods
    
    Using response file: /Users/swan/Development/vantiq-ui-ios/Example/build/Pods.build/Debug-iphonesimulator/AppAuth.build/Objects-normal/arm64/e6072d4f65d7061329687fe24e3d63a7-common-args.resp
    
    builtin-ScanDependencies -o /Users/swan/Development/vantiq-ui-ios/Example/build/Pods.build/Debug-iphonesimulator/AppAuth.build/Objects-normal/arm64/OIDServiceConfiguration.o.scan -- /Applications/Xcode.app/Contents/Developer/Toolchains/XcodeDefault.xctoolchain/usr/bin/clang -x objective-c -ivfsstatcache /Users/swan/Library/Developer/Xcode/DerivedData/SDKStatCaches.noindex/iphonesimulator26.4-23E237-686eebb5dc1d8ecb277353a59184f4aa.sdkstatcache -target arm64-apple-ios12.0-simulator -fmessage-length\=0 -fdiagnostics-show-note-include-stack -fmacro-backtrace-limit\=0 -fno-color-diagnostics -fmodules-prune-interval\=86400 -fmodules-prune-after\=345600 -fbuild-session-file\=/Users/swan/Library/Developer/Xcode/DerivedData/ModuleCache.noindex/Session.modulevalidation -fmodules-validate-once-per-build-session -Wnon-modular-include-in-framework-module -Werror\=non-modular-include-in-framework-module -Wno-trigraphs -Wno-missing-field-initializers -Wno-missing-prototypes -Werror\=return-type -Wdocumentation -Wunreachable-code -Wno-implicit-atomic-properties -Werror\=deprecated-objc-isa-usage -Wno-objc-interface-ivars -Werror\=objc-root-class -Wno-arc-repeated-use-of-weak -Wimplicit-retain-self -Wduplicate-method-match -Wno-missing-braces -Wparentheses -Wswitch -Wunused-function -Wno-unused-label -Wno-unused-parameter -Wunused-variable -Wunused-value -Wempty-body -Wuninitialized -Wconditional-uninitialized -Wno-unknown-pragmas -Wno-shadow -Wno-four-char-constants -Wno-conversion -Wconstant-conversion -Wint-conversion -Wbool-conversion -Wenum-conversion -Wno-float-conversion -Wnon-literal-null-conversion -Wobjc-literal-conversion -Wshorten-64-to-32 -Wpointer-sign -Wno-newline-eof -Wno-selector -Wno-strict-selector-match -Wundeclared-selector -Wdeprecated-implementations -Wno-implicit-fallthrough -isysroot /Applications/Xcode.app/Contents/Developer/Platforms/iPhoneSimulator.platform/Developer/SDKs/iPhoneSimulator26.4.sdk -fstrict-aliasing -Wprotocol -Wdeprecated-declarations -Wno-sign-conversion -Winfinite-recursion -Wcomma -Wblock-capture-autoreleasing -Wstrict-prototypes -Wno-semicolon-before-method-body -Wunguarded-availability -index-store-path /Users/swan/Library/Developer/Xcode/DerivedData/vantiq-ui-ios-gueetvuzmuxrbegsztzkuatnhugx/Index.noindex/DataStore @/Users/swan/Development/vantiq-ui-ios/Example/build/Pods.build/Debug-iphonesimulator/AppAuth.build/Objects-normal/arm64/e6072d4f65d7061329687fe24e3d63a7-common-args.resp -include /Users/swan/Development/vantiq-ui-ios/Example/Pods/Target\ Support\ Files/AppAuth/AppAuth-prefix.pch -MMD -MT dependencies -MF /Users/swan/Development/vantiq-ui-ios/Example/build/Pods.build/Debug-iphonesimulator/AppAuth.build/Objects-normal/arm64/OIDServiceConfiguration.d --serialize-diagnostics /Users/swan/Development/vantiq-ui-ios/Example/build/Pods.build/Debug-iphonesimulator/AppAuth.build/Objects-normal/arm64/OIDServiceConfiguration.dia -c /Users/swan/Development/vantiq-ui-ios/Example/Pods/AppAuth/Sources/AppAuthCore/OIDServiceConfiguration.m -o /Users/swan/Development/vantiq-ui-ios/Example/build/Pods.build/Debug-iphonesimulator/AppAuth.build/Objects-normal/arm64/OIDServiceConfiguration.o -index-unit-output-path /Pods.build/Debug-iphonesimulator/AppAuth.build/Objects-normal/arm64/OIDServiceConfiguration.o

ScanDependencies /Users/swan/Development/vantiq-ui-ios/Example/build/Pods.build/Debug-iphonesimulator/AppAuth.build/Objects-normal/arm64/OIDScopes.o /Users/swan/Development/vantiq-ui-ios/Example/Pods/AppAuth/Sources/AppAuthCore/OIDScopes.m normal arm64 objective-c com.apple.compilers.llvm.clang.1_0.compiler (in target 'AppAuth' from project 'Pods')
    cd /Users/swan/Development/vantiq-ui-ios/Example/Pods
    
    Using response file: /Users/swan/Development/vantiq-ui-ios/Example/build/Pods.build/Debug-iphonesimulator/AppAuth.build/Objects-normal/arm64/e6072d4f65d7061329687fe24e3d63a7-common-args.resp
    
    builtin-ScanDependencies -o /Users/swan/Development/vantiq-ui-ios/Example/build/Pods.build/Debug-iphonesimulator/AppAuth.build/Objects-normal/arm64/OIDScopes.o.scan -- /Applications/Xcode.app/Contents/Developer/Toolchains/XcodeDefault.xctoolchain/usr/bin/clang -x objective-c -ivfsstatcache /Users/swan/Library/Developer/Xcode/DerivedData/SDKStatCaches.noindex/iphonesimulator26.4-23E237-686eebb5dc1d8ecb277353a59184f4aa.sdkstatcache -target arm64-apple-ios12.0-simulator -fmessage-length\=0 -fdiagnostics-show-note-include-stack -fmacro-backtrace-limit\=0 -fno-color-diagnostics -fmodules-prune-interval\=86400 -fmodules-prune-after\=345600 -fbuild-session-file\=/Users/swan/Library/Developer/Xcode/DerivedData/ModuleCache.noindex/Session.modulevalidation -fmodules-validate-once-per-build-session -Wnon-modular-include-in-framework-module -Werror\=non-modular-include-in-framework-module -Wno-trigraphs -Wno-missing-field-initializers -Wno-missing-prototypes -Werror\=return-type -Wdocumentation -Wunreachable-code -Wno-implicit-atomic-properties -Werror\=deprecated-objc-isa-usage -Wno-objc-interface-ivars -Werror\=objc-root-class -Wno-arc-repeated-use-of-weak -Wimplicit-retain-self -Wduplicate-method-match -Wno-missing-braces -Wparentheses -Wswitch -Wunused-function -Wno-unused-label -Wno-unused-parameter -Wunused-variable -Wunused-value -Wempty-body -Wuninitialized -Wconditional-uninitialized -Wno-unknown-pragmas -Wno-shadow -Wno-four-char-constants -Wno-conversion -Wconstant-conversion -Wint-conversion -Wbool-conversion -Wenum-conversion -Wno-float-conversion -Wnon-literal-null-conversion -Wobjc-literal-conversion -Wshorten-64-to-32 -Wpointer-sign -Wno-newline-eof -Wno-selector -Wno-strict-selector-match -Wundeclared-selector -Wdeprecated-implementations -Wno-implicit-fallthrough -isysroot /Applications/Xcode.app/Contents/Developer/Platforms/iPhoneSimulator.platform/Developer/SDKs/iPhoneSimulator26.4.sdk -fstrict-aliasing -Wprotocol -Wdeprecated-declarations -Wno-sign-conversion -Winfinite-recursion -Wcomma -Wblock-capture-autoreleasing -Wstrict-prototypes -Wno-semicolon-before-method-body -Wunguarded-availability -index-store-path /Users/swan/Library/Developer/Xcode/DerivedData/vantiq-ui-ios-gueetvuzmuxrbegsztzkuatnhugx/Index.noindex/DataStore @/Users/swan/Development/vantiq-ui-ios/Example/build/Pods.build/Debug-iphonesimulator/AppAuth.build/Objects-normal/arm64/e6072d4f65d7061329687fe24e3d63a7-common-args.resp -include /Users/swan/Development/vantiq-ui-ios/Example/Pods/Target\ Support\ Files/AppAuth/AppAuth-prefix.pch -MMD -MT dependencies -MF /Users/swan/Development/vantiq-ui-ios/Example/build/Pods.build/Debug-iphonesimulator/AppAuth.build/Objects-normal/arm64/OIDScopes.d --serialize-diagnostics /Users/swan/Development/vantiq-ui-ios/Example/build/Pods.build/Debug-iphonesimulator/AppAuth.build/Objects-normal/arm64/OIDScopes.dia -c /Users/swan/Development/vantiq-ui-ios/Example/Pods/AppAuth/Sources/AppAuthCore/OIDScopes.m -o /Users/swan/Development/vantiq-ui-ios/Example/build/Pods.build/Debug-iphonesimulator/AppAuth.build/Objects-normal/arm64/OIDScopes.o -index-unit-output-path /Pods.build/Debug-iphonesimulator/AppAuth.build/Objects-normal/arm64/OIDScopes.o

ScanDependencies /Users/swan/Development/vantiq-ui-ios/Example/build/Pods.build/Debug-iphonesimulator/AppAuth.build/Objects-normal/arm64/OIDScopeUtilities.o /Users/swan/Development/vantiq-ui-ios/Example/Pods/AppAuth/Sources/AppAuthCore/OIDScopeUtilities.m normal arm64 objective-c com.apple.compilers.llvm.clang.1_0.compiler (in target 'AppAuth' from project 'Pods')
    cd /Users/swan/Development/vantiq-ui-ios/Example/Pods
    
    Using response file: /Users/swan/Development/vantiq-ui-ios/Example/build/Pods.build/Debug-iphonesimulator/AppAuth.build/Objects-normal/arm64/e6072d4f65d7061329687fe24e3d63a7-common-args.resp
    
    builtin-ScanDependencies -o /Users/swan/Development/vantiq-ui-ios/Example/build/Pods.build/Debug-iphonesimulator/AppAuth.build/Objects-normal/arm64/OIDScopeUtilities.o.scan -- /Applications/Xcode.app/Contents/Developer/Toolchains/XcodeDefault.xctoolchain/usr/bin/clang -x objective-c -ivfsstatcache /Users/swan/Library/Developer/Xcode/DerivedData/SDKStatCaches.noindex/iphonesimulator26.4-23E237-686eebb5dc1d8ecb277353a59184f4aa.sdkstatcache -target arm64-apple-ios12.0-simulator -fmessage-length\=0 -fdiagnostics-show-note-include-stack -fmacro-backtrace-limit\=0 -fno-color-diagnostics -fmodules-prune-interval\=86400 -fmodules-prune-after\=345600 -fbuild-session-file\=/Users/swan/Library/Developer/Xcode/DerivedData/ModuleCache.noindex/Session.modulevalidation -fmodules-validate-once-per-build-session -Wnon-modular-include-in-framework-module -Werror\=non-modular-include-in-framework-module -Wno-trigraphs -Wno-missing-field-initializers -Wno-missing-prototypes -Werror\=return-type -Wdocumentation -Wunreachable-code -Wno-implicit-atomic-properties -Werror\=deprecated-objc-isa-usage -Wno-objc-interface-ivars -Werror\=objc-root-class -Wno-arc-repeated-use-of-weak -Wimplicit-retain-self -Wduplicate-method-match -Wno-missing-braces -Wparentheses -Wswitch -Wunused-function -Wno-unused-label -Wno-unused-parameter -Wunused-variable -Wunused-value -Wempty-body -Wuninitialized -Wconditional-uninitialized -Wno-unknown-pragmas -Wno-shadow -Wno-four-char-constants -Wno-conversion -Wconstant-conversion -Wint-conversion -Wbool-conversion -Wenum-conversion -Wno-float-conversion -Wnon-literal-null-conversion -Wobjc-literal-conversion -Wshorten-64-to-32 -Wpointer-sign -Wno-newline-eof -Wno-selector -Wno-strict-selector-match -Wundeclared-selector -Wdeprecated-implementations -Wno-implicit-fallthrough -isysroot /Applications/Xcode.app/Contents/Developer/Platforms/iPhoneSimulator.platform/Developer/SDKs/iPhoneSimulator26.4.sdk -fstrict-aliasing -Wprotocol -Wdeprecated-declarations -Wno-sign-conversion -Winfinite-recursion -Wcomma -Wblock-capture-autoreleasing -Wstrict-prototypes -Wno-semicolon-before-method-body -Wunguarded-availability -index-store-path /Users/swan/Library/Developer/Xcode/DerivedData/vantiq-ui-ios-gueetvuzmuxrbegsztzkuatnhugx/Index.noindex/DataStore @/Users/swan/Development/vantiq-ui-ios/Example/build/Pods.build/Debug-iphonesimulator/AppAuth.build/Objects-normal/arm64/e6072d4f65d7061329687fe24e3d63a7-common-args.resp -include /Users/swan/Development/vantiq-ui-ios/Example/Pods/Target\ Support\ Files/AppAuth/AppAuth-prefix.pch -MMD -MT dependencies -MF /Users/swan/Development/vantiq-ui-ios/Example/build/Pods.build/Debug-iphonesimulator/AppAuth.build/Objects-normal/arm64/OIDScopeUtilities.d --serialize-diagnostics /Users/swan/Development/vantiq-ui-ios/Example/build/Pods.build/Debug-iphonesimulator/AppAuth.build/Objects-normal/arm64/OIDScopeUtilities.dia -c /Users/swan/Development/vantiq-ui-ios/Example/Pods/AppAuth/Sources/AppAuthCore/OIDScopeUtilities.m -o /Users/swan/Development/vantiq-ui-ios/Example/build/Pods.build/Debug-iphonesimulator/AppAuth.build/Objects-normal/arm64/OIDScopeUtilities.o -index-unit-output-path /Pods.build/Debug-iphonesimulator/AppAuth.build/Objects-normal/arm64/OIDScopeUtilities.o

CompileC /Users/swan/Development/vantiq-ui-ios/Example/build/Pods.build/Debug-iphonesimulator/Base64.build/Objects-normal/arm64/Base64_vers.o /Users/swan/Development/vantiq-ui-ios/Example/build/Pods.build/Debug-iphonesimulator/Base64.build/DerivedSources/Base64_vers.c normal arm64 c com.apple.compilers.llvm.clang.1_0.compiler (in target 'Base64' from project 'Pods')
    cd /Users/swan/Development/vantiq-ui-ios/Example/Pods
    
    Using response file: /Users/swan/Development/vantiq-ui-ios/Example/build/Pods.build/Debug-iphonesimulator/Base64.build/Objects-normal/arm64/7187679823f38a2a940e0043cdf9d637-common-args.resp
    
    /Applications/Xcode.app/Contents/Developer/Toolchains/XcodeDefault.xctoolchain/usr/bin/clang -x c -ivfsstatcache /Users/swan/Library/Developer/Xcode/DerivedData/SDKStatCaches.noindex/iphonesimulator26.4-23E237-686eebb5dc1d8ecb277353a59184f4aa.sdkstatcache -target arm64-apple-ios12.0-simulator -fmessage-length\=0 -fdiagnostics-show-note-include-stack -fmacro-backtrace-limit\=0 -fno-color-diagnostics -fmodules-prune-interval\=86400 -fmodules-prune-after\=345600 -fbuild-session-file\=/Users/swan/Library/Developer/Xcode/DerivedData/ModuleCache.noindex/Session.modulevalidation -fmodules-validate-once-per-build-session -Wnon-modular-include-in-framework-module -Werror\=non-modular-include-in-framework-module -Wno-trigraphs -Wno-missing-field-initializers -Wno-missing-prototypes -Werror\=return-type -Wdocumentation -Wunreachable-code -Werror\=deprecated-objc-isa-usage -Werror\=objc-root-class -Wno-missing-braces -Wparentheses -Wswitch -Wunused-function -Wno-unused-label -Wno-unused-parameter -Wunused-variable -Wunused-value -Wempty-body -Wuninitialized -Wconditional-uninitialized -Wno-unknown-pragmas -Wno-shadow -Wno-four-char-constants -Wno-conversion -Wconstant-conversion -Wint-conversion -Wbool-conversion -Wenum-conversion -Wno-float-conversion -Wnon-literal-null-conversion -Wobjc-literal-conversion -Wshorten-64-to-32 -Wpointer-sign -Wno-newline-eof -Wno-implicit-fallthrough -isysroot /Applications/Xcode.app/Contents/Developer/Platforms/iPhoneSimulator.platform/Developer/SDKs/iPhoneSimulator26.4.sdk -fstrict-aliasing -Wdeprecated-declarations -Wno-sign-conversion -Winfinite-recursion -Wcomma -Wblock-capture-autoreleasing -Wstrict-prototypes -Wno-semicolon-before-method-body -Wunguarded-availability -index-store-path /Users/swan/Library/Developer/Xcode/DerivedData/vantiq-ui-ios-gueetvuzmuxrbegsztzkuatnhugx/Index.noindex/DataStore @/Users/swan/Development/vantiq-ui-ios/Example/build/Pods.build/Debug-iphonesimulator/Base64.build/Objects-normal/arm64/7187679823f38a2a940e0043cdf9d637-common-args.resp -MMD -MT dependencies -MF /Users/swan/Development/vantiq-ui-ios/Example/build/Pods.build/Debug-iphonesimulator/Base64.build/Objects-normal/arm64/Base64_vers.d --serialize-diagnostics /Users/swan/Development/vantiq-ui-ios/Example/build/Pods.build/Debug-iphonesimulator/Base64.build/Objects-normal/arm64/Base64_vers.dia -c /Users/swan/Development/vantiq-ui-ios/Example/build/Pods.build/Debug-iphonesimulator/Base64.build/DerivedSources/Base64_vers.c -o /Users/swan/Development/vantiq-ui-ios/Example/build/Pods.build/Debug-iphonesimulator/Base64.build/Objects-normal/arm64/Base64_vers.o -index-unit-output-path /Pods.build/Debug-iphonesimulator/Base64.build/Objects-normal/arm64/Base64_vers.o

ScanDependencies /Users/swan/Development/vantiq-ui-ios/Example/build/Pods.build/Debug-iphonesimulator/AppAuth.build/Objects-normal/arm64/OIDResponseTypes.o /Users/swan/Development/vantiq-ui-ios/Example/Pods/AppAuth/Sources/AppAuthCore/OIDResponseTypes.m normal arm64 objective-c com.apple.compilers.llvm.clang.1_0.compiler (in target 'AppAuth' from project 'Pods')
    cd /Users/swan/Development/vantiq-ui-ios/Example/Pods
    
    Using response file: /Users/swan/Development/vantiq-ui-ios/Example/build/Pods.build/Debug-iphonesimulator/AppAuth.build/Objects-normal/arm64/e6072d4f65d7061329687fe24e3d63a7-common-args.resp
    
    builtin-ScanDependencies -o /Users/swan/Development/vantiq-ui-ios/Example/build/Pods.build/Debug-iphonesimulator/AppAuth.build/Objects-normal/arm64/OIDResponseTypes.o.scan -- /Applications/Xcode.app/Contents/Developer/Toolchains/XcodeDefault.xctoolchain/usr/bin/clang -x objective-c -ivfsstatcache /Users/swan/Library/Developer/Xcode/DerivedData/SDKStatCaches.noindex/iphonesimulator26.4-23E237-686eebb5dc1d8ecb277353a59184f4aa.sdkstatcache -target arm64-apple-ios12.0-simulator -fmessage-length\=0 -fdiagnostics-show-note-include-stack -fmacro-backtrace-limit\=0 -fno-color-diagnostics -fmodules-prune-interval\=86400 -fmodules-prune-after\=345600 -fbuild-session-file\=/Users/swan/Library/Developer/Xcode/DerivedData/ModuleCache.noindex/Session.modulevalidation -fmodules-validate-once-per-build-session -Wnon-modular-include-in-framework-module -Werror\=non-modular-include-in-framework-module -Wno-trigraphs -Wno-missing-field-initializers -Wno-missing-prototypes -Werror\=return-type -Wdocumentation -Wunreachable-code -Wno-implicit-atomic-properties -Werror\=deprecated-objc-isa-usage -Wno-objc-interface-ivars -Werror\=objc-root-class -Wno-arc-repeated-use-of-weak -Wimplicit-retain-self -Wduplicate-method-match -Wno-missing-braces -Wparentheses -Wswitch -Wunused-function -Wno-unused-label -Wno-unused-parameter -Wunused-variable -Wunused-value -Wempty-body -Wuninitialized -Wconditional-uninitialized -Wno-unknown-pragmas -Wno-shadow -Wno-four-char-constants -Wno-conversion -Wconstant-conversion -Wint-conversion -Wbool-conversion -Wenum-conversion -Wno-float-conversion -Wnon-literal-null-conversion -Wobjc-literal-conversion -Wshorten-64-to-32 -Wpointer-sign -Wno-newline-eof -Wno-selector -Wno-strict-selector-match -Wundeclared-selector -Wdeprecated-implementations -Wno-implicit-fallthrough -isysroot /Applications/Xcode.app/Contents/Developer/Platforms/iPhoneSimulator.platform/Developer/SDKs/iPhoneSimulator26.4.sdk -fstrict-aliasing -Wprotocol -Wdeprecated-declarations -Wno-sign-conversion -Winfinite-recursion -Wcomma -Wblock-capture-autoreleasing -Wstrict-prototypes -Wno-semicolon-before-method-body -Wunguarded-availability -index-store-path /Users/swan/Library/Developer/Xcode/DerivedData/vantiq-ui-ios-gueetvuzmuxrbegsztzkuatnhugx/Index.noindex/DataStore @/Users/swan/Development/vantiq-ui-ios/Example/build/Pods.build/Debug-iphonesimulator/AppAuth.build/Objects-normal/arm64/e6072d4f65d7061329687fe24e3d63a7-common-args.resp -include /Users/swan/Development/vantiq-ui-ios/Example/Pods/Target\ Support\ Files/AppAuth/AppAuth-prefix.pch -MMD -MT dependencies -MF /Users/swan/Development/vantiq-ui-ios/Example/build/Pods.build/Debug-iphonesimulator/AppAuth.build/Objects-normal/arm64/OIDResponseTypes.d --serialize-diagnostics /Users/swan/Development/vantiq-ui-ios/Example/build/Pods.build/Debug-iphonesimulator/AppAuth.build/Objects-normal/arm64/OIDResponseTypes.dia -c /Users/swan/Development/vantiq-ui-ios/Example/Pods/AppAuth/Sources/AppAuthCore/OIDResponseTypes.m -o /Users/swan/Development/vantiq-ui-ios/Example/build/Pods.build/Debug-iphonesimulator/AppAuth.build/Objects-normal/arm64/OIDResponseTypes.o -index-unit-output-path /Pods.build/Debug-iphonesimulator/AppAuth.build/Objects-normal/arm64/OIDResponseTypes.o

ScanDependencies /Users/swan/Development/vantiq-ui-ios/Example/build/Pods.build/Debug-iphonesimulator/AppAuth.build/Objects-normal/arm64/OIDRegistrationResponse.o /Users/swan/Development/vantiq-ui-ios/Example/Pods/AppAuth/Sources/AppAuthCore/OIDRegistrationResponse.m normal arm64 objective-c com.apple.compilers.llvm.clang.1_0.compiler (in target 'AppAuth' from project 'Pods')
    cd /Users/swan/Development/vantiq-ui-ios/Example/Pods
    
    Using response file: /Users/swan/Development/vantiq-ui-ios/Example/build/Pods.build/Debug-iphonesimulator/AppAuth.build/Objects-normal/arm64/e6072d4f65d7061329687fe24e3d63a7-common-args.resp
    
    builtin-ScanDependencies -o /Users/swan/Development/vantiq-ui-ios/Example/build/Pods.build/Debug-iphonesimulator/AppAuth.build/Objects-normal/arm64/OIDRegistrationResponse.o.scan -- /Applications/Xcode.app/Contents/Developer/Toolchains/XcodeDefault.xctoolchain/usr/bin/clang -x objective-c -ivfsstatcache /Users/swan/Library/Developer/Xcode/DerivedData/SDKStatCaches.noindex/iphonesimulator26.4-23E237-686eebb5dc1d8ecb277353a59184f4aa.sdkstatcache -target arm64-apple-ios12.0-simulator -fmessage-length\=0 -fdiagnostics-show-note-include-stack -fmacro-backtrace-limit\=0 -fno-color-diagnostics -fmodules-prune-interval\=86400 -fmodules-prune-after\=345600 -fbuild-session-file\=/Users/swan/Library/Developer/Xcode/DerivedData/ModuleCache.noindex/Session.modulevalidation -fmodules-validate-once-per-build-session -Wnon-modular-include-in-framework-module -Werror\=non-modular-include-in-framework-module -Wno-trigraphs -Wno-missing-field-initializers -Wno-missing-prototypes -Werror\=return-type -Wdocumentation -Wunreachable-code -Wno-implicit-atomic-properties -Werror\=deprecated-objc-isa-usage -Wno-objc-interface-ivars -Werror\=objc-root-class -Wno-arc-repeated-use-of-weak -Wimplicit-retain-self -Wduplicate-method-match -Wno-missing-braces -Wparentheses -Wswitch -Wunused-function -Wno-unused-label -Wno-unused-parameter -Wunused-variable -Wunused-value -Wempty-body -Wuninitialized -Wconditional-uninitialized -Wno-unknown-pragmas -Wno-shadow -Wno-four-char-constants -Wno-conversion -Wconstant-conversion -Wint-conversion -Wbool-conversion -Wenum-conversion -Wno-float-conversion -Wnon-literal-null-conversion -Wobjc-literal-conversion -Wshorten-64-to-32 -Wpointer-sign -Wno-newline-eof -Wno-selector -Wno-strict-selector-match -Wundeclared-selector -Wdeprecated-implementations -Wno-implicit-fallthrough -isysroot /Applications/Xcode.app/Contents/Developer/Platforms/iPhoneSimulator.platform/Developer/SDKs/iPhoneSimulator26.4.sdk -fstrict-aliasing -Wprotocol -Wdeprecated-declarations -Wno-sign-conversion -Winfinite-recursion -Wcomma -Wblock-capture-autoreleasing -Wstrict-prototypes -Wno-semicolon-before-method-body -Wunguarded-availability -index-store-path /Users/swan/Library/Developer/Xcode/DerivedData/vantiq-ui-ios-gueetvuzmuxrbegsztzkuatnhugx/Index.noindex/DataStore @/Users/swan/Development/vantiq-ui-ios/Example/build/Pods.build/Debug-iphonesimulator/AppAuth.build/Objects-normal/arm64/e6072d4f65d7061329687fe24e3d63a7-common-args.resp -include /Users/swan/Development/vantiq-ui-ios/Example/Pods/Target\ Support\ Files/AppAuth/AppAuth-prefix.pch -MMD -MT dependencies -MF /Users/swan/Development/vantiq-ui-ios/Example/build/Pods.build/Debug-iphonesimulator/AppAuth.build/Objects-normal/arm64/OIDRegistrationResponse.d --serialize-diagnostics /Users/swan/Development/vantiq-ui-ios/Example/build/Pods.build/Debug-iphonesimulator/AppAuth.build/Objects-normal/arm64/OIDRegistrationResponse.dia -c /Users/swan/Development/vantiq-ui-ios/Example/Pods/AppAuth/Sources/AppAuthCore/OIDRegistrationResponse.m -o /Users/swan/Development/vantiq-ui-ios/Example/build/Pods.build/Debug-iphonesimulator/AppAuth.build/Objects-normal/arm64/OIDRegistrationResponse.o -index-unit-output-path /Pods.build/Debug-iphonesimulator/AppAuth.build/Objects-normal/arm64/OIDRegistrationResponse.o

ScanDependencies /Users/swan/Development/vantiq-ui-ios/Example/build/Pods.build/Debug-iphonesimulator/AppAuth.build/Objects-normal/arm64/OIDRegistrationRequest.o /Users/swan/Development/vantiq-ui-ios/Example/Pods/AppAuth/Sources/AppAuthCore/OIDRegistrationRequest.m normal arm64 objective-c com.apple.compilers.llvm.clang.1_0.compiler (in target 'AppAuth' from project 'Pods')
    cd /Users/swan/Development/vantiq-ui-ios/Example/Pods
    
    Using response file: /Users/swan/Development/vantiq-ui-ios/Example/build/Pods.build/Debug-iphonesimulator/AppAuth.build/Objects-normal/arm64/e6072d4f65d7061329687fe24e3d63a7-common-args.resp
    
    builtin-ScanDependencies -o /Users/swan/Development/vantiq-ui-ios/Example/build/Pods.build/Debug-iphonesimulator/AppAuth.build/Objects-normal/arm64/OIDRegistrationRequest.o.scan -- /Applications/Xcode.app/Contents/Developer/Toolchains/XcodeDefault.xctoolchain/usr/bin/clang -x objective-c -ivfsstatcache /Users/swan/Library/Developer/Xcode/DerivedData/SDKStatCaches.noindex/iphonesimulator26.4-23E237-686eebb5dc1d8ecb277353a59184f4aa.sdkstatcache -target arm64-apple-ios12.0-simulator -fmessage-length\=0 -fdiagnostics-show-note-include-stack -fmacro-backtrace-limit\=0 -fno-color-diagnostics -fmodules-prune-interval\=86400 -fmodules-prune-after\=345600 -fbuild-session-file\=/Users/swan/Library/Developer/Xcode/DerivedData/ModuleCache.noindex/Session.modulevalidation -fmodules-validate-once-per-build-session -Wnon-modular-include-in-framework-module -Werror\=non-modular-include-in-framework-module -Wno-trigraphs -Wno-missing-field-initializers -Wno-missing-prototypes -Werror\=return-type -Wdocumentation -Wunreachable-code -Wno-implicit-atomic-properties -Werror\=deprecated-objc-isa-usage -Wno-objc-interface-ivars -Werror\=objc-root-class -Wno-arc-repeated-use-of-weak -Wimplicit-retain-self -Wduplicate-method-match -Wno-missing-braces -Wparentheses -Wswitch -Wunused-function -Wno-unused-label -Wno-unused-parameter -Wunused-variable -Wunused-value -Wempty-body -Wuninitialized -Wconditional-uninitialized -Wno-unknown-pragmas -Wno-shadow -Wno-four-char-constants -Wno-conversion -Wconstant-conversion -Wint-conversion -Wbool-conversion -Wenum-conversion -Wno-float-conversion -Wnon-literal-null-conversion -Wobjc-literal-conversion -Wshorten-64-to-32 -Wpointer-sign -Wno-newline-eof -Wno-selector -Wno-strict-selector-match -Wundeclared-selector -Wdeprecated-implementations -Wno-implicit-fallthrough -isysroot /Applications/Xcode.app/Contents/Developer/Platforms/iPhoneSimulator.platform/Developer/SDKs/iPhoneSimulator26.4.sdk -fstrict-aliasing -Wprotocol -Wdeprecated-declarations -Wno-sign-conversion -Winfinite-recursion -Wcomma -Wblock-capture-autoreleasing -Wstrict-prototypes -Wno-semicolon-before-method-body -Wunguarded-availability -index-store-path /Users/swan/Library/Developer/Xcode/DerivedData/vantiq-ui-ios-gueetvuzmuxrbegsztzkuatnhugx/Index.noindex/DataStore @/Users/swan/Development/vantiq-ui-ios/Example/build/Pods.build/Debug-iphonesimulator/AppAuth.build/Objects-normal/arm64/e6072d4f65d7061329687fe24e3d63a7-common-args.resp -include /Users/swan/Development/vantiq-ui-ios/Example/Pods/Target\ Support\ Files/AppAuth/AppAuth-prefix.pch -MMD -MT dependencies -MF /Users/swan/Development/vantiq-ui-ios/Example/build/Pods.build/Debug-iphonesimulator/AppAuth.build/Objects-normal/arm64/OIDRegistrationRequest.d --serialize-diagnostics /Users/swan/Development/vantiq-ui-ios/Example/build/Pods.build/Debug-iphonesimulator/AppAuth.build/Objects-normal/arm64/OIDRegistrationRequest.dia -c /Users/swan/Development/vantiq-ui-ios/Example/Pods/AppAuth/Sources/AppAuthCore/OIDRegistrationRequest.m -o /Users/swan/Development/vantiq-ui-ios/Example/build/Pods.build/Debug-iphonesimulator/AppAuth.build/Objects-normal/arm64/OIDRegistrationRequest.o -index-unit-output-path /Pods.build/Debug-iphonesimulator/AppAuth.build/Objects-normal/arm64/OIDRegistrationRequest.o

ScanDependencies /Users/swan/Development/vantiq-ui-ios/Example/build/Pods.build/Debug-iphonesimulator/AppAuth.build/Objects-normal/arm64/OIDIDToken.o /Users/swan/Development/vantiq-ui-ios/Example/Pods/AppAuth/Sources/AppAuthCore/OIDIDToken.m normal arm64 objective-c com.apple.compilers.llvm.clang.1_0.compiler (in target 'AppAuth' from project 'Pods')
    cd /Users/swan/Development/vantiq-ui-ios/Example/Pods
    
    Using response file: /Users/swan/Development/vantiq-ui-ios/Example/build/Pods.build/Debug-iphonesimulator/AppAuth.build/Objects-normal/arm64/e6072d4f65d7061329687fe24e3d63a7-common-args.resp
    
    builtin-ScanDependencies -o /Users/swan/Development/vantiq-ui-ios/Example/build/Pods.build/Debug-iphonesimulator/AppAuth.build/Objects-normal/arm64/OIDIDToken.o.scan -- /Applications/Xcode.app/Contents/Developer/Toolchains/XcodeDefault.xctoolchain/usr/bin/clang -x objective-c -ivfsstatcache /Users/swan/Library/Developer/Xcode/DerivedData/SDKStatCaches.noindex/iphonesimulator26.4-23E237-686eebb5dc1d8ecb277353a59184f4aa.sdkstatcache -target arm64-apple-ios12.0-simulator -fmessage-length\=0 -fdiagnostics-show-note-include-stack -fmacro-backtrace-limit\=0 -fno-color-diagnostics -fmodules-prune-interval\=86400 -fmodules-prune-after\=345600 -fbuild-session-file\=/Users/swan/Library/Developer/Xcode/DerivedData/ModuleCache.noindex/Session.modulevalidation -fmodules-validate-once-per-build-session -Wnon-modular-include-in-framework-module -Werror\=non-modular-include-in-framework-module -Wno-trigraphs -Wno-missing-field-initializers -Wno-missing-prototypes -Werror\=return-type -Wdocumentation -Wunreachable-code -Wno-implicit-atomic-properties -Werror\=deprecated-objc-isa-usage -Wno-objc-interface-ivars -Werror\=objc-root-class -Wno-arc-repeated-use-of-weak -Wimplicit-retain-self -Wduplicate-method-match -Wno-missing-braces -Wparentheses -Wswitch -Wunused-function -Wno-unused-label -Wno-unused-parameter -Wunused-variable -Wunused-value -Wempty-body -Wuninitialized -Wconditional-uninitialized -Wno-unknown-pragmas -Wno-shadow -Wno-four-char-constants -Wno-conversion -Wconstant-conversion -Wint-conversion -Wbool-conversion -Wenum-conversion -Wno-float-conversion -Wnon-literal-null-conversion -Wobjc-literal-conversion -Wshorten-64-to-32 -Wpointer-sign -Wno-newline-eof -Wno-selector -Wno-strict-selector-match -Wundeclared-selector -Wdeprecated-implementations -Wno-implicit-fallthrough -isysroot /Applications/Xcode.app/Contents/Developer/Platforms/iPhoneSimulator.platform/Developer/SDKs/iPhoneSimulator26.4.sdk -fstrict-aliasing -Wprotocol -Wdeprecated-declarations -Wno-sign-conversion -Winfinite-recursion -Wcomma -Wblock-capture-autoreleasing -Wstrict-prototypes -Wno-semicolon-before-method-body -Wunguarded-availability -index-store-path /Users/swan/Library/Developer/Xcode/DerivedData/vantiq-ui-ios-gueetvuzmuxrbegsztzkuatnhugx/Index.noindex/DataStore @/Users/swan/Development/vantiq-ui-ios/Example/build/Pods.build/Debug-iphonesimulator/AppAuth.build/Objects-normal/arm64/e6072d4f65d7061329687fe24e3d63a7-common-args.resp -include /Users/swan/Development/vantiq-ui-ios/Example/Pods/Target\ Support\ Files/AppAuth/AppAuth-prefix.pch -MMD -MT dependencies -MF /Users/swan/Development/vantiq-ui-ios/Example/build/Pods.build/Debug-iphonesimulator/AppAuth.build/Objects-normal/arm64/OIDIDToken.d --serialize-diagnostics /Users/swan/Development/vantiq-ui-ios/Example/build/Pods.build/Debug-iphonesimulator/AppAuth.build/Objects-normal/arm64/OIDIDToken.dia -c /Users/swan/Development/vantiq-ui-ios/Example/Pods/AppAuth/Sources/AppAuthCore/OIDIDToken.m -o /Users/swan/Development/vantiq-ui-ios/Example/build/Pods.build/Debug-iphonesimulator/AppAuth.build/Objects-normal/arm64/OIDIDToken.o -index-unit-output-path /Pods.build/Debug-iphonesimulator/AppAuth.build/Objects-normal/arm64/OIDIDToken.o

PrecompileModule /Users/swan/Development/vantiq-ui-ios/Example/build/ExplicitPrecompiledModules/_DarwinFoundation1-4ZPNUGZ2069V4K5AY9JK3V8D8.scan
    cd /
    builtin-precompileModule /Users/swan/Development/vantiq-ui-ios/Example/build/ExplicitPrecompiledModules/_DarwinFoundation1-4ZPNUGZ2069V4K5AY9JK3V8D8.scan

ScanDependencies /Users/swan/Development/vantiq-ui-ios/Example/build/Pods.build/Debug-iphonesimulator/AppAuth.build/Objects-normal/arm64/OIDGrantTypes.o /Users/swan/Development/vantiq-ui-ios/Example/Pods/AppAuth/Sources/AppAuthCore/OIDGrantTypes.m normal arm64 objective-c com.apple.compilers.llvm.clang.1_0.compiler (in target 'AppAuth' from project 'Pods')
    cd /Users/swan/Development/vantiq-ui-ios/Example/Pods
    
    Using response file: /Users/swan/Development/vantiq-ui-ios/Example/build/Pods.build/Debug-iphonesimulator/AppAuth.build/Objects-normal/arm64/e6072d4f65d7061329687fe24e3d63a7-common-args.resp
    
    builtin-ScanDependencies -o /Users/swan/Development/vantiq-ui-ios/Example/build/Pods.build/Debug-iphonesimulator/AppAuth.build/Objects-normal/arm64/OIDGrantTypes.o.scan -- /Applications/Xcode.app/Contents/Developer/Toolchains/XcodeDefault.xctoolchain/usr/bin/clang -x objective-c -ivfsstatcache /Users/swan/Library/Developer/Xcode/DerivedData/SDKStatCaches.noindex/iphonesimulator26.4-23E237-686eebb5dc1d8ecb277353a59184f4aa.sdkstatcache -target arm64-apple-ios12.0-simulator -fmessage-length\=0 -fdiagnostics-show-note-include-stack -fmacro-backtrace-limit\=0 -fno-color-diagnostics -fmodules-prune-interval\=86400 -fmodules-prune-after\=345600 -fbuild-session-file\=/Users/swan/Library/Developer/Xcode/DerivedData/ModuleCache.noindex/Session.modulevalidation -fmodules-validate-once-per-build-session -Wnon-modular-include-in-framework-module -Werror\=non-modular-include-in-framework-module -Wno-trigraphs -Wno-missing-field-initializers -Wno-missing-prototypes -Werror\=return-type -Wdocumentation -Wunreachable-code -Wno-implicit-atomic-properties -Werror\=deprecated-objc-isa-usage -Wno-objc-interface-ivars -Werror\=objc-root-class -Wno-arc-repeated-use-of-weak -Wimplicit-retain-self -Wduplicate-method-match -Wno-missing-braces -Wparentheses -Wswitch -Wunused-function -Wno-unused-label -Wno-unused-parameter -Wunused-variable -Wunused-value -Wempty-body -Wuninitialized -Wconditional-uninitialized -Wno-unknown-pragmas -Wno-shadow -Wno-four-char-constants -Wno-conversion -Wconstant-conversion -Wint-conversion -Wbool-conversion -Wenum-conversion -Wno-float-conversion -Wnon-literal-null-conversion -Wobjc-literal-conversion -Wshorten-64-to-32 -Wpointer-sign -Wno-newline-eof -Wno-selector -Wno-strict-selector-match -Wundeclared-selector -Wdeprecated-implementations -Wno-implicit-fallthrough -isysroot /Applications/Xcode.app/Contents/Developer/Platforms/iPhoneSimulator.platform/Developer/SDKs/iPhoneSimulator26.4.sdk -fstrict-aliasing -Wprotocol -Wdeprecated-declarations -Wno-sign-conversion -Winfinite-recursion -Wcomma -Wblock-capture-autoreleasing -Wstrict-prototypes -Wno-semicolon-before-method-body -Wunguarded-availability -index-store-path /Users/swan/Library/Developer/Xcode/DerivedData/vantiq-ui-ios-gueetvuzmuxrbegsztzkuatnhugx/Index.noindex/DataStore @/Users/swan/Development/vantiq-ui-ios/Example/build/Pods.build/Debug-iphonesimulator/AppAuth.build/Objects-normal/arm64/e6072d4f65d7061329687fe24e3d63a7-common-args.resp -include /Users/swan/Development/vantiq-ui-ios/Example/Pods/Target\ Support\ Files/AppAuth/AppAuth-prefix.pch -MMD -MT dependencies -MF /Users/swan/Development/vantiq-ui-ios/Example/build/Pods.build/Debug-iphonesimulator/AppAuth.build/Objects-normal/arm64/OIDGrantTypes.d --serialize-diagnostics /Users/swan/Development/vantiq-ui-ios/Example/build/Pods.build/Debug-iphonesimulator/AppAuth.build/Objects-normal/arm64/OIDGrantTypes.dia -c /Users/swan/Development/vantiq-ui-ios/Example/Pods/AppAuth/Sources/AppAuthCore/OIDGrantTypes.m -o /Users/swan/Development/vantiq-ui-ios/Example/build/Pods.build/Debug-iphonesimulator/AppAuth.build/Objects-normal/arm64/OIDGrantTypes.o -index-unit-output-path /Pods.build/Debug-iphonesimulator/AppAuth.build/Objects-normal/arm64/OIDGrantTypes.o

PrecompileModule /Users/swan/Development/vantiq-ui-ios/Example/build/ExplicitPrecompiledModules/_Builtin_limits-29NQEVSBU28AOSRQI8Z90MUA1.scan
    cd /
    builtin-precompileModule /Users/swan/Development/vantiq-ui-ios/Example/build/ExplicitPrecompiledModules/_Builtin_limits-29NQEVSBU28AOSRQI8Z90MUA1.scan

PrecompileModule /Users/swan/Development/vantiq-ui-ios/Example/build/ExplicitPrecompiledModules/_DarwinFoundation2-8Y6DHF4U77PL2V7N12P1I68F5.scan
    cd /
    builtin-precompileModule /Users/swan/Development/vantiq-ui-ios/Example/build/ExplicitPrecompiledModules/_DarwinFoundation2-8Y6DHF4U77PL2V7N12P1I68F5.scan

ScanDependencies /Users/swan/Development/vantiq-ui-ios/Example/build/Pods.build/Debug-iphonesimulator/AppAuth.build/Objects-normal/arm64/OIDFieldMapping.o /Users/swan/Development/vantiq-ui-ios/Example/Pods/AppAuth/Sources/AppAuthCore/OIDFieldMapping.m normal arm64 objective-c com.apple.compilers.llvm.clang.1_0.compiler (in target 'AppAuth' from project 'Pods')
    cd /Users/swan/Development/vantiq-ui-ios/Example/Pods
    
    Using response file: /Users/swan/Development/vantiq-ui-ios/Example/build/Pods.build/Debug-iphonesimulator/AppAuth.build/Objects-normal/arm64/e6072d4f65d7061329687fe24e3d63a7-common-args.resp
    
    builtin-ScanDependencies -o /Users/swan/Development/vantiq-ui-ios/Example/build/Pods.build/Debug-iphonesimulator/AppAuth.build/Objects-normal/arm64/OIDFieldMapping.o.scan -- /Applications/Xcode.app/Contents/Developer/Toolchains/XcodeDefault.xctoolchain/usr/bin/clang -x objective-c -ivfsstatcache /Users/swan/Library/Developer/Xcode/DerivedData/SDKStatCaches.noindex/iphonesimulator26.4-23E237-686eebb5dc1d8ecb277353a59184f4aa.sdkstatcache -target arm64-apple-ios12.0-simulator -fmessage-length\=0 -fdiagnostics-show-note-include-stack -fmacro-backtrace-limit\=0 -fno-color-diagnostics -fmodules-prune-interval\=86400 -fmodules-prune-after\=345600 -fbuild-session-file\=/Users/swan/Library/Developer/Xcode/DerivedData/ModuleCache.noindex/Session.modulevalidation -fmodules-validate-once-per-build-session -Wnon-modular-include-in-framework-module -Werror\=non-modular-include-in-framework-module -Wno-trigraphs -Wno-missing-field-initializers -Wno-missing-prototypes -Werror\=return-type -Wdocumentation -Wunreachable-code -Wno-implicit-atomic-properties -Werror\=deprecated-objc-isa-usage -Wno-objc-interface-ivars -Werror\=objc-root-class -Wno-arc-repeated-use-of-weak -Wimplicit-retain-self -Wduplicate-method-match -Wno-missing-braces -Wparentheses -Wswitch -Wunused-function -Wno-unused-label -Wno-unused-parameter -Wunused-variable -Wunused-value -Wempty-body -Wuninitialized -Wconditional-uninitialized -Wno-unknown-pragmas -Wno-shadow -Wno-four-char-constants -Wno-conversion -Wconstant-conversion -Wint-conversion -Wbool-conversion -Wenum-conversion -Wno-float-conversion -Wnon-literal-null-conversion -Wobjc-literal-conversion -Wshorten-64-to-32 -Wpointer-sign -Wno-newline-eof -Wno-selector -Wno-strict-selector-match -Wundeclared-selector -Wdeprecated-implementations -Wno-implicit-fallthrough -isysroot /Applications/Xcode.app/Contents/Developer/Platforms/iPhoneSimulator.platform/Developer/SDKs/iPhoneSimulator26.4.sdk -fstrict-aliasing -Wprotocol -Wdeprecated-declarations -Wno-sign-conversion -Winfinite-recursion -Wcomma -Wblock-capture-autoreleasing -Wstrict-prototypes -Wno-semicolon-before-method-body -Wunguarded-availability -index-store-path /Users/swan/Library/Developer/Xcode/DerivedData/vantiq-ui-ios-gueetvuzmuxrbegsztzkuatnhugx/Index.noindex/DataStore @/Users/swan/Development/vantiq-ui-ios/Example/build/Pods.build/Debug-iphonesimulator/AppAuth.build/Objects-normal/arm64/e6072d4f65d7061329687fe24e3d63a7-common-args.resp -include /Users/swan/Development/vantiq-ui-ios/Example/Pods/Target\ Support\ Files/AppAuth/AppAuth-prefix.pch -MMD -MT dependencies -MF /Users/swan/Development/vantiq-ui-ios/Example/build/Pods.build/Debug-iphonesimulator/AppAuth.build/Objects-normal/arm64/OIDFieldMapping.d --serialize-diagnostics /Users/swan/Development/vantiq-ui-ios/Example/build/Pods.build/Debug-iphonesimulator/AppAuth.build/Objects-normal/arm64/OIDFieldMapping.dia -c /Users/swan/Development/vantiq-ui-ios/Example/Pods/AppAuth/Sources/AppAuthCore/OIDFieldMapping.m -o /Users/swan/Development/vantiq-ui-ios/Example/build/Pods.build/Debug-iphonesimulator/AppAuth.build/Objects-normal/arm64/OIDFieldMapping.o -index-unit-output-path /Pods.build/Debug-iphonesimulator/AppAuth.build/Objects-normal/arm64/OIDFieldMapping.o

ScanDependencies /Users/swan/Development/vantiq-ui-ios/Example/build/Pods.build/Debug-iphonesimulator/AppAuth.build/Objects-normal/arm64/OIDExternalUserAgentIOSCustomBrowser.o /Users/swan/Development/vantiq-ui-ios/Example/Pods/AppAuth/Sources/AppAuth/iOS/OIDExternalUserAgentIOSCustomBrowser.m normal arm64 objective-c com.apple.compilers.llvm.clang.1_0.compiler (in target 'AppAuth' from project 'Pods')
    cd /Users/swan/Development/vantiq-ui-ios/Example/Pods
    
    Using response file: /Users/swan/Development/vantiq-ui-ios/Example/build/Pods.build/Debug-iphonesimulator/AppAuth.build/Objects-normal/arm64/e6072d4f65d7061329687fe24e3d63a7-common-args.resp
    
    builtin-ScanDependencies -o /Users/swan/Development/vantiq-ui-ios/Example/build/Pods.build/Debug-iphonesimulator/AppAuth.build/Objects-normal/arm64/OIDExternalUserAgentIOSCustomBrowser.o.scan -- /Applications/Xcode.app/Contents/Developer/Toolchains/XcodeDefault.xctoolchain/usr/bin/clang -x objective-c -ivfsstatcache /Users/swan/Library/Developer/Xcode/DerivedData/SDKStatCaches.noindex/iphonesimulator26.4-23E237-686eebb5dc1d8ecb277353a59184f4aa.sdkstatcache -target arm64-apple-ios12.0-simulator -fmessage-length\=0 -fdiagnostics-show-note-include-stack -fmacro-backtrace-limit\=0 -fno-color-diagnostics -fmodules-prune-interval\=86400 -fmodules-prune-after\=345600 -fbuild-session-file\=/Users/swan/Library/Developer/Xcode/DerivedData/ModuleCache.noindex/Session.modulevalidation -fmodules-validate-once-per-build-session -Wnon-modular-include-in-framework-module -Werror\=non-modular-include-in-framework-module -Wno-trigraphs -Wno-missing-field-initializers -Wno-missing-prototypes -Werror\=return-type -Wdocumentation -Wunreachable-code -Wno-implicit-atomic-properties -Werror\=deprecated-objc-isa-usage -Wno-objc-interface-ivars -Werror\=objc-root-class -Wno-arc-repeated-use-of-weak -Wimplicit-retain-self -Wduplicate-method-match -Wno-missing-braces -Wparentheses -Wswitch -Wunused-function -Wno-unused-label -Wno-unused-parameter -Wunused-variable -Wunused-value -Wempty-body -Wuninitialized -Wconditional-uninitialized -Wno-unknown-pragmas -Wno-shadow -Wno-four-char-constants -Wno-conversion -Wconstant-conversion -Wint-conversion -Wbool-conversion -Wenum-conversion -Wno-float-conversion -Wnon-literal-null-conversion -Wobjc-literal-conversion -Wshorten-64-to-32 -Wpointer-sign -Wno-newline-eof -Wno-selector -Wno-strict-selector-match -Wundeclared-selector -Wdeprecated-implementations -Wno-implicit-fallthrough -isysroot /Applications/Xcode.app/Contents/Developer/Platforms/iPhoneSimulator.platform/Developer/SDKs/iPhoneSimulator26.4.sdk -fstrict-aliasing -Wprotocol -Wdeprecated-declarations -Wno-sign-conversion -Winfinite-recursion -Wcomma -Wblock-capture-autoreleasing -Wstrict-prototypes -Wno-semicolon-before-method-body -Wunguarded-availability -index-store-path /Users/swan/Library/Developer/Xcode/DerivedData/vantiq-ui-ios-gueetvuzmuxrbegsztzkuatnhugx/Index.noindex/DataStore @/Users/swan/Development/vantiq-ui-ios/Example/build/Pods.build/Debug-iphonesimulator/AppAuth.build/Objects-normal/arm64/e6072d4f65d7061329687fe24e3d63a7-common-args.resp -include /Users/swan/Development/vantiq-ui-ios/Example/Pods/Target\ Support\ Files/AppAuth/AppAuth-prefix.pch -MMD -MT dependencies -MF /Users/swan/Development/vantiq-ui-ios/Example/build/Pods.build/Debug-iphonesimulator/AppAuth.build/Objects-normal/arm64/OIDExternalUserAgentIOSCustomBrowser.d --serialize-diagnostics /Users/swan/Development/vantiq-ui-ios/Example/build/Pods.build/Debug-iphonesimulator/AppAuth.build/Objects-normal/arm64/OIDExternalUserAgentIOSCustomBrowser.dia -c /Users/swan/Development/vantiq-ui-ios/Example/Pods/AppAuth/Sources/AppAuth/iOS/OIDExternalUserAgentIOSCustomBrowser.m -o /Users/swan/Development/vantiq-ui-ios/Example/build/Pods.build/Debug-iphonesimulator/AppAuth.build/Objects-normal/arm64/OIDExternalUserAgentIOSCustomBrowser.o -index-unit-output-path /Pods.build/Debug-iphonesimulator/AppAuth.build/Objects-normal/arm64/OIDExternalUserAgentIOSCustomBrowser.o

ScanDependencies /Users/swan/Development/vantiq-ui-ios/Example/build/Pods.build/Debug-iphonesimulator/AppAuth.build/Objects-normal/arm64/OIDExternalUserAgentIOS.o /Users/swan/Development/vantiq-ui-ios/Example/Pods/AppAuth/Sources/AppAuth/iOS/OIDExternalUserAgentIOS.m normal arm64 objective-c com.apple.compilers.llvm.clang.1_0.compiler (in target 'AppAuth' from project 'Pods')
    cd /Users/swan/Development/vantiq-ui-ios/Example/Pods
    
    Using response file: /Users/swan/Development/vantiq-ui-ios/Example/build/Pods.build/Debug-iphonesimulator/AppAuth.build/Objects-normal/arm64/e6072d4f65d7061329687fe24e3d63a7-common-args.resp
    
    builtin-ScanDependencies -o /Users/swan/Development/vantiq-ui-ios/Example/build/Pods.build/Debug-iphonesimulator/AppAuth.build/Objects-normal/arm64/OIDExternalUserAgentIOS.o.scan -- /Applications/Xcode.app/Contents/Developer/Toolchains/XcodeDefault.xctoolchain/usr/bin/clang -x objective-c -ivfsstatcache /Users/swan/Library/Developer/Xcode/DerivedData/SDKStatCaches.noindex/iphonesimulator26.4-23E237-686eebb5dc1d8ecb277353a59184f4aa.sdkstatcache -target arm64-apple-ios12.0-simulator -fmessage-length\=0 -fdiagnostics-show-note-include-stack -fmacro-backtrace-limit\=0 -fno-color-diagnostics -fmodules-prune-interval\=86400 -fmodules-prune-after\=345600 -fbuild-session-file\=/Users/swan/Library/Developer/Xcode/DerivedData/ModuleCache.noindex/Session.modulevalidation -fmodules-validate-once-per-build-session -Wnon-modular-include-in-framework-module -Werror\=non-modular-include-in-framework-module -Wno-trigraphs -Wno-missing-field-initializers -Wno-missing-prototypes -Werror\=return-type -Wdocumentation -Wunreachable-code -Wno-implicit-atomic-properties -Werror\=deprecated-objc-isa-usage -Wno-objc-interface-ivars -Werror\=objc-root-class -Wno-arc-repeated-use-of-weak -Wimplicit-retain-self -Wduplicate-method-match -Wno-missing-braces -Wparentheses -Wswitch -Wunused-function -Wno-unused-label -Wno-unused-parameter -Wunused-variable -Wunused-value -Wempty-body -Wuninitialized -Wconditional-uninitialized -Wno-unknown-pragmas -Wno-shadow -Wno-four-char-constants -Wno-conversion -Wconstant-conversion -Wint-conversion -Wbool-conversion -Wenum-conversion -Wno-float-conversion -Wnon-literal-null-conversion -Wobjc-literal-conversion -Wshorten-64-to-32 -Wpointer-sign -Wno-newline-eof -Wno-selector -Wno-strict-selector-match -Wundeclared-selector -Wdeprecated-implementations -Wno-implicit-fallthrough -isysroot /Applications/Xcode.app/Contents/Developer/Platforms/iPhoneSimulator.platform/Developer/SDKs/iPhoneSimulator26.4.sdk -fstrict-aliasing -Wprotocol -Wdeprecated-declarations -Wno-sign-conversion -Winfinite-recursion -Wcomma -Wblock-capture-autoreleasing -Wstrict-prototypes -Wno-semicolon-before-method-body -Wunguarded-availability -index-store-path /Users/swan/Library/Developer/Xcode/DerivedData/vantiq-ui-ios-gueetvuzmuxrbegsztzkuatnhugx/Index.noindex/DataStore @/Users/swan/Development/vantiq-ui-ios/Example/build/Pods.build/Debug-iphonesimulator/AppAuth.build/Objects-normal/arm64/e6072d4f65d7061329687fe24e3d63a7-common-args.resp -include /Users/swan/Development/vantiq-ui-ios/Example/Pods/Target\ Support\ Files/AppAuth/AppAuth-prefix.pch -MMD -MT dependencies -MF /Users/swan/Development/vantiq-ui-ios/Example/build/Pods.build/Debug-iphonesimulator/AppAuth.build/Objects-normal/arm64/OIDExternalUserAgentIOS.d --serialize-diagnostics /Users/swan/Development/vantiq-ui-ios/Example/build/Pods.build/Debug-iphonesimulator/AppAuth.build/Objects-normal/arm64/OIDExternalUserAgentIOS.dia -c /Users/swan/Development/vantiq-ui-ios/Example/Pods/AppAuth/Sources/AppAuth/iOS/OIDExternalUserAgentIOS.m -o /Users/swan/Development/vantiq-ui-ios/Example/build/Pods.build/Debug-iphonesimulator/AppAuth.build/Objects-normal/arm64/OIDExternalUserAgentIOS.o -index-unit-output-path /Pods.build/Debug-iphonesimulator/AppAuth.build/Objects-normal/arm64/OIDExternalUserAgentIOS.o

ScanDependencies /Users/swan/Development/vantiq-ui-ios/Example/build/Pods.build/Debug-iphonesimulator/AppAuth.build/Objects-normal/arm64/OIDExternalUserAgentCatalyst.o /Users/swan/Development/vantiq-ui-ios/Example/Pods/AppAuth/Sources/AppAuth/iOS/OIDExternalUserAgentCatalyst.m normal arm64 objective-c com.apple.compilers.llvm.clang.1_0.compiler (in target 'AppAuth' from project 'Pods')
    cd /Users/swan/Development/vantiq-ui-ios/Example/Pods
    
    Using response file: /Users/swan/Development/vantiq-ui-ios/Example/build/Pods.build/Debug-iphonesimulator/AppAuth.build/Objects-normal/arm64/e6072d4f65d7061329687fe24e3d63a7-common-args.resp
    
    builtin-ScanDependencies -o /Users/swan/Development/vantiq-ui-ios/Example/build/Pods.build/Debug-iphonesimulator/AppAuth.build/Objects-normal/arm64/OIDExternalUserAgentCatalyst.o.scan -- /Applications/Xcode.app/Contents/Developer/Toolchains/XcodeDefault.xctoolchain/usr/bin/clang -x objective-c -ivfsstatcache /Users/swan/Library/Developer/Xcode/DerivedData/SDKStatCaches.noindex/iphonesimulator26.4-23E237-686eebb5dc1d8ecb277353a59184f4aa.sdkstatcache -target arm64-apple-ios12.0-simulator -fmessage-length\=0 -fdiagnostics-show-note-include-stack -fmacro-backtrace-limit\=0 -fno-color-diagnostics -fmodules-prune-interval\=86400 -fmodules-prune-after\=345600 -fbuild-session-file\=/Users/swan/Library/Developer/Xcode/DerivedData/ModuleCache.noindex/Session.modulevalidation -fmodules-validate-once-per-build-session -Wnon-modular-include-in-framework-module -Werror\=non-modular-include-in-framework-module -Wno-trigraphs -Wno-missing-field-initializers -Wno-missing-prototypes -Werror\=return-type -Wdocumentation -Wunreachable-code -Wno-implicit-atomic-properties -Werror\=deprecated-objc-isa-usage -Wno-objc-interface-ivars -Werror\=objc-root-class -Wno-arc-repeated-use-of-weak -Wimplicit-retain-self -Wduplicate-method-match -Wno-missing-braces -Wparentheses -Wswitch -Wunused-function -Wno-unused-label -Wno-unused-parameter -Wunused-variable -Wunused-value -Wempty-body -Wuninitialized -Wconditional-uninitialized -Wno-unknown-pragmas -Wno-shadow -Wno-four-char-constants -Wno-conversion -Wconstant-conversion -Wint-conversion -Wbool-conversion -Wenum-conversion -Wno-float-conversion -Wnon-literal-null-conversion -Wobjc-literal-conversion -Wshorten-64-to-32 -Wpointer-sign -Wno-newline-eof -Wno-selector -Wno-strict-selector-match -Wundeclared-selector -Wdeprecated-implementations -Wno-implicit-fallthrough -isysroot /Applications/Xcode.app/Contents/Developer/Platforms/iPhoneSimulator.platform/Developer/SDKs/iPhoneSimulator26.4.sdk -fstrict-aliasing -Wprotocol -Wdeprecated-declarations -Wno-sign-conversion -Winfinite-recursion -Wcomma -Wblock-capture-autoreleasing -Wstrict-prototypes -Wno-semicolon-before-method-body -Wunguarded-availability -index-store-path /Users/swan/Library/Developer/Xcode/DerivedData/vantiq-ui-ios-gueetvuzmuxrbegsztzkuatnhugx/Index.noindex/DataStore @/Users/swan/Development/vantiq-ui-ios/Example/build/Pods.build/Debug-iphonesimulator/AppAuth.build/Objects-normal/arm64/e6072d4f65d7061329687fe24e3d63a7-common-args.resp -include /Users/swan/Development/vantiq-ui-ios/Example/Pods/Target\ Support\ Files/AppAuth/AppAuth-prefix.pch -MMD -MT dependencies -MF /Users/swan/Development/vantiq-ui-ios/Example/build/Pods.build/Debug-iphonesimulator/AppAuth.build/Objects-normal/arm64/OIDExternalUserAgentCatalyst.d --serialize-diagnostics /Users/swan/Development/vantiq-ui-ios/Example/build/Pods.build/Debug-iphonesimulator/AppAuth.build/Objects-normal/arm64/OIDExternalUserAgentCatalyst.dia -c /Users/swan/Development/vantiq-ui-ios/Example/Pods/AppAuth/Sources/AppAuth/iOS/OIDExternalUserAgentCatalyst.m -o /Users/swan/Development/vantiq-ui-ios/Example/build/Pods.build/Debug-iphonesimulator/AppAuth.build/Objects-normal/arm64/OIDExternalUserAgentCatalyst.o -index-unit-output-path /Pods.build/Debug-iphonesimulator/AppAuth.build/Objects-normal/arm64/OIDExternalUserAgentCatalyst.o

ScanDependencies /Users/swan/Development/vantiq-ui-ios/Example/build/Pods.build/Debug-iphonesimulator/AppAuth.build/Objects-normal/arm64/OIDErrorUtilities.o /Users/swan/Development/vantiq-ui-ios/Example/Pods/AppAuth/Sources/AppAuthCore/OIDErrorUtilities.m normal arm64 objective-c com.apple.compilers.llvm.clang.1_0.compiler (in target 'AppAuth' from project 'Pods')
    cd /Users/swan/Development/vantiq-ui-ios/Example/Pods
    
    Using response file: /Users/swan/Development/vantiq-ui-ios/Example/build/Pods.build/Debug-iphonesimulator/AppAuth.build/Objects-normal/arm64/e6072d4f65d7061329687fe24e3d63a7-common-args.resp
    
    builtin-ScanDependencies -o /Users/swan/Development/vantiq-ui-ios/Example/build/Pods.build/Debug-iphonesimulator/AppAuth.build/Objects-normal/arm64/OIDErrorUtilities.o.scan -- /Applications/Xcode.app/Contents/Developer/Toolchains/XcodeDefault.xctoolchain/usr/bin/clang -x objective-c -ivfsstatcache /Users/swan/Library/Developer/Xcode/DerivedData/SDKStatCaches.noindex/iphonesimulator26.4-23E237-686eebb5dc1d8ecb277353a59184f4aa.sdkstatcache -target arm64-apple-ios12.0-simulator -fmessage-length\=0 -fdiagnostics-show-note-include-stack -fmacro-backtrace-limit\=0 -fno-color-diagnostics -fmodules-prune-interval\=86400 -fmodules-prune-after\=345600 -fbuild-session-file\=/Users/swan/Library/Developer/Xcode/DerivedData/ModuleCache.noindex/Session.modulevalidation -fmodules-validate-once-per-build-session -Wnon-modular-include-in-framework-module -Werror\=non-modular-include-in-framework-module -Wno-trigraphs -Wno-missing-field-initializers -Wno-missing-prototypes -Werror\=return-type -Wdocumentation -Wunreachable-code -Wno-implicit-atomic-properties -Werror\=deprecated-objc-isa-usage -Wno-objc-interface-ivars -Werror\=objc-root-class -Wno-arc-repeated-use-of-weak -Wimplicit-retain-self -Wduplicate-method-match -Wno-missing-braces -Wparentheses -Wswitch -Wunused-function -Wno-unused-label -Wno-unused-parameter -Wunused-variable -Wunused-value -Wempty-body -Wuninitialized -Wconditional-uninitialized -Wno-unknown-pragmas -Wno-shadow -Wno-four-char-constants -Wno-conversion -Wconstant-conversion -Wint-conversion -Wbool-conversion -Wenum-conversion -Wno-float-conversion -Wnon-literal-null-conversion -Wobjc-literal-conversion -Wshorten-64-to-32 -Wpointer-sign -Wno-newline-eof -Wno-selector -Wno-strict-selector-match -Wundeclared-selector -Wdeprecated-implementations -Wno-implicit-fallthrough -isysroot /Applications/Xcode.app/Contents/Developer/Platforms/iPhoneSimulator.platform/Developer/SDKs/iPhoneSimulator26.4.sdk -fstrict-aliasing -Wprotocol -Wdeprecated-declarations -Wno-sign-conversion -Winfinite-recursion -Wcomma -Wblock-capture-autoreleasing -Wstrict-prototypes -Wno-semicolon-before-method-body -Wunguarded-availability -index-store-path /Users/swan/Library/Developer/Xcode/DerivedData/vantiq-ui-ios-gueetvuzmuxrbegsztzkuatnhugx/Index.noindex/DataStore @/Users/swan/Development/vantiq-ui-ios/Example/build/Pods.build/Debug-iphonesimulator/AppAuth.build/Objects-normal/arm64/e6072d4f65d7061329687fe24e3d63a7-common-args.resp -include /Users/swan/Development/vantiq-ui-ios/Example/Pods/Target\ Support\ Files/AppAuth/AppAuth-prefix.pch -MMD -MT dependencies -MF /Users/swan/Development/vantiq-ui-ios/Example/build/Pods.build/Debug-iphonesimulator/AppAuth.build/Objects-normal/arm64/OIDErrorUtilities.d --serialize-diagnostics /Users/swan/Development/vantiq-ui-ios/Example/build/Pods.build/Debug-iphonesimulator/AppAuth.build/Objects-normal/arm64/OIDErrorUtilities.dia -c /Users/swan/Development/vantiq-ui-ios/Example/Pods/AppAuth/Sources/AppAuthCore/OIDErrorUtilities.m -o /Users/swan/Development/vantiq-ui-ios/Example/build/Pods.build/Debug-iphonesimulator/AppAuth.build/Objects-normal/arm64/OIDErrorUtilities.o -index-unit-output-path /Pods.build/Debug-iphonesimulator/AppAuth.build/Objects-normal/arm64/OIDErrorUtilities.o

ScanDependencies /Users/swan/Development/vantiq-ui-ios/Example/build/Pods.build/Debug-iphonesimulator/AppAuth.build/Objects-normal/arm64/OIDError.o /Users/swan/Development/vantiq-ui-ios/Example/Pods/AppAuth/Sources/AppAuthCore/OIDError.m normal arm64 objective-c com.apple.compilers.llvm.clang.1_0.compiler (in target 'AppAuth' from project 'Pods')
    cd /Users/swan/Development/vantiq-ui-ios/Example/Pods
    
    Using response file: /Users/swan/Development/vantiq-ui-ios/Example/build/Pods.build/Debug-iphonesimulator/AppAuth.build/Objects-normal/arm64/e6072d4f65d7061329687fe24e3d63a7-common-args.resp
    
    builtin-ScanDependencies -o /Users/swan/Development/vantiq-ui-ios/Example/build/Pods.build/Debug-iphonesimulator/AppAuth.build/Objects-normal/arm64/OIDError.o.scan -- /Applications/Xcode.app/Contents/Developer/Toolchains/XcodeDefault.xctoolchain/usr/bin/clang -x objective-c -ivfsstatcache /Users/swan/Library/Developer/Xcode/DerivedData/SDKStatCaches.noindex/iphonesimulator26.4-23E237-686eebb5dc1d8ecb277353a59184f4aa.sdkstatcache -target arm64-apple-ios12.0-simulator -fmessage-length\=0 -fdiagnostics-show-note-include-stack -fmacro-backtrace-limit\=0 -fno-color-diagnostics -fmodules-prune-interval\=86400 -fmodules-prune-after\=345600 -fbuild-session-file\=/Users/swan/Library/Developer/Xcode/DerivedData/ModuleCache.noindex/Session.modulevalidation -fmodules-validate-once-per-build-session -Wnon-modular-include-in-framework-module -Werror\=non-modular-include-in-framework-module -Wno-trigraphs -Wno-missing-field-initializers -Wno-missing-prototypes -Werror\=return-type -Wdocumentation -Wunreachable-code -Wno-implicit-atomic-properties -Werror\=deprecated-objc-isa-usage -Wno-objc-interface-ivars -Werror\=objc-root-class -Wno-arc-repeated-use-of-weak -Wimplicit-retain-self -Wduplicate-method-match -Wno-missing-braces -Wparentheses -Wswitch -Wunused-function -Wno-unused-label -Wno-unused-parameter -Wunused-variable -Wunused-value -Wempty-body -Wuninitialized -Wconditional-uninitialized -Wno-unknown-pragmas -Wno-shadow -Wno-four-char-constants -Wno-conversion -Wconstant-conversion -Wint-conversion -Wbool-conversion -Wenum-conversion -Wno-float-conversion -Wnon-literal-null-conversion -Wobjc-literal-conversion -Wshorten-64-to-32 -Wpointer-sign -Wno-newline-eof -Wno-selector -Wno-strict-selector-match -Wundeclared-selector -Wdeprecated-implementations -Wno-implicit-fallthrough -isysroot /Applications/Xcode.app/Contents/Developer/Platforms/iPhoneSimulator.platform/Developer/SDKs/iPhoneSimulator26.4.sdk -fstrict-aliasing -Wprotocol -Wdeprecated-declarations -Wno-sign-conversion -Winfinite-recursion -Wcomma -Wblock-capture-autoreleasing -Wstrict-prototypes -Wno-semicolon-before-method-body -Wunguarded-availability -index-store-path /Users/swan/Library/Developer/Xcode/DerivedData/vantiq-ui-ios-gueetvuzmuxrbegsztzkuatnhugx/Index.noindex/DataStore @/Users/swan/Development/vantiq-ui-ios/Example/build/Pods.build/Debug-iphonesimulator/AppAuth.build/Objects-normal/arm64/e6072d4f65d7061329687fe24e3d63a7-common-args.resp -include /Users/swan/Development/vantiq-ui-ios/Example/Pods/Target\ Support\ Files/AppAuth/AppAuth-prefix.pch -MMD -MT dependencies -MF /Users/swan/Development/vantiq-ui-ios/Example/build/Pods.build/Debug-iphonesimulator/AppAuth.build/Objects-normal/arm64/OIDError.d --serialize-diagnostics /Users/swan/Development/vantiq-ui-ios/Example/build/Pods.build/Debug-iphonesimulator/AppAuth.build/Objects-normal/arm64/OIDError.dia -c /Users/swan/Development/vantiq-ui-ios/Example/Pods/AppAuth/Sources/AppAuthCore/OIDError.m -o /Users/swan/Development/vantiq-ui-ios/Example/build/Pods.build/Debug-iphonesimulator/AppAuth.build/Objects-normal/arm64/OIDError.o -index-unit-output-path /Pods.build/Debug-iphonesimulator/AppAuth.build/Objects-normal/arm64/OIDError.o

ScanDependencies /Users/swan/Development/vantiq-ui-ios/Example/build/Pods.build/Debug-iphonesimulator/AppAuth.build/Objects-normal/arm64/OIDEndSessionResponse.o /Users/swan/Development/vantiq-ui-ios/Example/Pods/AppAuth/Sources/AppAuthCore/OIDEndSessionResponse.m normal arm64 objective-c com.apple.compilers.llvm.clang.1_0.compiler (in target 'AppAuth' from project 'Pods')
    cd /Users/swan/Development/vantiq-ui-ios/Example/Pods
    
    Using response file: /Users/swan/Development/vantiq-ui-ios/Example/build/Pods.build/Debug-iphonesimulator/AppAuth.build/Objects-normal/arm64/e6072d4f65d7061329687fe24e3d63a7-common-args.resp
    
    builtin-ScanDependencies -o /Users/swan/Development/vantiq-ui-ios/Example/build/Pods.build/Debug-iphonesimulator/AppAuth.build/Objects-normal/arm64/OIDEndSessionResponse.o.scan -- /Applications/Xcode.app/Contents/Developer/Toolchains/XcodeDefault.xctoolchain/usr/bin/clang -x objective-c -ivfsstatcache /Users/swan/Library/Developer/Xcode/DerivedData/SDKStatCaches.noindex/iphonesimulator26.4-23E237-686eebb5dc1d8ecb277353a59184f4aa.sdkstatcache -target arm64-apple-ios12.0-simulator -fmessage-length\=0 -fdiagnostics-show-note-include-stack -fmacro-backtrace-limit\=0 -fno-color-diagnostics -fmodules-prune-interval\=86400 -fmodules-prune-after\=345600 -fbuild-session-file\=/Users/swan/Library/Developer/Xcode/DerivedData/ModuleCache.noindex/Session.modulevalidation -fmodules-validate-once-per-build-session -Wnon-modular-include-in-framework-module -Werror\=non-modular-include-in-framework-module -Wno-trigraphs -Wno-missing-field-initializers -Wno-missing-prototypes -Werror\=return-type -Wdocumentation -Wunreachable-code -Wno-implicit-atomic-properties -Werror\=deprecated-objc-isa-usage -Wno-objc-interface-ivars -Werror\=objc-root-class -Wno-arc-repeated-use-of-weak -Wimplicit-retain-self -Wduplicate-method-match -Wno-missing-braces -Wparentheses -Wswitch -Wunused-function -Wno-unused-label -Wno-unused-parameter -Wunused-variable -Wunused-value -Wempty-body -Wuninitialized -Wconditional-uninitialized -Wno-unknown-pragmas -Wno-shadow -Wno-four-char-constants -Wno-conversion -Wconstant-conversion -Wint-conversion -Wbool-conversion -Wenum-conversion -Wno-float-conversion -Wnon-literal-null-conversion -Wobjc-literal-conversion -Wshorten-64-to-32 -Wpointer-sign -Wno-newline-eof -Wno-selector -Wno-strict-selector-match -Wundeclared-selector -Wdeprecated-implementations -Wno-implicit-fallthrough -isysroot /Applications/Xcode.app/Contents/Developer/Platforms/iPhoneSimulator.platform/Developer/SDKs/iPhoneSimulator26.4.sdk -fstrict-aliasing -Wprotocol -Wdeprecated-declarations -Wno-sign-conversion -Winfinite-recursion -Wcomma -Wblock-capture-autoreleasing -Wstrict-prototypes -Wno-semicolon-before-method-body -Wunguarded-availability -index-store-path /Users/swan/Library/Developer/Xcode/DerivedData/vantiq-ui-ios-gueetvuzmuxrbegsztzkuatnhugx/Index.noindex/DataStore @/Users/swan/Development/vantiq-ui-ios/Example/build/Pods.build/Debug-iphonesimulator/AppAuth.build/Objects-normal/arm64/e6072d4f65d7061329687fe24e3d63a7-common-args.resp -include /Users/swan/Development/vantiq-ui-ios/Example/Pods/Target\ Support\ Files/AppAuth/AppAuth-prefix.pch -MMD -MT dependencies -MF /Users/swan/Development/vantiq-ui-ios/Example/build/Pods.build/Debug-iphonesimulator/AppAuth.build/Objects-normal/arm64/OIDEndSessionResponse.d --serialize-diagnostics /Users/swan/Development/vantiq-ui-ios/Example/build/Pods.build/Debug-iphonesimulator/AppAuth.build/Objects-normal/arm64/OIDEndSessionResponse.dia -c /Users/swan/Development/vantiq-ui-ios/Example/Pods/AppAuth/Sources/AppAuthCore/OIDEndSessionResponse.m -o /Users/swan/Development/vantiq-ui-ios/Example/build/Pods.build/Debug-iphonesimulator/AppAuth.build/Objects-normal/arm64/OIDEndSessionResponse.o -index-unit-output-path /Pods.build/Debug-iphonesimulator/AppAuth.build/Objects-normal/arm64/OIDEndSessionResponse.o

ScanDependencies /Users/swan/Development/vantiq-ui-ios/Example/build/Pods.build/Debug-iphonesimulator/AppAuth.build/Objects-normal/arm64/OIDEndSessionRequest.o /Users/swan/Development/vantiq-ui-ios/Example/Pods/AppAuth/Sources/AppAuthCore/OIDEndSessionRequest.m normal arm64 objective-c com.apple.compilers.llvm.clang.1_0.compiler (in target 'AppAuth' from project 'Pods')
    cd /Users/swan/Development/vantiq-ui-ios/Example/Pods
    
    Using response file: /Users/swan/Development/vantiq-ui-ios/Example/build/Pods.build/Debug-iphonesimulator/AppAuth.build/Objects-normal/arm64/e6072d4f65d7061329687fe24e3d63a7-common-args.resp
    
    builtin-ScanDependencies -o /Users/swan/Development/vantiq-ui-ios/Example/build/Pods.build/Debug-iphonesimulator/AppAuth.build/Objects-normal/arm64/OIDEndSessionRequest.o.scan -- /Applications/Xcode.app/Contents/Developer/Toolchains/XcodeDefault.xctoolchain/usr/bin/clang -x objective-c -ivfsstatcache /Users/swan/Library/Developer/Xcode/DerivedData/SDKStatCaches.noindex/iphonesimulator26.4-23E237-686eebb5dc1d8ecb277353a59184f4aa.sdkstatcache -target arm64-apple-ios12.0-simulator -fmessage-length\=0 -fdiagnostics-show-note-include-stack -fmacro-backtrace-limit\=0 -fno-color-diagnostics -fmodules-prune-interval\=86400 -fmodules-prune-after\=345600 -fbuild-session-file\=/Users/swan/Library/Developer/Xcode/DerivedData/ModuleCache.noindex/Session.modulevalidation -fmodules-validate-once-per-build-session -Wnon-modular-include-in-framework-module -Werror\=non-modular-include-in-framework-module -Wno-trigraphs -Wno-missing-field-initializers -Wno-missing-prototypes -Werror\=return-type -Wdocumentation -Wunreachable-code -Wno-implicit-atomic-properties -Werror\=deprecated-objc-isa-usage -Wno-objc-interface-ivars -Werror\=objc-root-class -Wno-arc-repeated-use-of-weak -Wimplicit-retain-self -Wduplicate-method-match -Wno-missing-braces -Wparentheses -Wswitch -Wunused-function -Wno-unused-label -Wno-unused-parameter -Wunused-variable -Wunused-value -Wempty-body -Wuninitialized -Wconditional-uninitialized -Wno-unknown-pragmas -Wno-shadow -Wno-four-char-constants -Wno-conversion -Wconstant-conversion -Wint-conversion -Wbool-conversion -Wenum-conversion -Wno-float-conversion -Wnon-literal-null-conversion -Wobjc-literal-conversion -Wshorten-64-to-32 -Wpointer-sign -Wno-newline-eof -Wno-selector -Wno-strict-selector-match -Wundeclared-selector -Wdeprecated-implementations -Wno-implicit-fallthrough -isysroot /Applications/Xcode.app/Contents/Developer/Platforms/iPhoneSimulator.platform/Developer/SDKs/iPhoneSimulator26.4.sdk -fstrict-aliasing -Wprotocol -Wdeprecated-declarations -Wno-sign-conversion -Winfinite-recursion -Wcomma -Wblock-capture-autoreleasing -Wstrict-prototypes -Wno-semicolon-before-method-body -Wunguarded-availability -index-store-path /Users/swan/Library/Developer/Xcode/DerivedData/vantiq-ui-ios-gueetvuzmuxrbegsztzkuatnhugx/Index.noindex/DataStore @/Users/swan/Development/vantiq-ui-ios/Example/build/Pods.build/Debug-iphonesimulator/AppAuth.build/Objects-normal/arm64/e6072d4f65d7061329687fe24e3d63a7-common-args.resp -include /Users/swan/Development/vantiq-ui-ios/Example/Pods/Target\ Support\ Files/AppAuth/AppAuth-prefix.pch -MMD -MT dependencies -MF /Users/swan/Development/vantiq-ui-ios/Example/build/Pods.build/Debug-iphonesimulator/AppAuth.build/Objects-normal/arm64/OIDEndSessionRequest.d --serialize-diagnostics /Users/swan/Development/vantiq-ui-ios/Example/build/Pods.build/Debug-iphonesimulator/AppAuth.build/Objects-normal/arm64/OIDEndSessionRequest.dia -c /Users/swan/Development/vantiq-ui-ios/Example/Pods/AppAuth/Sources/AppAuthCore/OIDEndSessionRequest.m -o /Users/swan/Development/vantiq-ui-ios/Example/build/Pods.build/Debug-iphonesimulator/AppAuth.build/Objects-normal/arm64/OIDEndSessionRequest.o -index-unit-output-path /Pods.build/Debug-iphonesimulator/AppAuth.build/Objects-normal/arm64/OIDEndSessionRequest.o

ScanDependencies /Users/swan/Development/vantiq-ui-ios/Example/build/Pods.build/Debug-iphonesimulator/AppAuth.build/Objects-normal/arm64/OIDClientMetadataParameters.o /Users/swan/Development/vantiq-ui-ios/Example/Pods/AppAuth/Sources/AppAuthCore/OIDClientMetadataParameters.m normal arm64 objective-c com.apple.compilers.llvm.clang.1_0.compiler (in target 'AppAuth' from project 'Pods')
    cd /Users/swan/Development/vantiq-ui-ios/Example/Pods
    
    Using response file: /Users/swan/Development/vantiq-ui-ios/Example/build/Pods.build/Debug-iphonesimulator/AppAuth.build/Objects-normal/arm64/e6072d4f65d7061329687fe24e3d63a7-common-args.resp
    
    builtin-ScanDependencies -o /Users/swan/Development/vantiq-ui-ios/Example/build/Pods.build/Debug-iphonesimulator/AppAuth.build/Objects-normal/arm64/OIDClientMetadataParameters.o.scan -- /Applications/Xcode.app/Contents/Developer/Toolchains/XcodeDefault.xctoolchain/usr/bin/clang -x objective-c -ivfsstatcache /Users/swan/Library/Developer/Xcode/DerivedData/SDKStatCaches.noindex/iphonesimulator26.4-23E237-686eebb5dc1d8ecb277353a59184f4aa.sdkstatcache -target arm64-apple-ios12.0-simulator -fmessage-length\=0 -fdiagnostics-show-note-include-stack -fmacro-backtrace-limit\=0 -fno-color-diagnostics -fmodules-prune-interval\=86400 -fmodules-prune-after\=345600 -fbuild-session-file\=/Users/swan/Library/Developer/Xcode/DerivedData/ModuleCache.noindex/Session.modulevalidation -fmodules-validate-once-per-build-session -Wnon-modular-include-in-framework-module -Werror\=non-modular-include-in-framework-module -Wno-trigraphs -Wno-missing-field-initializers -Wno-missing-prototypes -Werror\=return-type -Wdocumentation -Wunreachable-code -Wno-implicit-atomic-properties -Werror\=deprecated-objc-isa-usage -Wno-objc-interface-ivars -Werror\=objc-root-class -Wno-arc-repeated-use-of-weak -Wimplicit-retain-self -Wduplicate-method-match -Wno-missing-braces -Wparentheses -Wswitch -Wunused-function -Wno-unused-label -Wno-unused-parameter -Wunused-variable -Wunused-value -Wempty-body -Wuninitialized -Wconditional-uninitialized -Wno-unknown-pragmas -Wno-shadow -Wno-four-char-constants -Wno-conversion -Wconstant-conversion -Wint-conversion -Wbool-conversion -Wenum-conversion -Wno-float-conversion -Wnon-literal-null-conversion -Wobjc-literal-conversion -Wshorten-64-to-32 -Wpointer-sign -Wno-newline-eof -Wno-selector -Wno-strict-selector-match -Wundeclared-selector -Wdeprecated-implementations -Wno-implicit-fallthrough -isysroot /Applications/Xcode.app/Contents/Developer/Platforms/iPhoneSimulator.platform/Developer/SDKs/iPhoneSimulator26.4.sdk -fstrict-aliasing -Wprotocol -Wdeprecated-declarations -Wno-sign-conversion -Winfinite-recursion -Wcomma -Wblock-capture-autoreleasing -Wstrict-prototypes -Wno-semicolon-before-method-body -Wunguarded-availability -index-store-path /Users/swan/Library/Developer/Xcode/DerivedData/vantiq-ui-ios-gueetvuzmuxrbegsztzkuatnhugx/Index.noindex/DataStore @/Users/swan/Development/vantiq-ui-ios/Example/build/Pods.build/Debug-iphonesimulator/AppAuth.build/Objects-normal/arm64/e6072d4f65d7061329687fe24e3d63a7-common-args.resp -include /Users/swan/Development/vantiq-ui-ios/Example/Pods/Target\ Support\ Files/AppAuth/AppAuth-prefix.pch -MMD -MT dependencies -MF /Users/swan/Development/vantiq-ui-ios/Example/build/Pods.build/Debug-iphonesimulator/AppAuth.build/Objects-normal/arm64/OIDClientMetadataParameters.d --serialize-diagnostics /Users/swan/Development/vantiq-ui-ios/Example/build/Pods.build/Debug-iphonesimulator/AppAuth.build/Objects-normal/arm64/OIDClientMetadataParameters.dia -c /Users/swan/Development/vantiq-ui-ios/Example/Pods/AppAuth/Sources/AppAuthCore/OIDClientMetadataParameters.m -o /Users/swan/Development/vantiq-ui-ios/Example/build/Pods.build/Debug-iphonesimulator/AppAuth.build/Objects-normal/arm64/OIDClientMetadataParameters.o -index-unit-output-path /Pods.build/Debug-iphonesimulator/AppAuth.build/Objects-normal/arm64/OIDClientMetadataParameters.o

ScanDependencies /Users/swan/Development/vantiq-ui-ios/Example/build/Pods.build/Debug-iphonesimulator/AppAuth.build/Objects-normal/arm64/OIDAuthorizationService.o /Users/swan/Development/vantiq-ui-ios/Example/Pods/AppAuth/Sources/AppAuthCore/OIDAuthorizationService.m normal arm64 objective-c com.apple.compilers.llvm.clang.1_0.compiler (in target 'AppAuth' from project 'Pods')
    cd /Users/swan/Development/vantiq-ui-ios/Example/Pods
    
    Using response file: /Users/swan/Development/vantiq-ui-ios/Example/build/Pods.build/Debug-iphonesimulator/AppAuth.build/Objects-normal/arm64/e6072d4f65d7061329687fe24e3d63a7-common-args.resp
    
    builtin-ScanDependencies -o /Users/swan/Development/vantiq-ui-ios/Example/build/Pods.build/Debug-iphonesimulator/AppAuth.build/Objects-normal/arm64/OIDAuthorizationService.o.scan -- /Applications/Xcode.app/Contents/Developer/Toolchains/XcodeDefault.xctoolchain/usr/bin/clang -x objective-c -ivfsstatcache /Users/swan/Library/Developer/Xcode/DerivedData/SDKStatCaches.noindex/iphonesimulator26.4-23E237-686eebb5dc1d8ecb277353a59184f4aa.sdkstatcache -target arm64-apple-ios12.0-simulator -fmessage-length\=0 -fdiagnostics-show-note-include-stack -fmacro-backtrace-limit\=0 -fno-color-diagnostics -fmodules-prune-interval\=86400 -fmodules-prune-after\=345600 -fbuild-session-file\=/Users/swan/Library/Developer/Xcode/DerivedData/ModuleCache.noindex/Session.modulevalidation -fmodules-validate-once-per-build-session -Wnon-modular-include-in-framework-module -Werror\=non-modular-include-in-framework-module -Wno-trigraphs -Wno-missing-field-initializers -Wno-missing-prototypes -Werror\=return-type -Wdocumentation -Wunreachable-code -Wno-implicit-atomic-properties -Werror\=deprecated-objc-isa-usage -Wno-objc-interface-ivars -Werror\=objc-root-class -Wno-arc-repeated-use-of-weak -Wimplicit-retain-self -Wduplicate-method-match -Wno-missing-braces -Wparentheses -Wswitch -Wunused-function -Wno-unused-label -Wno-unused-parameter -Wunused-variable -Wunused-value -Wempty-body -Wuninitialized -Wconditional-uninitialized -Wno-unknown-pragmas -Wno-shadow -Wno-four-char-constants -Wno-conversion -Wconstant-conversion -Wint-conversion -Wbool-conversion -Wenum-conversion -Wno-float-conversion -Wnon-literal-null-conversion -Wobjc-literal-conversion -Wshorten-64-to-32 -Wpointer-sign -Wno-newline-eof -Wno-selector -Wno-strict-selector-match -Wundeclared-selector -Wdeprecated-implementations -Wno-implicit-fallthrough -isysroot /Applications/Xcode.app/Contents/Developer/Platforms/iPhoneSimulator.platform/Developer/SDKs/iPhoneSimulator26.4.sdk -fstrict-aliasing -Wprotocol -Wdeprecated-declarations -Wno-sign-conversion -Winfinite-recursion -Wcomma -Wblock-capture-autoreleasing -Wstrict-prototypes -Wno-semicolon-before-method-body -Wunguarded-availability -index-store-path /Users/swan/Library/Developer/Xcode/DerivedData/vantiq-ui-ios-gueetvuzmuxrbegsztzkuatnhugx/Index.noindex/DataStore @/Users/swan/Development/vantiq-ui-ios/Example/build/Pods.build/Debug-iphonesimulator/AppAuth.build/Objects-normal/arm64/e6072d4f65d7061329687fe24e3d63a7-common-args.resp -include /Users/swan/Development/vantiq-ui-ios/Example/Pods/Target\ Support\ Files/AppAuth/AppAuth-prefix.pch -MMD -MT dependencies -MF /Users/swan/Development/vantiq-ui-ios/Example/build/Pods.build/Debug-iphonesimulator/AppAuth.build/Objects-normal/arm64/OIDAuthorizationService.d --serialize-diagnostics /Users/swan/Development/vantiq-ui-ios/Example/build/Pods.build/Debug-iphonesimulator/AppAuth.build/Objects-normal/arm64/OIDAuthorizationService.dia -c /Users/swan/Development/vantiq-ui-ios/Example/Pods/AppAuth/Sources/AppAuthCore/OIDAuthorizationService.m -o /Users/swan/Development/vantiq-ui-ios/Example/build/Pods.build/Debug-iphonesimulator/AppAuth.build/Objects-normal/arm64/OIDAuthorizationService.o -index-unit-output-path /Pods.build/Debug-iphonesimulator/AppAuth.build/Objects-normal/arm64/OIDAuthorizationService.o

ScanDependencies /Users/swan/Development/vantiq-ui-ios/Example/build/Pods.build/Debug-iphonesimulator/AppAuth.build/Objects-normal/arm64/OIDAuthorizationService+IOS.o /Users/swan/Development/vantiq-ui-ios/Example/Pods/AppAuth/Sources/AppAuth/iOS/OIDAuthorizationService+IOS.m normal arm64 objective-c com.apple.compilers.llvm.clang.1_0.compiler (in target 'AppAuth' from project 'Pods')
    cd /Users/swan/Development/vantiq-ui-ios/Example/Pods
    
    Using response file: /Users/swan/Development/vantiq-ui-ios/Example/build/Pods.build/Debug-iphonesimulator/AppAuth.build/Objects-normal/arm64/e6072d4f65d7061329687fe24e3d63a7-common-args.resp
    
    builtin-ScanDependencies -o /Users/swan/Development/vantiq-ui-ios/Example/build/Pods.build/Debug-iphonesimulator/AppAuth.build/Objects-normal/arm64/OIDAuthorizationService+IOS.o.scan -- /Applications/Xcode.app/Contents/Developer/Toolchains/XcodeDefault.xctoolchain/usr/bin/clang -x objective-c -ivfsstatcache /Users/swan/Library/Developer/Xcode/DerivedData/SDKStatCaches.noindex/iphonesimulator26.4-23E237-686eebb5dc1d8ecb277353a59184f4aa.sdkstatcache -target arm64-apple-ios12.0-simulator -fmessage-length\=0 -fdiagnostics-show-note-include-stack -fmacro-backtrace-limit\=0 -fno-color-diagnostics -fmodules-prune-interval\=86400 -fmodules-prune-after\=345600 -fbuild-session-file\=/Users/swan/Library/Developer/Xcode/DerivedData/ModuleCache.noindex/Session.modulevalidation -fmodules-validate-once-per-build-session -Wnon-modular-include-in-framework-module -Werror\=non-modular-include-in-framework-module -Wno-trigraphs -Wno-missing-field-initializers -Wno-missing-prototypes -Werror\=return-type -Wdocumentation -Wunreachable-code -Wno-implicit-atomic-properties -Werror\=deprecated-objc-isa-usage -Wno-objc-interface-ivars -Werror\=objc-root-class -Wno-arc-repeated-use-of-weak -Wimplicit-retain-self -Wduplicate-method-match -Wno-missing-braces -Wparentheses -Wswitch -Wunused-function -Wno-unused-label -Wno-unused-parameter -Wunused-variable -Wunused-value -Wempty-body -Wuninitialized -Wconditional-uninitialized -Wno-unknown-pragmas -Wno-shadow -Wno-four-char-constants -Wno-conversion -Wconstant-conversion -Wint-conversion -Wbool-conversion -Wenum-conversion -Wno-float-conversion -Wnon-literal-null-conversion -Wobjc-literal-conversion -Wshorten-64-to-32 -Wpointer-sign -Wno-newline-eof -Wno-selector -Wno-strict-selector-match -Wundeclared-selector -Wdeprecated-implementations -Wno-implicit-fallthrough -isysroot /Applications/Xcode.app/Contents/Developer/Platforms/iPhoneSimulator.platform/Developer/SDKs/iPhoneSimulator26.4.sdk -fstrict-aliasing -Wprotocol -Wdeprecated-declarations -Wno-sign-conversion -Winfinite-recursion -Wcomma -Wblock-capture-autoreleasing -Wstrict-prototypes -Wno-semicolon-before-method-body -Wunguarded-availability -index-store-path /Users/swan/Library/Developer/Xcode/DerivedData/vantiq-ui-ios-gueetvuzmuxrbegsztzkuatnhugx/Index.noindex/DataStore @/Users/swan/Development/vantiq-ui-ios/Example/build/Pods.build/Debug-iphonesimulator/AppAuth.build/Objects-normal/arm64/e6072d4f65d7061329687fe24e3d63a7-common-args.resp -include /Users/swan/Development/vantiq-ui-ios/Example/Pods/Target\ Support\ Files/AppAuth/AppAuth-prefix.pch -MMD -MT dependencies -MF /Users/swan/Development/vantiq-ui-ios/Example/build/Pods.build/Debug-iphonesimulator/AppAuth.build/Objects-normal/arm64/OIDAuthorizationService+IOS.d --serialize-diagnostics /Users/swan/Development/vantiq-ui-ios/Example/build/Pods.build/Debug-iphonesimulator/AppAuth.build/Objects-normal/arm64/OIDAuthorizationService+IOS.dia -c /Users/swan/Development/vantiq-ui-ios/Example/Pods/AppAuth/Sources/AppAuth/iOS/OIDAuthorizationService+IOS.m -o /Users/swan/Development/vantiq-ui-ios/Example/build/Pods.build/Debug-iphonesimulator/AppAuth.build/Objects-normal/arm64/OIDAuthorizationService+IOS.o -index-unit-output-path /Pods.build/Debug-iphonesimulator/AppAuth.build/Objects-normal/arm64/OIDAuthorizationService+IOS.o

ScanDependencies /Users/swan/Development/vantiq-ui-ios/Example/build/Pods.build/Debug-iphonesimulator/AppAuth.build/Objects-normal/arm64/OIDAuthorizationResponse.o /Users/swan/Development/vantiq-ui-ios/Example/Pods/AppAuth/Sources/AppAuthCore/OIDAuthorizationResponse.m normal arm64 objective-c com.apple.compilers.llvm.clang.1_0.compiler (in target 'AppAuth' from project 'Pods')
    cd /Users/swan/Development/vantiq-ui-ios/Example/Pods
    
    Using response file: /Users/swan/Development/vantiq-ui-ios/Example/build/Pods.build/Debug-iphonesimulator/AppAuth.build/Objects-normal/arm64/e6072d4f65d7061329687fe24e3d63a7-common-args.resp
    
    builtin-ScanDependencies -o /Users/swan/Development/vantiq-ui-ios/Example/build/Pods.build/Debug-iphonesimulator/AppAuth.build/Objects-normal/arm64/OIDAuthorizationResponse.o.scan -- /Applications/Xcode.app/Contents/Developer/Toolchains/XcodeDefault.xctoolchain/usr/bin/clang -x objective-c -ivfsstatcache /Users/swan/Library/Developer/Xcode/DerivedData/SDKStatCaches.noindex/iphonesimulator26.4-23E237-686eebb5dc1d8ecb277353a59184f4aa.sdkstatcache -target arm64-apple-ios12.0-simulator -fmessage-length\=0 -fdiagnostics-show-note-include-stack -fmacro-backtrace-limit\=0 -fno-color-diagnostics -fmodules-prune-interval\=86400 -fmodules-prune-after\=345600 -fbuild-session-file\=/Users/swan/Library/Developer/Xcode/DerivedData/ModuleCache.noindex/Session.modulevalidation -fmodules-validate-once-per-build-session -Wnon-modular-include-in-framework-module -Werror\=non-modular-include-in-framework-module -Wno-trigraphs -Wno-missing-field-initializers -Wno-missing-prototypes -Werror\=return-type -Wdocumentation -Wunreachable-code -Wno-implicit-atomic-properties -Werror\=deprecated-objc-isa-usage -Wno-objc-interface-ivars -Werror\=objc-root-class -Wno-arc-repeated-use-of-weak -Wimplicit-retain-self -Wduplicate-method-match -Wno-missing-braces -Wparentheses -Wswitch -Wunused-function -Wno-unused-label -Wno-unused-parameter -Wunused-variable -Wunused-value -Wempty-body -Wuninitialized -Wconditional-uninitialized -Wno-unknown-pragmas -Wno-shadow -Wno-four-char-constants -Wno-conversion -Wconstant-conversion -Wint-conversion -Wbool-conversion -Wenum-conversion -Wno-float-conversion -Wnon-literal-null-conversion -Wobjc-literal-conversion -Wshorten-64-to-32 -Wpointer-sign -Wno-newline-eof -Wno-selector -Wno-strict-selector-match -Wundeclared-selector -Wdeprecated-implementations -Wno-implicit-fallthrough -isysroot /Applications/Xcode.app/Contents/Developer/Platforms/iPhoneSimulator.platform/Developer/SDKs/iPhoneSimulator26.4.sdk -fstrict-aliasing -Wprotocol -Wdeprecated-declarations -Wno-sign-conversion -Winfinite-recursion -Wcomma -Wblock-capture-autoreleasing -Wstrict-prototypes -Wno-semicolon-before-method-body -Wunguarded-availability -index-store-path /Users/swan/Library/Developer/Xcode/DerivedData/vantiq-ui-ios-gueetvuzmuxrbegsztzkuatnhugx/Index.noindex/DataStore @/Users/swan/Development/vantiq-ui-ios/Example/build/Pods.build/Debug-iphonesimulator/AppAuth.build/Objects-normal/arm64/e6072d4f65d7061329687fe24e3d63a7-common-args.resp -include /Users/swan/Development/vantiq-ui-ios/Example/Pods/Target\ Support\ Files/AppAuth/AppAuth-prefix.pch -MMD -MT dependencies -MF /Users/swan/Development/vantiq-ui-ios/Example/build/Pods.build/Debug-iphonesimulator/AppAuth.build/Objects-normal/arm64/OIDAuthorizationResponse.d --serialize-diagnostics /Users/swan/Development/vantiq-ui-ios/Example/build/Pods.build/Debug-iphonesimulator/AppAuth.build/Objects-normal/arm64/OIDAuthorizationResponse.dia -c /Users/swan/Development/vantiq-ui-ios/Example/Pods/AppAuth/Sources/AppAuthCore/OIDAuthorizationResponse.m -o /Users/swan/Development/vantiq-ui-ios/Example/build/Pods.build/Debug-iphonesimulator/AppAuth.build/Objects-normal/arm64/OIDAuthorizationResponse.o -index-unit-output-path /Pods.build/Debug-iphonesimulator/AppAuth.build/Objects-normal/arm64/OIDAuthorizationResponse.o

ScanDependencies /Users/swan/Development/vantiq-ui-ios/Example/build/Pods.build/Debug-iphonesimulator/AppAuth.build/Objects-normal/arm64/OIDAuthorizationRequest.o /Users/swan/Development/vantiq-ui-ios/Example/Pods/AppAuth/Sources/AppAuthCore/OIDAuthorizationRequest.m normal arm64 objective-c com.apple.compilers.llvm.clang.1_0.compiler (in target 'AppAuth' from project 'Pods')
    cd /Users/swan/Development/vantiq-ui-ios/Example/Pods
    
    Using response file: /Users/swan/Development/vantiq-ui-ios/Example/build/Pods.build/Debug-iphonesimulator/AppAuth.build/Objects-normal/arm64/e6072d4f65d7061329687fe24e3d63a7-common-args.resp
    
    builtin-ScanDependencies -o /Users/swan/Development/vantiq-ui-ios/Example/build/Pods.build/Debug-iphonesimulator/AppAuth.build/Objects-normal/arm64/OIDAuthorizationRequest.o.scan -- /Applications/Xcode.app/Contents/Developer/Toolchains/XcodeDefault.xctoolchain/usr/bin/clang -x objective-c -ivfsstatcache /Users/swan/Library/Developer/Xcode/DerivedData/SDKStatCaches.noindex/iphonesimulator26.4-23E237-686eebb5dc1d8ecb277353a59184f4aa.sdkstatcache -target arm64-apple-ios12.0-simulator -fmessage-length\=0 -fdiagnostics-show-note-include-stack -fmacro-backtrace-limit\=0 -fno-color-diagnostics -fmodules-prune-interval\=86400 -fmodules-prune-after\=345600 -fbuild-session-file\=/Users/swan/Library/Developer/Xcode/DerivedData/ModuleCache.noindex/Session.modulevalidation -fmodules-validate-once-per-build-session -Wnon-modular-include-in-framework-module -Werror\=non-modular-include-in-framework-module -Wno-trigraphs -Wno-missing-field-initializers -Wno-missing-prototypes -Werror\=return-type -Wdocumentation -Wunreachable-code -Wno-implicit-atomic-properties -Werror\=deprecated-objc-isa-usage -Wno-objc-interface-ivars -Werror\=objc-root-class -Wno-arc-repeated-use-of-weak -Wimplicit-retain-self -Wduplicate-method-match -Wno-missing-braces -Wparentheses -Wswitch -Wunused-function -Wno-unused-label -Wno-unused-parameter -Wunused-variable -Wunused-value -Wempty-body -Wuninitialized -Wconditional-uninitialized -Wno-unknown-pragmas -Wno-shadow -Wno-four-char-constants -Wno-conversion -Wconstant-conversion -Wint-conversion -Wbool-conversion -Wenum-conversion -Wno-float-conversion -Wnon-literal-null-conversion -Wobjc-literal-conversion -Wshorten-64-to-32 -Wpointer-sign -Wno-newline-eof -Wno-selector -Wno-strict-selector-match -Wundeclared-selector -Wdeprecated-implementations -Wno-implicit-fallthrough -isysroot /Applications/Xcode.app/Contents/Developer/Platforms/iPhoneSimulator.platform/Developer/SDKs/iPhoneSimulator26.4.sdk -fstrict-aliasing -Wprotocol -Wdeprecated-declarations -Wno-sign-conversion -Winfinite-recursion -Wcomma -Wblock-capture-autoreleasing -Wstrict-prototypes -Wno-semicolon-before-method-body -Wunguarded-availability -index-store-path /Users/swan/Library/Developer/Xcode/DerivedData/vantiq-ui-ios-gueetvuzmuxrbegsztzkuatnhugx/Index.noindex/DataStore @/Users/swan/Development/vantiq-ui-ios/Example/build/Pods.build/Debug-iphonesimulator/AppAuth.build/Objects-normal/arm64/e6072d4f65d7061329687fe24e3d63a7-common-args.resp -include /Users/swan/Development/vantiq-ui-ios/Example/Pods/Target\ Support\ Files/AppAuth/AppAuth-prefix.pch -MMD -MT dependencies -MF /Users/swan/Development/vantiq-ui-ios/Example/build/Pods.build/Debug-iphonesimulator/AppAuth.build/Objects-normal/arm64/OIDAuthorizationRequest.d --serialize-diagnostics /Users/swan/Development/vantiq-ui-ios/Example/build/Pods.build/Debug-iphonesimulator/AppAuth.build/Objects-normal/arm64/OIDAuthorizationRequest.dia -c /Users/swan/Development/vantiq-ui-ios/Example/Pods/AppAuth/Sources/AppAuthCore/OIDAuthorizationRequest.m -o /Users/swan/Development/vantiq-ui-ios/Example/build/Pods.build/Debug-iphonesimulator/AppAuth.build/Objects-normal/arm64/OIDAuthorizationRequest.o -index-unit-output-path /Pods.build/Debug-iphonesimulator/AppAuth.build/Objects-normal/arm64/OIDAuthorizationRequest.o

ScanDependencies /Users/swan/Development/vantiq-ui-ios/Example/build/Pods.build/Debug-iphonesimulator/AppAuth.build/Objects-normal/arm64/OIDAuthState.o /Users/swan/Development/vantiq-ui-ios/Example/Pods/AppAuth/Sources/AppAuthCore/OIDAuthState.m normal arm64 objective-c com.apple.compilers.llvm.clang.1_0.compiler (in target 'AppAuth' from project 'Pods')
    cd /Users/swan/Development/vantiq-ui-ios/Example/Pods
    
    Using response file: /Users/swan/Development/vantiq-ui-ios/Example/build/Pods.build/Debug-iphonesimulator/AppAuth.build/Objects-normal/arm64/e6072d4f65d7061329687fe24e3d63a7-common-args.resp
    
    builtin-ScanDependencies -o /Users/swan/Development/vantiq-ui-ios/Example/build/Pods.build/Debug-iphonesimulator/AppAuth.build/Objects-normal/arm64/OIDAuthState.o.scan -- /Applications/Xcode.app/Contents/Developer/Toolchains/XcodeDefault.xctoolchain/usr/bin/clang -x objective-c -ivfsstatcache /Users/swan/Library/Developer/Xcode/DerivedData/SDKStatCaches.noindex/iphonesimulator26.4-23E237-686eebb5dc1d8ecb277353a59184f4aa.sdkstatcache -target arm64-apple-ios12.0-simulator -fmessage-length\=0 -fdiagnostics-show-note-include-stack -fmacro-backtrace-limit\=0 -fno-color-diagnostics -fmodules-prune-interval\=86400 -fmodules-prune-after\=345600 -fbuild-session-file\=/Users/swan/Library/Developer/Xcode/DerivedData/ModuleCache.noindex/Session.modulevalidation -fmodules-validate-once-per-build-session -Wnon-modular-include-in-framework-module -Werror\=non-modular-include-in-framework-module -Wno-trigraphs -Wno-missing-field-initializers -Wno-missing-prototypes -Werror\=return-type -Wdocumentation -Wunreachable-code -Wno-implicit-atomic-properties -Werror\=deprecated-objc-isa-usage -Wno-objc-interface-ivars -Werror\=objc-root-class -Wno-arc-repeated-use-of-weak -Wimplicit-retain-self -Wduplicate-method-match -Wno-missing-braces -Wparentheses -Wswitch -Wunused-function -Wno-unused-label -Wno-unused-parameter -Wunused-variable -Wunused-value -Wempty-body -Wuninitialized -Wconditional-uninitialized -Wno-unknown-pragmas -Wno-shadow -Wno-four-char-constants -Wno-conversion -Wconstant-conversion -Wint-conversion -Wbool-conversion -Wenum-conversion -Wno-float-conversion -Wnon-literal-null-conversion -Wobjc-literal-conversion -Wshorten-64-to-32 -Wpointer-sign -Wno-newline-eof -Wno-selector -Wno-strict-selector-match -Wundeclared-selector -Wdeprecated-implementations -Wno-implicit-fallthrough -isysroot /Applications/Xcode.app/Contents/Developer/Platforms/iPhoneSimulator.platform/Developer/SDKs/iPhoneSimulator26.4.sdk -fstrict-aliasing -Wprotocol -Wdeprecated-declarations -Wno-sign-conversion -Winfinite-recursion -Wcomma -Wblock-capture-autoreleasing -Wstrict-prototypes -Wno-semicolon-before-method-body -Wunguarded-availability -index-store-path /Users/swan/Library/Developer/Xcode/DerivedData/vantiq-ui-ios-gueetvuzmuxrbegsztzkuatnhugx/Index.noindex/DataStore @/Users/swan/Development/vantiq-ui-ios/Example/build/Pods.build/Debug-iphonesimulator/AppAuth.build/Objects-normal/arm64/e6072d4f65d7061329687fe24e3d63a7-common-args.resp -include /Users/swan/Development/vantiq-ui-ios/Example/Pods/Target\ Support\ Files/AppAuth/AppAuth-prefix.pch -MMD -MT dependencies -MF /Users/swan/Development/vantiq-ui-ios/Example/build/Pods.build/Debug-iphonesimulator/AppAuth.build/Objects-normal/arm64/OIDAuthState.d --serialize-diagnostics /Users/swan/Development/vantiq-ui-ios/Example/build/Pods.build/Debug-iphonesimulator/AppAuth.build/Objects-normal/arm64/OIDAuthState.dia -c /Users/swan/Development/vantiq-ui-ios/Example/Pods/AppAuth/Sources/AppAuthCore/OIDAuthState.m -o /Users/swan/Development/vantiq-ui-ios/Example/build/Pods.build/Debug-iphonesimulator/AppAuth.build/Objects-normal/arm64/OIDAuthState.o -index-unit-output-path /Pods.build/Debug-iphonesimulator/AppAuth.build/Objects-normal/arm64/OIDAuthState.o

ScanDependencies /Users/swan/Development/vantiq-ui-ios/Example/build/Pods.build/Debug-iphonesimulator/AppAuth.build/Objects-normal/arm64/OIDAuthState+IOS.o /Users/swan/Development/vantiq-ui-ios/Example/Pods/AppAuth/Sources/AppAuth/iOS/OIDAuthState+IOS.m normal arm64 objective-c com.apple.compilers.llvm.clang.1_0.compiler (in target 'AppAuth' from project 'Pods')
    cd /Users/swan/Development/vantiq-ui-ios/Example/Pods
    
    Using response file: /Users/swan/Development/vantiq-ui-ios/Example/build/Pods.build/Debug-iphonesimulator/AppAuth.build/Objects-normal/arm64/e6072d4f65d7061329687fe24e3d63a7-common-args.resp
    
    builtin-ScanDependencies -o /Users/swan/Development/vantiq-ui-ios/Example/build/Pods.build/Debug-iphonesimulator/AppAuth.build/Objects-normal/arm64/OIDAuthState+IOS.o.scan -- /Applications/Xcode.app/Contents/Developer/Toolchains/XcodeDefault.xctoolchain/usr/bin/clang -x objective-c -ivfsstatcache /Users/swan/Library/Developer/Xcode/DerivedData/SDKStatCaches.noindex/iphonesimulator26.4-23E237-686eebb5dc1d8ecb277353a59184f4aa.sdkstatcache -target arm64-apple-ios12.0-simulator -fmessage-length\=0 -fdiagnostics-show-note-include-stack -fmacro-backtrace-limit\=0 -fno-color-diagnostics -fmodules-prune-interval\=86400 -fmodules-prune-after\=345600 -fbuild-session-file\=/Users/swan/Library/Developer/Xcode/DerivedData/ModuleCache.noindex/Session.modulevalidation -fmodules-validate-once-per-build-session -Wnon-modular-include-in-framework-module -Werror\=non-modular-include-in-framework-module -Wno-trigraphs -Wno-missing-field-initializers -Wno-missing-prototypes -Werror\=return-type -Wdocumentation -Wunreachable-code -Wno-implicit-atomic-properties -Werror\=deprecated-objc-isa-usage -Wno-objc-interface-ivars -Werror\=objc-root-class -Wno-arc-repeated-use-of-weak -Wimplicit-retain-self -Wduplicate-method-match -Wno-missing-braces -Wparentheses -Wswitch -Wunused-function -Wno-unused-label -Wno-unused-parameter -Wunused-variable -Wunused-value -Wempty-body -Wuninitialized -Wconditional-uninitialized -Wno-unknown-pragmas -Wno-shadow -Wno-four-char-constants -Wno-conversion -Wconstant-conversion -Wint-conversion -Wbool-conversion -Wenum-conversion -Wno-float-conversion -Wnon-literal-null-conversion -Wobjc-literal-conversion -Wshorten-64-to-32 -Wpointer-sign -Wno-newline-eof -Wno-selector -Wno-strict-selector-match -Wundeclared-selector -Wdeprecated-implementations -Wno-implicit-fallthrough -isysroot /Applications/Xcode.app/Contents/Developer/Platforms/iPhoneSimulator.platform/Developer/SDKs/iPhoneSimulator26.4.sdk -fstrict-aliasing -Wprotocol -Wdeprecated-declarations -Wno-sign-conversion -Winfinite-recursion -Wcomma -Wblock-capture-autoreleasing -Wstrict-prototypes -Wno-semicolon-before-method-body -Wunguarded-availability -index-store-path /Users/swan/Library/Developer/Xcode/DerivedData/vantiq-ui-ios-gueetvuzmuxrbegsztzkuatnhugx/Index.noindex/DataStore @/Users/swan/Development/vantiq-ui-ios/Example/build/Pods.build/Debug-iphonesimulator/AppAuth.build/Objects-normal/arm64/e6072d4f65d7061329687fe24e3d63a7-common-args.resp -include /Users/swan/Development/vantiq-ui-ios/Example/Pods/Target\ Support\ Files/AppAuth/AppAuth-prefix.pch -MMD -MT dependencies -MF /Users/swan/Development/vantiq-ui-ios/Example/build/Pods.build/Debug-iphonesimulator/AppAuth.build/Objects-normal/arm64/OIDAuthState+IOS.d --serialize-diagnostics /Users/swan/Development/vantiq-ui-ios/Example/build/Pods.build/Debug-iphonesimulator/AppAuth.build/Objects-normal/arm64/OIDAuthState+IOS.dia -c /Users/swan/Development/vantiq-ui-ios/Example/Pods/AppAuth/Sources/AppAuth/iOS/OIDAuthState+IOS.m -o /Users/swan/Development/vantiq-ui-ios/Example/build/Pods.build/Debug-iphonesimulator/AppAuth.build/Objects-normal/arm64/OIDAuthState+IOS.o -index-unit-output-path /Pods.build/Debug-iphonesimulator/AppAuth.build/Objects-normal/arm64/OIDAuthState+IOS.o

ScanDependencies /Users/swan/Development/vantiq-ui-ios/Example/build/Pods.build/Debug-iphonesimulator/AppAuth.build/Objects-normal/arm64/AppAuth_vers.o /Users/swan/Development/vantiq-ui-ios/Example/build/Pods.build/Debug-iphonesimulator/AppAuth.build/DerivedSources/AppAuth_vers.c normal arm64 c com.apple.compilers.llvm.clang.1_0.compiler (in target 'AppAuth' from project 'Pods')
    cd /Users/swan/Development/vantiq-ui-ios/Example/Pods
    
    Using response file: /Users/swan/Development/vantiq-ui-ios/Example/build/Pods.build/Debug-iphonesimulator/AppAuth.build/Objects-normal/arm64/7187679823f38a2a940e0043cdf9d637-common-args.resp
    
    builtin-ScanDependencies -o /Users/swan/Development/vantiq-ui-ios/Example/build/Pods.build/Debug-iphonesimulator/AppAuth.build/Objects-normal/arm64/AppAuth_vers.o.scan -- /Applications/Xcode.app/Contents/Developer/Toolchains/XcodeDefault.xctoolchain/usr/bin/clang -x c -ivfsstatcache /Users/swan/Library/Developer/Xcode/DerivedData/SDKStatCaches.noindex/iphonesimulator26.4-23E237-686eebb5dc1d8ecb277353a59184f4aa.sdkstatcache -target arm64-apple-ios12.0-simulator -fmessage-length\=0 -fdiagnostics-show-note-include-stack -fmacro-backtrace-limit\=0 -fno-color-diagnostics -fmodules-prune-interval\=86400 -fmodules-prune-after\=345600 -fbuild-session-file\=/Users/swan/Library/Developer/Xcode/DerivedData/ModuleCache.noindex/Session.modulevalidation -fmodules-validate-once-per-build-session -Wnon-modular-include-in-framework-module -Werror\=non-modular-include-in-framework-module -Wno-trigraphs -Wno-missing-field-initializers -Wno-missing-prototypes -Werror\=return-type -Wdocumentation -Wunreachable-code -Werror\=deprecated-objc-isa-usage -Werror\=objc-root-class -Wno-missing-braces -Wparentheses -Wswitch -Wunused-function -Wno-unused-label -Wno-unused-parameter -Wunused-variable -Wunused-value -Wempty-body -Wuninitialized -Wconditional-uninitialized -Wno-unknown-pragmas -Wno-shadow -Wno-four-char-constants -Wno-conversion -Wconstant-conversion -Wint-conversion -Wbool-conversion -Wenum-conversion -Wno-float-conversion -Wnon-literal-null-conversion -Wobjc-literal-conversion -Wshorten-64-to-32 -Wpointer-sign -Wno-newline-eof -Wno-implicit-fallthrough -isysroot /Applications/Xcode.app/Contents/Developer/Platforms/iPhoneSimulator.platform/Developer/SDKs/iPhoneSimulator26.4.sdk -fstrict-aliasing -Wdeprecated-declarations -Wno-sign-conversion -Winfinite-recursion -Wcomma -Wblock-capture-autoreleasing -Wstrict-prototypes -Wno-semicolon-before-method-body -Wunguarded-availability -index-store-path /Users/swan/Library/Developer/Xcode/DerivedData/vantiq-ui-ios-gueetvuzmuxrbegsztzkuatnhugx/Index.noindex/DataStore @/Users/swan/Development/vantiq-ui-ios/Example/build/Pods.build/Debug-iphonesimulator/AppAuth.build/Objects-normal/arm64/7187679823f38a2a940e0043cdf9d637-common-args.resp -MMD -MT dependencies -MF /Users/swan/Development/vantiq-ui-ios/Example/build/Pods.build/Debug-iphonesimulator/AppAuth.build/Objects-normal/arm64/AppAuth_vers.d --serialize-diagnostics /Users/swan/Development/vantiq-ui-ios/Example/build/Pods.build/Debug-iphonesimulator/AppAuth.build/Objects-normal/arm64/AppAuth_vers.dia -c /Users/swan/Development/vantiq-ui-ios/Example/build/Pods.build/Debug-iphonesimulator/AppAuth.build/DerivedSources/AppAuth_vers.c -o /Users/swan/Development/vantiq-ui-ios/Example/build/Pods.build/Debug-iphonesimulator/AppAuth.build/Objects-normal/arm64/AppAuth_vers.o -index-unit-output-path /Pods.build/Debug-iphonesimulator/AppAuth.build/Objects-normal/arm64/AppAuth_vers.o

ScanDependencies /Users/swan/Development/vantiq-ui-ios/Example/build/Pods.build/Debug-iphonesimulator/AppAuth.build/Objects-normal/arm64/AppAuth-dummy.o /Users/swan/Development/vantiq-ui-ios/Example/Pods/Target\ Support\ Files/AppAuth/AppAuth-dummy.m normal arm64 objective-c com.apple.compilers.llvm.clang.1_0.compiler (in target 'AppAuth' from project 'Pods')
    cd /Users/swan/Development/vantiq-ui-ios/Example/Pods
    
    Using response file: /Users/swan/Development/vantiq-ui-ios/Example/build/Pods.build/Debug-iphonesimulator/AppAuth.build/Objects-normal/arm64/e6072d4f65d7061329687fe24e3d63a7-common-args.resp
    
    builtin-ScanDependencies -o /Users/swan/Development/vantiq-ui-ios/Example/build/Pods.build/Debug-iphonesimulator/AppAuth.build/Objects-normal/arm64/AppAuth-dummy.o.scan -- /Applications/Xcode.app/Contents/Developer/Toolchains/XcodeDefault.xctoolchain/usr/bin/clang -x objective-c -ivfsstatcache /Users/swan/Library/Developer/Xcode/DerivedData/SDKStatCaches.noindex/iphonesimulator26.4-23E237-686eebb5dc1d8ecb277353a59184f4aa.sdkstatcache -target arm64-apple-ios12.0-simulator -fmessage-length\=0 -fdiagnostics-show-note-include-stack -fmacro-backtrace-limit\=0 -fno-color-diagnostics -fmodules-prune-interval\=86400 -fmodules-prune-after\=345600 -fbuild-session-file\=/Users/swan/Library/Developer/Xcode/DerivedData/ModuleCache.noindex/Session.modulevalidation -fmodules-validate-once-per-build-session -Wnon-modular-include-in-framework-module -Werror\=non-modular-include-in-framework-module -Wno-trigraphs -Wno-missing-field-initializers -Wno-missing-prototypes -Werror\=return-type -Wdocumentation -Wunreachable-code -Wno-implicit-atomic-properties -Werror\=deprecated-objc-isa-usage -Wno-objc-interface-ivars -Werror\=objc-root-class -Wno-arc-repeated-use-of-weak -Wimplicit-retain-self -Wduplicate-method-match -Wno-missing-braces -Wparentheses -Wswitch -Wunused-function -Wno-unused-label -Wno-unused-parameter -Wunused-variable -Wunused-value -Wempty-body -Wuninitialized -Wconditional-uninitialized -Wno-unknown-pragmas -Wno-shadow -Wno-four-char-constants -Wno-conversion -Wconstant-conversion -Wint-conversion -Wbool-conversion -Wenum-conversion -Wno-float-conversion -Wnon-literal-null-conversion -Wobjc-literal-conversion -Wshorten-64-to-32 -Wpointer-sign -Wno-newline-eof -Wno-selector -Wno-strict-selector-match -Wundeclared-selector -Wdeprecated-implementations -Wno-implicit-fallthrough -isysroot /Applications/Xcode.app/Contents/Developer/Platforms/iPhoneSimulator.platform/Developer/SDKs/iPhoneSimulator26.4.sdk -fstrict-aliasing -Wprotocol -Wdeprecated-declarations -Wno-sign-conversion -Winfinite-recursion -Wcomma -Wblock-capture-autoreleasing -Wstrict-prototypes -Wno-semicolon-before-method-body -Wunguarded-availability -index-store-path /Users/swan/Library/Developer/Xcode/DerivedData/vantiq-ui-ios-gueetvuzmuxrbegsztzkuatnhugx/Index.noindex/DataStore @/Users/swan/Development/vantiq-ui-ios/Example/build/Pods.build/Debug-iphonesimulator/AppAuth.build/Objects-normal/arm64/e6072d4f65d7061329687fe24e3d63a7-common-args.resp -include /Users/swan/Development/vantiq-ui-ios/Example/Pods/Target\ Support\ Files/AppAuth/AppAuth-prefix.pch -MMD -MT dependencies -MF /Users/swan/Development/vantiq-ui-ios/Example/build/Pods.build/Debug-iphonesimulator/AppAuth.build/Objects-normal/arm64/AppAuth-dummy.d --serialize-diagnostics /Users/swan/Development/vantiq-ui-ios/Example/build/Pods.build/Debug-iphonesimulator/AppAuth.build/Objects-normal/arm64/AppAuth-dummy.dia -c /Users/swan/Development/vantiq-ui-ios/Example/Pods/Target\ Support\ Files/AppAuth/AppAuth-dummy.m -o /Users/swan/Development/vantiq-ui-ios/Example/build/Pods.build/Debug-iphonesimulator/AppAuth.build/Objects-normal/arm64/AppAuth-dummy.o -index-unit-output-path /Pods.build/Debug-iphonesimulator/AppAuth.build/Objects-normal/arm64/AppAuth-dummy.o

CompileC /Users/swan/Development/vantiq-ui-ios/Example/build/Pods.build/Debug-iphonesimulator/AppAuth.build/Objects-normal/arm64/AppAuth_vers.o /Users/swan/Development/vantiq-ui-ios/Example/build/Pods.build/Debug-iphonesimulator/AppAuth.build/DerivedSources/AppAuth_vers.c normal arm64 c com.apple.compilers.llvm.clang.1_0.compiler (in target 'AppAuth' from project 'Pods')
    cd /Users/swan/Development/vantiq-ui-ios/Example/Pods
    
    Using response file: /Users/swan/Development/vantiq-ui-ios/Example/build/Pods.build/Debug-iphonesimulator/AppAuth.build/Objects-normal/arm64/7187679823f38a2a940e0043cdf9d637-common-args.resp
    
    /Applications/Xcode.app/Contents/Developer/Toolchains/XcodeDefault.xctoolchain/usr/bin/clang -x c -ivfsstatcache /Users/swan/Library/Developer/Xcode/DerivedData/SDKStatCaches.noindex/iphonesimulator26.4-23E237-686eebb5dc1d8ecb277353a59184f4aa.sdkstatcache -target arm64-apple-ios12.0-simulator -fmessage-length\=0 -fdiagnostics-show-note-include-stack -fmacro-backtrace-limit\=0 -fno-color-diagnostics -fmodules-prune-interval\=86400 -fmodules-prune-after\=345600 -fbuild-session-file\=/Users/swan/Library/Developer/Xcode/DerivedData/ModuleCache.noindex/Session.modulevalidation -fmodules-validate-once-per-build-session -Wnon-modular-include-in-framework-module -Werror\=non-modular-include-in-framework-module -Wno-trigraphs -Wno-missing-field-initializers -Wno-missing-prototypes -Werror\=return-type -Wdocumentation -Wunreachable-code -Werror\=deprecated-objc-isa-usage -Werror\=objc-root-class -Wno-missing-braces -Wparentheses -Wswitch -Wunused-function -Wno-unused-label -Wno-unused-parameter -Wunused-variable -Wunused-value -Wempty-body -Wuninitialized -Wconditional-uninitialized -Wno-unknown-pragmas -Wno-shadow -Wno-four-char-constants -Wno-conversion -Wconstant-conversion -Wint-conversion -Wbool-conversion -Wenum-conversion -Wno-float-conversion -Wnon-literal-null-conversion -Wobjc-literal-conversion -Wshorten-64-to-32 -Wpointer-sign -Wno-newline-eof -Wno-implicit-fallthrough -isysroot /Applications/Xcode.app/Contents/Developer/Platforms/iPhoneSimulator.platform/Developer/SDKs/iPhoneSimulator26.4.sdk -fstrict-aliasing -Wdeprecated-declarations -Wno-sign-conversion -Winfinite-recursion -Wcomma -Wblock-capture-autoreleasing -Wstrict-prototypes -Wno-semicolon-before-method-body -Wunguarded-availability -index-store-path /Users/swan/Library/Developer/Xcode/DerivedData/vantiq-ui-ios-gueetvuzmuxrbegsztzkuatnhugx/Index.noindex/DataStore @/Users/swan/Development/vantiq-ui-ios/Example/build/Pods.build/Debug-iphonesimulator/AppAuth.build/Objects-normal/arm64/7187679823f38a2a940e0043cdf9d637-common-args.resp -MMD -MT dependencies -MF /Users/swan/Development/vantiq-ui-ios/Example/build/Pods.build/Debug-iphonesimulator/AppAuth.build/Objects-normal/arm64/AppAuth_vers.d --serialize-diagnostics /Users/swan/Development/vantiq-ui-ios/Example/build/Pods.build/Debug-iphonesimulator/AppAuth.build/Objects-normal/arm64/AppAuth_vers.dia -c /Users/swan/Development/vantiq-ui-ios/Example/build/Pods.build/Debug-iphonesimulator/AppAuth.build/DerivedSources/AppAuth_vers.c -o /Users/swan/Development/vantiq-ui-ios/Example/build/Pods.build/Debug-iphonesimulator/AppAuth.build/Objects-normal/arm64/AppAuth_vers.o -index-unit-output-path /Pods.build/Debug-iphonesimulator/AppAuth.build/Objects-normal/arm64/AppAuth_vers.o

PrecompileModule /Users/swan/Development/vantiq-ui-ios/Example/build/ExplicitPrecompiledModules/_Builtin_stdarg-2C112EZFMKD2PGOCP8QJ6CB73.scan
    cd /
    builtin-precompileModule /Users/swan/Development/vantiq-ui-ios/Example/build/ExplicitPrecompiledModules/_Builtin_stdarg-2C112EZFMKD2PGOCP8QJ6CB73.scan

PrecompileModule /Users/swan/Development/vantiq-ui-ios/Example/build/ExplicitPrecompiledModules/_Builtin_stdbool-DC0Z1H6BUHNIX62YBOLAQIVTI.scan
    cd /
    builtin-precompileModule /Users/swan/Development/vantiq-ui-ios/Example/build/ExplicitPrecompiledModules/_Builtin_stdbool-DC0Z1H6BUHNIX62YBOLAQIVTI.scan

PrecompileModule /Users/swan/Development/vantiq-ui-ios/Example/build/ExplicitPrecompiledModules/_Builtin_stddef-AUN5FPUHACJX9M21ZPWPTO6OS.scan
    cd /
    builtin-precompileModule /Users/swan/Development/vantiq-ui-ios/Example/build/ExplicitPrecompiledModules/_Builtin_stddef-AUN5FPUHACJX9M21ZPWPTO6OS.scan

PrecompileModule /Users/swan/Development/vantiq-ui-ios/Example/build/ExplicitPrecompiledModules/_AvailabilityInternal-G2157WITF7UXLTUX019NE6BO.scan
    cd /
    builtin-precompileModule /Users/swan/Development/vantiq-ui-ios/Example/build/ExplicitPrecompiledModules/_AvailabilityInternal-G2157WITF7UXLTUX019NE6BO.scan

PrecompileModule /Users/swan/Development/vantiq-ui-ios/Example/build/ExplicitPrecompiledModules/ptrcheck-9CU8J38Y8Y1RM85JENZE64DZ4.scan
    cd /
    builtin-precompileModule /Users/swan/Development/vantiq-ui-ios/Example/build/ExplicitPrecompiledModules/ptrcheck-9CU8J38Y8Y1RM85JENZE64DZ4.scan

PrecompileModule /Users/swan/Development/vantiq-ui-ios/Example/build/ExplicitPrecompiledModules/_Builtin_float-AORLNJW5GBW5XOOOWTTRH3Q7N.scan
    cd /
    builtin-precompileModule /Users/swan/Development/vantiq-ui-ios/Example/build/ExplicitPrecompiledModules/_Builtin_float-AORLNJW5GBW5XOOOWTTRH3Q7N.scan

PrecompileModule /Users/swan/Development/vantiq-ui-ios/Example/build/ExplicitPrecompiledModules/ptrauth-DSG88SZX6WIZDWR0IBC3S4CXO.scan
    cd /
    builtin-precompileModule /Users/swan/Development/vantiq-ui-ios/Example/build/ExplicitPrecompiledModules/ptrauth-DSG88SZX6WIZDWR0IBC3S4CXO.scan

PrecompileModule /Users/swan/Development/vantiq-ui-ios/Example/build/ExplicitPrecompiledModules/_DarwinFoundation1-3AAO7B7ARH16TBPSCF2DZDRB9.scan
    cd /
    builtin-precompileModule /Users/swan/Development/vantiq-ui-ios/Example/build/ExplicitPrecompiledModules/_DarwinFoundation1-3AAO7B7ARH16TBPSCF2DZDRB9.scan

PrecompileModule /Users/swan/Development/vantiq-ui-ios/Example/build/ExplicitPrecompiledModules/_Builtin_stdint-8FR1SFN37G0BTR5P3HGDA2OFI.scan
    cd /
    builtin-precompileModule /Users/swan/Development/vantiq-ui-ios/Example/build/ExplicitPrecompiledModules/_Builtin_stdint-8FR1SFN37G0BTR5P3HGDA2OFI.scan

PrecompileModule /Users/swan/Development/vantiq-ui-ios/Example/build/ExplicitPrecompiledModules/_DarwinFoundation3-3MGMCVLF81H3NBSDA3B06BOTX.scan
    cd /
    builtin-precompileModule /Users/swan/Development/vantiq-ui-ios/Example/build/ExplicitPrecompiledModules/_DarwinFoundation3-3MGMCVLF81H3NBSDA3B06BOTX.scan

PrecompileModule /Users/swan/Development/vantiq-ui-ios/Example/build/ExplicitPrecompiledModules/_Builtin_limits-AINDNYERAUO0494W6Z00VELRX.scan
    cd /
    builtin-precompileModule /Users/swan/Development/vantiq-ui-ios/Example/build/ExplicitPrecompiledModules/_Builtin_limits-AINDNYERAUO0494W6Z00VELRX.scan

PrecompileModule /Users/swan/Development/vantiq-ui-ios/Example/build/ExplicitPrecompiledModules/_DarwinFoundation2-9MJW1XX16RIYGJHU02UT1ZBM3.scan
    cd /
    builtin-precompileModule /Users/swan/Development/vantiq-ui-ios/Example/build/ExplicitPrecompiledModules/_DarwinFoundation2-9MJW1XX16RIYGJHU02UT1ZBM3.scan

PrecompileModule /Users/swan/Development/vantiq-ui-ios/Example/build/ExplicitPrecompiledModules/_Builtin_stdint-DM9LL0KNHU3YVNS0EPJX4O7IV.scan
    cd /
    builtin-precompileModule /Users/swan/Development/vantiq-ui-ios/Example/build/ExplicitPrecompiledModules/_Builtin_stdint-DM9LL0KNHU3YVNS0EPJX4O7IV.scan

PrecompileModule /Users/swan/Development/vantiq-ui-ios/Example/build/ExplicitPrecompiledModules/CommonCrypto-1HHKY0EWOW8S1AUMSP53GT0TD.scan
    cd /
    builtin-precompileModule /Users/swan/Development/vantiq-ui-ios/Example/build/ExplicitPrecompiledModules/CommonCrypto-1HHKY0EWOW8S1AUMSP53GT0TD.scan

PrecompileModule /Users/swan/Development/vantiq-ui-ios/Example/build/ExplicitPrecompiledModules/_Builtin_inttypes-F1F5UTZN86HB41RYJ66YFENWQ.scan
    cd /
    builtin-precompileModule /Users/swan/Development/vantiq-ui-ios/Example/build/ExplicitPrecompiledModules/_Builtin_inttypes-F1F5UTZN86HB41RYJ66YFENWQ.scan

PrecompileModule /Users/swan/Development/vantiq-ui-ios/Example/build/ExplicitPrecompiledModules/_DarwinFoundation3-D1JAIMOV2IJBYKYK5ZLPX0T6A.scan
    cd /
    builtin-precompileModule /Users/swan/Development/vantiq-ui-ios/Example/build/ExplicitPrecompiledModules/_DarwinFoundation3-D1JAIMOV2IJBYKYK5ZLPX0T6A.scan

PrecompileModule /Users/swan/Development/vantiq-ui-ios/Example/build/ExplicitPrecompiledModules/Darwin-BT00QWE3P5TNFKEVSF4BFCQJM.scan
    cd /
    builtin-precompileModule /Users/swan/Development/vantiq-ui-ios/Example/build/ExplicitPrecompiledModules/Darwin-BT00QWE3P5TNFKEVSF4BFCQJM.scan

PrecompileModule /Users/swan/Development/vantiq-ui-ios/Example/build/ExplicitPrecompiledModules/_Builtin_inttypes-BSVOOWEZCX1GSQIQI60PX59K7.scan
    cd /
    builtin-precompileModule /Users/swan/Development/vantiq-ui-ios/Example/build/ExplicitPrecompiledModules/_Builtin_inttypes-BSVOOWEZCX1GSQIQI60PX59K7.scan

PrecompileModule /Users/swan/Development/vantiq-ui-ios/Example/build/ExplicitPrecompiledModules/Darwin-DY1QWO4XFBPAP65FOQQVG68ML.scan
    cd /
    builtin-precompileModule /Users/swan/Development/vantiq-ui-ios/Example/build/ExplicitPrecompiledModules/Darwin-DY1QWO4XFBPAP65FOQQVG68ML.scan

PrecompileModule /Users/swan/Development/vantiq-ui-ios/Example/build/ExplicitPrecompiledModules/ObjectiveC-41K7YK9VX77ADS1VAH0RVA1QD.scan
    cd /
    builtin-precompileModule /Users/swan/Development/vantiq-ui-ios/Example/build/ExplicitPrecompiledModules/ObjectiveC-41K7YK9VX77ADS1VAH0RVA1QD.scan

PrecompileModule /Users/swan/Development/vantiq-ui-ios/Example/build/ExplicitPrecompiledModules/os_object-7QJW4J7NCAD00WEI9J6KQXDOZ.scan
    cd /
    builtin-precompileModule /Users/swan/Development/vantiq-ui-ios/Example/build/ExplicitPrecompiledModules/os_object-7QJW4J7NCAD00WEI9J6KQXDOZ.scan

PrecompileModule /Users/swan/Development/vantiq-ui-ios/Example/build/ExplicitPrecompiledModules/ObjectiveC-62FEZFBXKDQKE97H9EL827CIE.scan
    cd /
    builtin-precompileModule /Users/swan/Development/vantiq-ui-ios/Example/build/ExplicitPrecompiledModules/ObjectiveC-62FEZFBXKDQKE97H9EL827CIE.scan

PrecompileModule /Users/swan/Development/vantiq-ui-ios/Example/build/ExplicitPrecompiledModules/os_workgroup-8TS5WJ20FQ7N4508VP1T5HLB2.scan
    cd /
    builtin-precompileModule /Users/swan/Development/vantiq-ui-ios/Example/build/ExplicitPrecompiledModules/os_workgroup-8TS5WJ20FQ7N4508VP1T5HLB2.scan

PrecompileModule /Users/swan/Development/vantiq-ui-ios/Example/build/ExplicitPrecompiledModules/os_object-A4R9SR693KTEOL54YMRG9PT3F.scan
    cd /
    builtin-precompileModule /Users/swan/Development/vantiq-ui-ios/Example/build/ExplicitPrecompiledModules/os_object-A4R9SR693KTEOL54YMRG9PT3F.scan

PrecompileModule /Users/swan/Development/vantiq-ui-ios/Example/build/ExplicitPrecompiledModules/Dispatch-55EWORLZVN3JV48DATHEQYA28.scan
    cd /
    builtin-precompileModule /Users/swan/Development/vantiq-ui-ios/Example/build/ExplicitPrecompiledModules/Dispatch-55EWORLZVN3JV48DATHEQYA28.scan

PrecompileModule /Users/swan/Development/vantiq-ui-ios/Example/build/ExplicitPrecompiledModules/os_workgroup-ES6XIXX9YO6F3H7X7C3S6CQ11.scan
    cd /
    builtin-precompileModule /Users/swan/Development/vantiq-ui-ios/Example/build/ExplicitPrecompiledModules/os_workgroup-ES6XIXX9YO6F3H7X7C3S6CQ11.scan

PrecompileModule /Users/swan/Development/vantiq-ui-ios/Example/build/ExplicitPrecompiledModules/Dispatch-9V160YIA5SYMF9YCK7ACCSJU1.scan
    cd /
    builtin-precompileModule /Users/swan/Development/vantiq-ui-ios/Example/build/ExplicitPrecompiledModules/Dispatch-9V160YIA5SYMF9YCK7ACCSJU1.scan

PrecompileModule /Users/swan/Development/vantiq-ui-ios/Example/build/ExplicitPrecompiledModules/XPC-2CBQK1710QFWB4URPC5539INP.scan
    cd /
    builtin-precompileModule /Users/swan/Development/vantiq-ui-ios/Example/build/ExplicitPrecompiledModules/XPC-2CBQK1710QFWB4URPC5539INP.scan

PrecompileModule /Users/swan/Development/vantiq-ui-ios/Example/build/ExplicitPrecompiledModules/CoreFoundation-MGRA646UCLZW4IW48IXL2J6P.scan
    cd /
    builtin-precompileModule /Users/swan/Development/vantiq-ui-ios/Example/build/ExplicitPrecompiledModules/CoreFoundation-MGRA646UCLZW4IW48IXL2J6P.scan

PrecompileModule /Users/swan/Development/vantiq-ui-ios/Example/build/ExplicitPrecompiledModules/XPC-62FIIKJ3LD7QAPQQ6NO9ZW8ND.scan
    cd /
    builtin-precompileModule /Users/swan/Development/vantiq-ui-ios/Example/build/ExplicitPrecompiledModules/XPC-62FIIKJ3LD7QAPQQ6NO9ZW8ND.scan

PrecompileModule /Users/swan/Development/vantiq-ui-ios/Example/build/ExplicitPrecompiledModules/dnssd-7PY7KQV7LA87O4PTGK60DU0X3.scan
    cd /
    builtin-precompileModule /Users/swan/Development/vantiq-ui-ios/Example/build/ExplicitPrecompiledModules/dnssd-7PY7KQV7LA87O4PTGK60DU0X3.scan

PrecompileModule /Users/swan/Development/vantiq-ui-ios/Example/build/ExplicitPrecompiledModules/CoreFoundation-QAM4HFTC5NHAMMELBUULEJYQ.scan
    cd /
    builtin-precompileModule /Users/swan/Development/vantiq-ui-ios/Example/build/ExplicitPrecompiledModules/CoreFoundation-QAM4HFTC5NHAMMELBUULEJYQ.scan

PrecompileModule /Users/swan/Development/vantiq-ui-ios/Example/build/ExplicitPrecompiledModules/Security-EUMVFGCACPT9UOZWJIB0I8PLY.scan
    cd /
    builtin-precompileModule /Users/swan/Development/vantiq-ui-ios/Example/build/ExplicitPrecompiledModules/Security-EUMVFGCACPT9UOZWJIB0I8PLY.scan

PrecompileModule /Users/swan/Development/vantiq-ui-ios/Example/build/ExplicitPrecompiledModules/CFNetwork-962E3ARK9AV6GR4ZH62VB4YLM.scan
    cd /
    builtin-precompileModule /Users/swan/Development/vantiq-ui-ios/Example/build/ExplicitPrecompiledModules/CFNetwork-962E3ARK9AV6GR4ZH62VB4YLM.scan

PrecompileModule /Users/swan/Development/vantiq-ui-ios/Example/build/ExplicitPrecompiledModules/CoreGraphics-8FKN4J3XSLKQ63YQCX1PB7CTO.scan
    cd /
    builtin-precompileModule /Users/swan/Development/vantiq-ui-ios/Example/build/ExplicitPrecompiledModules/CoreGraphics-8FKN4J3XSLKQ63YQCX1PB7CTO.scan

PrecompileModule /Users/swan/Development/vantiq-ui-ios/Example/build/ExplicitPrecompiledModules/Security-5L0N5KZK96MPET7BQRCD6J995.scan
    cd /
    builtin-precompileModule /Users/swan/Development/vantiq-ui-ios/Example/build/ExplicitPrecompiledModules/Security-5L0N5KZK96MPET7BQRCD6J995.scan

PrecompileModule /Users/swan/Development/vantiq-ui-ios/Example/build/ExplicitPrecompiledModules/CoreGraphics-4QVVTHAD29BGIIWBECOUBU0RW.scan
    cd /
    builtin-precompileModule /Users/swan/Development/vantiq-ui-ios/Example/build/ExplicitPrecompiledModules/CoreGraphics-4QVVTHAD29BGIIWBECOUBU0RW.scan

PrecompileModule /Users/swan/Development/vantiq-ui-ios/Example/build/ExplicitPrecompiledModules/CFNetwork-4SUHQ2LJ1CJO2NJX33PK9XF1K.scan
    cd /
    builtin-precompileModule /Users/swan/Development/vantiq-ui-ios/Example/build/ExplicitPrecompiledModules/CFNetwork-4SUHQ2LJ1CJO2NJX33PK9XF1K.scan

PrecompileModule /Users/swan/Development/vantiq-ui-ios/Example/build/ExplicitPrecompiledModules/Foundation-A9JCZO4TL2C7IH4ATV0WWMFMN.scan
    cd /
    builtin-precompileModule /Users/swan/Development/vantiq-ui-ios/Example/build/ExplicitPrecompiledModules/Foundation-A9JCZO4TL2C7IH4ATV0WWMFMN.scan

PrecompileModule /Users/swan/Development/vantiq-ui-ios/Example/build/ExplicitPrecompiledModules/Foundation-2LKYWM8JTLBHFEBOBRCO923UR.scan
    cd /
    builtin-precompileModule /Users/swan/Development/vantiq-ui-ios/Example/build/ExplicitPrecompiledModules/Foundation-2LKYWM8JTLBHFEBOBRCO923UR.scan

PrecompileModule /Users/swan/Development/vantiq-ui-ios/Example/build/ExplicitPrecompiledModules/CoreText-CRSRG7GUS6OFSNZ1ZS2HDEIJH.scan
    cd /
    builtin-precompileModule /Users/swan/Development/vantiq-ui-ios/Example/build/ExplicitPrecompiledModules/CoreText-CRSRG7GUS6OFSNZ1ZS2HDEIJH.scan

PrecompileModule /Users/swan/Development/vantiq-ui-ios/Example/build/ExplicitPrecompiledModules/ImageIO-3EZ5C695CD99K319RHHZVVSGK.scan
    cd /
    builtin-precompileModule /Users/swan/Development/vantiq-ui-ios/Example/build/ExplicitPrecompiledModules/ImageIO-3EZ5C695CD99K319RHHZVVSGK.scan

PrecompileModule /Users/swan/Development/vantiq-ui-ios/Example/build/ExplicitPrecompiledModules/CoreText-369NILFJGVJYUXEIY5A0KLPVO.scan
    cd /
    builtin-precompileModule /Users/swan/Development/vantiq-ui-ios/Example/build/ExplicitPrecompiledModules/CoreText-369NILFJGVJYUXEIY5A0KLPVO.scan

PrecompileModule /Users/swan/Development/vantiq-ui-ios/Example/build/ExplicitPrecompiledModules/ImageIO-1D7SQIQ9XT2PZAKR1AO64TKCT.scan
    cd /
    builtin-precompileModule /Users/swan/Development/vantiq-ui-ios/Example/build/ExplicitPrecompiledModules/ImageIO-1D7SQIQ9XT2PZAKR1AO64TKCT.scan

PrecompileModule /Users/swan/Development/vantiq-ui-ios/Example/build/ExplicitPrecompiledModules/_LocationEssentials-D0Y8B3ULI9H2U5GON13Z36G38.scan
    cd /
    builtin-precompileModule /Users/swan/Development/vantiq-ui-ios/Example/build/ExplicitPrecompiledModules/_LocationEssentials-D0Y8B3ULI9H2U5GON13Z36G38.scan

PrecompileModule /Users/swan/Development/vantiq-ui-ios/Example/build/ExplicitPrecompiledModules/Network-C1ZWO6FJB3DNL6UDJZ3QODYHV.scan
    cd /
    builtin-precompileModule /Users/swan/Development/vantiq-ui-ios/Example/build/ExplicitPrecompiledModules/Network-C1ZWO6FJB3DNL6UDJZ3QODYHV.scan

CompileC /Users/swan/Development/vantiq-ui-ios/Example/build/Pods.build/Debug-iphonesimulator/Pods-vantiq-ui-ios_Example.build/Objects-normal/arm64/Pods-vantiq-ui-ios_Example-dummy.o /Users/swan/Development/vantiq-ui-ios/Example/Pods/Target\ Support\ Files/Pods-vantiq-ui-ios_Example/Pods-vantiq-ui-ios_Example-dummy.m normal arm64 objective-c com.apple.compilers.llvm.clang.1_0.compiler (in target 'Pods-vantiq-ui-ios_Example' from project 'Pods')
    cd /Users/swan/Development/vantiq-ui-ios/Example/Pods
    
    Using response file: /Users/swan/Development/vantiq-ui-ios/Example/build/Pods.build/Debug-iphonesimulator/Pods-vantiq-ui-ios_Example.build/Objects-normal/arm64/e6072d4f65d7061329687fe24e3d63a7-common-args.resp
    
    /Applications/Xcode.app/Contents/Developer/Toolchains/XcodeDefault.xctoolchain/usr/bin/clang -x objective-c -ivfsstatcache /Users/swan/Library/Developer/Xcode/DerivedData/SDKStatCaches.noindex/iphonesimulator26.4-23E237-686eebb5dc1d8ecb277353a59184f4aa.sdkstatcache -target arm64-apple-ios12.0-simulator -fmessage-length\=0 -fdiagnostics-show-note-include-stack -fmacro-backtrace-limit\=0 -fno-color-diagnostics -fmodules-prune-interval\=86400 -fmodules-prune-after\=345600 -fbuild-session-file\=/Users/swan/Library/Developer/Xcode/DerivedData/ModuleCache.noindex/Session.modulevalidation -fmodules-validate-once-per-build-session -Wnon-modular-include-in-framework-module -Werror\=non-modular-include-in-framework-module -Wno-trigraphs -Wno-missing-field-initializers -Wno-missing-prototypes -Werror\=return-type -Wdocumentation -Wunreachable-code -Wno-implicit-atomic-properties -Werror\=deprecated-objc-isa-usage -Wno-objc-interface-ivars -Werror\=objc-root-class -Wno-arc-repeated-use-of-weak -Wimplicit-retain-self -Wduplicate-method-match -Wno-missing-braces -Wparentheses -Wswitch -Wunused-function -Wno-unused-label -Wno-unused-parameter -Wunused-variable -Wunused-value -Wempty-body -Wuninitialized -Wconditional-uninitialized -Wno-unknown-pragmas -Wno-shadow -Wno-four-char-constants -Wno-conversion -Wconstant-conversion -Wint-conversion -Wbool-conversion -Wenum-conversion -Wno-float-conversion -Wnon-literal-null-conversion -Wobjc-literal-conversion -Wshorten-64-to-32 -Wpointer-sign -Wno-newline-eof -Wno-selector -Wno-strict-selector-match -Wundeclared-selector -Wdeprecated-implementations -Wno-implicit-fallthrough -isysroot /Applications/Xcode.app/Contents/Developer/Platforms/iPhoneSimulator.platform/Developer/SDKs/iPhoneSimulator26.4.sdk -fstrict-aliasing -Wprotocol -Wdeprecated-declarations -Wno-sign-conversion -Winfinite-recursion -Wcomma -Wblock-capture-autoreleasing -Wstrict-prototypes -Wno-semicolon-before-method-body -Wunguarded-availability -index-store-path /Users/swan/Library/Developer/Xcode/DerivedData/vantiq-ui-ios-gueetvuzmuxrbegsztzkuatnhugx/Index.noindex/DataStore @/Users/swan/Development/vantiq-ui-ios/Example/build/Pods.build/Debug-iphonesimulator/Pods-vantiq-ui-ios_Example.build/Objects-normal/arm64/e6072d4f65d7061329687fe24e3d63a7-common-args.resp -MMD -MT dependencies -MF /Users/swan/Development/vantiq-ui-ios/Example/build/Pods.build/Debug-iphonesimulator/Pods-vantiq-ui-ios_Example.build/Objects-normal/arm64/Pods-vantiq-ui-ios_Example-dummy.d --serialize-diagnostics /Users/swan/Development/vantiq-ui-ios/Example/build/Pods.build/Debug-iphonesimulator/Pods-vantiq-ui-ios_Example.build/Objects-normal/arm64/Pods-vantiq-ui-ios_Example-dummy.dia -c /Users/swan/Development/vantiq-ui-ios/Example/Pods/Target\ Support\ Files/Pods-vantiq-ui-ios_Example/Pods-vantiq-ui-ios_Example-dummy.m -o /Users/swan/Development/vantiq-ui-ios/Example/build/Pods.build/Debug-iphonesimulator/Pods-vantiq-ui-ios_Example.build/Objects-normal/arm64/Pods-vantiq-ui-ios_Example-dummy.o -index-unit-output-path /Pods.build/Debug-iphonesimulator/Pods-vantiq-ui-ios_Example.build/Objects-normal/arm64/Pods-vantiq-ui-ios_Example-dummy.o

PrecompileModule /Users/swan/Development/vantiq-ui-ios/Example/build/ExplicitPrecompiledModules/OpenGLES-DUXXYLIEYYB9QQ2AQKX7926CH.scan
    cd /
    builtin-precompileModule /Users/swan/Development/vantiq-ui-ios/Example/build/ExplicitPrecompiledModules/OpenGLES-DUXXYLIEYYB9QQ2AQKX7926CH.scan

PrecompileModule /Users/swan/Development/vantiq-ui-ios/Example/build/ExplicitPrecompiledModules/UIUtilities-1VWNVGQLNPCAOVABGK834BV0Q.scan
    cd /
    builtin-precompileModule /Users/swan/Development/vantiq-ui-ios/Example/build/ExplicitPrecompiledModules/UIUtilities-1VWNVGQLNPCAOVABGK834BV0Q.scan

PrecompileModule /Users/swan/Development/vantiq-ui-ios/Example/build/ExplicitPrecompiledModules/Symbols-5OBDKAD21P0LU045ZD0XO2M5.scan
    cd /
    builtin-precompileModule /Users/swan/Development/vantiq-ui-ios/Example/build/ExplicitPrecompiledModules/Symbols-5OBDKAD21P0LU045ZD0XO2M5.scan

PrecompileModule /Users/swan/Development/vantiq-ui-ios/Example/build/ExplicitPrecompiledModules/OpenGLES-3HC2AEKCI9T7J901V58FJ5E7L.scan
    cd /
    builtin-precompileModule /Users/swan/Development/vantiq-ui-ios/Example/build/ExplicitPrecompiledModules/OpenGLES-3HC2AEKCI9T7J901V58FJ5E7L.scan

PrecompileModule /Users/swan/Development/vantiq-ui-ios/Example/build/ExplicitPrecompiledModules/UIUtilities-A4YG5B54PFPLYGWM6D50K3UNA.scan
    cd /
    builtin-precompileModule /Users/swan/Development/vantiq-ui-ios/Example/build/ExplicitPrecompiledModules/UIUtilities-A4YG5B54PFPLYGWM6D50K3UNA.scan

PrecompileModule /Users/swan/Development/vantiq-ui-ios/Example/build/ExplicitPrecompiledModules/UserNotifications-7SFOFFH1FLZFZYRYJB92KUKH5.scan
    cd /
    builtin-precompileModule /Users/swan/Development/vantiq-ui-ios/Example/build/ExplicitPrecompiledModules/UserNotifications-7SFOFFH1FLZFZYRYJB92KUKH5.scan

PrecompileModule /Users/swan/Development/vantiq-ui-ios/Example/build/ExplicitPrecompiledModules/IOSurface-AKA03U35WY5ND4R1Z422DANZM.scan
    cd /
    builtin-precompileModule /Users/swan/Development/vantiq-ui-ios/Example/build/ExplicitPrecompiledModules/IOSurface-AKA03U35WY5ND4R1Z422DANZM.scan

PrecompileModule /Users/swan/Development/vantiq-ui-ios/Example/build/ExplicitPrecompiledModules/IOSurface-7GQ9ZL3MQLC4J99DA86HW4E9P.scan
    cd /
    builtin-precompileModule /Users/swan/Development/vantiq-ui-ios/Example/build/ExplicitPrecompiledModules/IOSurface-7GQ9ZL3MQLC4J99DA86HW4E9P.scan

PrecompileModule /Users/swan/Development/vantiq-ui-ios/Example/build/ExplicitPrecompiledModules/UserNotifications-2HICBI4Z2HFKOIT8BH53NSIWY.scan
    cd /
    builtin-precompileModule /Users/swan/Development/vantiq-ui-ios/Example/build/ExplicitPrecompiledModules/UserNotifications-2HICBI4Z2HFKOIT8BH53NSIWY.scan

PrecompileModule /Users/swan/Development/vantiq-ui-ios/Example/build/ExplicitPrecompiledModules/FileProvider-51JNV81I6G8DQ87L8R6NVRURT.scan
    cd /
    builtin-precompileModule /Users/swan/Development/vantiq-ui-ios/Example/build/ExplicitPrecompiledModules/FileProvider-51JNV81I6G8DQ87L8R6NVRURT.scan

PrecompileModule /Users/swan/Development/vantiq-ui-ios/Example/build/ExplicitPrecompiledModules/FileProvider-CSMSKPAXRWQ1GJVH8ZG2910NG.scan
    cd /
    builtin-precompileModule /Users/swan/Development/vantiq-ui-ios/Example/build/ExplicitPrecompiledModules/FileProvider-CSMSKPAXRWQ1GJVH8ZG2910NG.scan

PrecompileModule /Users/swan/Development/vantiq-ui-ios/Example/build/ExplicitPrecompiledModules/Symbols-E95HFR8Y6DPGE5A1EB1TU9ONL.scan
    cd /
    builtin-precompileModule /Users/swan/Development/vantiq-ui-ios/Example/build/ExplicitPrecompiledModules/Symbols-E95HFR8Y6DPGE5A1EB1TU9ONL.scan

PrecompileModule /Users/swan/Development/vantiq-ui-ios/Example/build/ExplicitPrecompiledModules/CoreLocation-D1KDQT0DOXTPIYZ91FR3O0399.scan
    cd /
    builtin-precompileModule /Users/swan/Development/vantiq-ui-ios/Example/build/ExplicitPrecompiledModules/CoreLocation-D1KDQT0DOXTPIYZ91FR3O0399.scan

PrecompileModule /Users/swan/Development/vantiq-ui-ios/Example/build/ExplicitPrecompiledModules/Metal-7NAW3STTJI3CJDYSI2D9WMPPI.scan
    cd /
    builtin-precompileModule /Users/swan/Development/vantiq-ui-ios/Example/build/ExplicitPrecompiledModules/Metal-7NAW3STTJI3CJDYSI2D9WMPPI.scan

PrecompileModule /Users/swan/Development/vantiq-ui-ios/Example/build/ExplicitPrecompiledModules/Metal-68ZME7OWXVFSHXDIFMXGPF4SW.scan
    cd /
    builtin-precompileModule /Users/swan/Development/vantiq-ui-ios/Example/build/ExplicitPrecompiledModules/Metal-68ZME7OWXVFSHXDIFMXGPF4SW.scan

PrecompileModule /Users/swan/Development/vantiq-ui-ios/Example/build/ExplicitPrecompiledModules/CoreMotion-BP52KELLR9MPQQ9PUELOA74HW.scan
    cd /
    builtin-precompileModule /Users/swan/Development/vantiq-ui-ios/Example/build/ExplicitPrecompiledModules/CoreMotion-BP52KELLR9MPQQ9PUELOA74HW.scan

PrecompileModule /Users/swan/Development/vantiq-ui-ios/Example/build/ExplicitPrecompiledModules/CoreVideo-CLXMGB63RVOZFWY94QSK8OE0T.scan
    cd /
    builtin-precompileModule /Users/swan/Development/vantiq-ui-ios/Example/build/ExplicitPrecompiledModules/CoreVideo-CLXMGB63RVOZFWY94QSK8OE0T.scan

PrecompileModule /Users/swan/Development/vantiq-ui-ios/Example/build/ExplicitPrecompiledModules/CoreVideo-2MZV38ONINISUQHYHRMZUOQR3.scan
    cd /
    builtin-precompileModule /Users/swan/Development/vantiq-ui-ios/Example/build/ExplicitPrecompiledModules/CoreVideo-2MZV38ONINISUQHYHRMZUOQR3.scan

PrecompileModule /Users/swan/Development/vantiq-ui-ios/Example/build/ExplicitPrecompiledModules/CoreImage-1RQP6GQZYX5LMM5UJ0BM8Y8OW.scan
    cd /
    builtin-precompileModule /Users/swan/Development/vantiq-ui-ios/Example/build/ExplicitPrecompiledModules/CoreImage-1RQP6GQZYX5LMM5UJ0BM8Y8OW.scan

PrecompileModule /Users/swan/Development/vantiq-ui-ios/Example/build/ExplicitPrecompiledModules/QuartzCore-6AGKNJLP7AF5AXITSQBSSRAWI.scan
    cd /
    builtin-precompileModule /Users/swan/Development/vantiq-ui-ios/Example/build/ExplicitPrecompiledModules/QuartzCore-6AGKNJLP7AF5AXITSQBSSRAWI.scan

PrecompileModule /Users/swan/Development/vantiq-ui-ios/Example/build/ExplicitPrecompiledModules/QuartzCore-EFXCOQ9BCTE99F5QLMX0POFIE.scan
    cd /
    builtin-precompileModule /Users/swan/Development/vantiq-ui-ios/Example/build/ExplicitPrecompiledModules/QuartzCore-EFXCOQ9BCTE99F5QLMX0POFIE.scan

PrecompileModule /Users/swan/Development/vantiq-ui-ios/Example/build/ExplicitPrecompiledModules/CoreImage-Z860P21K5E2D5DSX8N7NDWIR.scan
    cd /
    builtin-precompileModule /Users/swan/Development/vantiq-ui-ios/Example/build/ExplicitPrecompiledModules/CoreImage-Z860P21K5E2D5DSX8N7NDWIR.scan

PrecompileModule /Users/swan/Development/vantiq-ui-ios/Example/build/ExplicitPrecompiledModules/UIKit-EH0U3C635B6VNXZ3L3BMC9S3T.scan
    cd /
    builtin-precompileModule /Users/swan/Development/vantiq-ui-ios/Example/build/ExplicitPrecompiledModules/UIKit-EH0U3C635B6VNXZ3L3BMC9S3T.scan

PrecompileModule /Users/swan/Development/vantiq-ui-ios/Example/build/ExplicitPrecompiledModules/UIKit-B7Q7QZUJ8OLSU39913LAAUORZ.scan
    cd /
    builtin-precompileModule /Users/swan/Development/vantiq-ui-ios/Example/build/ExplicitPrecompiledModules/UIKit-B7Q7QZUJ8OLSU39913LAAUORZ.scan

CompileC /Users/swan/Development/vantiq-ui-ios/Example/build/Pods.build/Debug-iphonesimulator/AppAuth.build/Objects-normal/arm64/OIDAuthorizationService.o /Users/swan/Development/vantiq-ui-ios/Example/Pods/AppAuth/Sources/AppAuthCore/OIDAuthorizationService.m normal arm64 objective-c com.apple.compilers.llvm.clang.1_0.compiler (in target 'AppAuth' from project 'Pods')
    cd /Users/swan/Development/vantiq-ui-ios/Example/Pods
    
    Using response file: /Users/swan/Development/vantiq-ui-ios/Example/build/Pods.build/Debug-iphonesimulator/AppAuth.build/Objects-normal/arm64/e6072d4f65d7061329687fe24e3d63a7-common-args.resp
    
    /Applications/Xcode.app/Contents/Developer/Toolchains/XcodeDefault.xctoolchain/usr/bin/clang -x objective-c -ivfsstatcache /Users/swan/Library/Developer/Xcode/DerivedData/SDKStatCaches.noindex/iphonesimulator26.4-23E237-686eebb5dc1d8ecb277353a59184f4aa.sdkstatcache -target arm64-apple-ios12.0-simulator -fmessage-length\=0 -fdiagnostics-show-note-include-stack -fmacro-backtrace-limit\=0 -fno-color-diagnostics -fmodules-prune-interval\=86400 -fmodules-prune-after\=345600 -fbuild-session-file\=/Users/swan/Library/Developer/Xcode/DerivedData/ModuleCache.noindex/Session.modulevalidation -fmodules-validate-once-per-build-session -Wnon-modular-include-in-framework-module -Werror\=non-modular-include-in-framework-module -Wno-trigraphs -Wno-missing-field-initializers -Wno-missing-prototypes -Werror\=return-type -Wdocumentation -Wunreachable-code -Wno-implicit-atomic-properties -Werror\=deprecated-objc-isa-usage -Wno-objc-interface-ivars -Werror\=objc-root-class -Wno-arc-repeated-use-of-weak -Wimplicit-retain-self -Wduplicate-method-match -Wno-missing-braces -Wparentheses -Wswitch -Wunused-function -Wno-unused-label -Wno-unused-parameter -Wunused-variable -Wunused-value -Wempty-body -Wuninitialized -Wconditional-uninitialized -Wno-unknown-pragmas -Wno-shadow -Wno-four-char-constants -Wno-conversion -Wconstant-conversion -Wint-conversion -Wbool-conversion -Wenum-conversion -Wno-float-conversion -Wnon-literal-null-conversion -Wobjc-literal-conversion -Wshorten-64-to-32 -Wpointer-sign -Wno-newline-eof -Wno-selector -Wno-strict-selector-match -Wundeclared-selector -Wdeprecated-implementations -Wno-implicit-fallthrough -isysroot /Applications/Xcode.app/Contents/Developer/Platforms/iPhoneSimulator.platform/Developer/SDKs/iPhoneSimulator26.4.sdk -fstrict-aliasing -Wprotocol -Wdeprecated-declarations -Wno-sign-conversion -Winfinite-recursion -Wcomma -Wblock-capture-autoreleasing -Wstrict-prototypes -Wno-semicolon-before-method-body -Wunguarded-availability -index-store-path /Users/swan/Library/Developer/Xcode/DerivedData/vantiq-ui-ios-gueetvuzmuxrbegsztzkuatnhugx/Index.noindex/DataStore @/Users/swan/Development/vantiq-ui-ios/Example/build/Pods.build/Debug-iphonesimulator/AppAuth.build/Objects-normal/arm64/e6072d4f65d7061329687fe24e3d63a7-common-args.resp -include /Users/swan/Development/vantiq-ui-ios/Example/Pods/Target\ Support\ Files/AppAuth/AppAuth-prefix.pch -MMD -MT dependencies -MF /Users/swan/Development/vantiq-ui-ios/Example/build/Pods.build/Debug-iphonesimulator/AppAuth.build/Objects-normal/arm64/OIDAuthorizationService.d --serialize-diagnostics /Users/swan/Development/vantiq-ui-ios/Example/build/Pods.build/Debug-iphonesimulator/AppAuth.build/Objects-normal/arm64/OIDAuthorizationService.dia -c /Users/swan/Development/vantiq-ui-ios/Example/Pods/AppAuth/Sources/AppAuthCore/OIDAuthorizationService.m -o /Users/swan/Development/vantiq-ui-ios/Example/build/Pods.build/Debug-iphonesimulator/AppAuth.build/Objects-normal/arm64/OIDAuthorizationService.o -index-unit-output-path /Pods.build/Debug-iphonesimulator/AppAuth.build/Objects-normal/arm64/OIDAuthorizationService.o

CompileC /Users/swan/Development/vantiq-ui-ios/Example/build/Pods.build/Debug-iphonesimulator/Base64.build/Objects-normal/arm64/MF_Base64Additions.o /Users/swan/Development/vantiq-ui-ios/Example/Pods/Base64/Base64/MF_Base64Additions.m normal arm64 objective-c com.apple.compilers.llvm.clang.1_0.compiler (in target 'Base64' from project 'Pods')
    cd /Users/swan/Development/vantiq-ui-ios/Example/Pods
    
    Using response file: /Users/swan/Development/vantiq-ui-ios/Example/build/Pods.build/Debug-iphonesimulator/Base64.build/Objects-normal/arm64/e6072d4f65d7061329687fe24e3d63a7-common-args.resp
    
    /Applications/Xcode.app/Contents/Developer/Toolchains/XcodeDefault.xctoolchain/usr/bin/clang -x objective-c -ivfsstatcache /Users/swan/Library/Developer/Xcode/DerivedData/SDKStatCaches.noindex/iphonesimulator26.4-23E237-686eebb5dc1d8ecb277353a59184f4aa.sdkstatcache -target arm64-apple-ios12.0-simulator -fmessage-length\=0 -fdiagnostics-show-note-include-stack -fmacro-backtrace-limit\=0 -fno-color-diagnostics -fmodules-prune-interval\=86400 -fmodules-prune-after\=345600 -fbuild-session-file\=/Users/swan/Library/Developer/Xcode/DerivedData/ModuleCache.noindex/Session.modulevalidation -fmodules-validate-once-per-build-session -Wnon-modular-include-in-framework-module -Werror\=non-modular-include-in-framework-module -Wno-trigraphs -Wno-missing-field-initializers -Wno-missing-prototypes -Werror\=return-type -Wdocumentation -Wunreachable-code -Wno-implicit-atomic-properties -Werror\=deprecated-objc-isa-usage -Wno-objc-interface-ivars -Werror\=objc-root-class -Wno-arc-repeated-use-of-weak -Wimplicit-retain-self -Wduplicate-method-match -Wno-missing-braces -Wparentheses -Wswitch -Wunused-function -Wno-unused-label -Wno-unused-parameter -Wunused-variable -Wunused-value -Wempty-body -Wuninitialized -Wconditional-uninitialized -Wno-unknown-pragmas -Wno-shadow -Wno-four-char-constants -Wno-conversion -Wconstant-conversion -Wint-conversion -Wbool-conversion -Wenum-conversion -Wno-float-conversion -Wnon-literal-null-conversion -Wobjc-literal-conversion -Wshorten-64-to-32 -Wpointer-sign -Wno-newline-eof -Wno-selector -Wno-strict-selector-match -Wundeclared-selector -Wdeprecated-implementations -Wno-implicit-fallthrough -isysroot /Applications/Xcode.app/Contents/Developer/Platforms/iPhoneSimulator.platform/Developer/SDKs/iPhoneSimulator26.4.sdk -fstrict-aliasing -Wprotocol -Wdeprecated-declarations -Wno-sign-conversion -Winfinite-recursion -Wcomma -Wblock-capture-autoreleasing -Wstrict-prototypes -Wno-semicolon-before-method-body -Wunguarded-availability -index-store-path /Users/swan/Library/Developer/Xcode/DerivedData/vantiq-ui-ios-gueetvuzmuxrbegsztzkuatnhugx/Index.noindex/DataStore @/Users/swan/Development/vantiq-ui-ios/Example/build/Pods.build/Debug-iphonesimulator/Base64.build/Objects-normal/arm64/e6072d4f65d7061329687fe24e3d63a7-common-args.resp -DOS_OBJECT_USE_OBJC\=0 -include /Users/swan/Development/vantiq-ui-ios/Example/Pods/Target\ Support\ Files/Base64/Base64-prefix.pch -MMD -MT dependencies -MF /Users/swan/Development/vantiq-ui-ios/Example/build/Pods.build/Debug-iphonesimulator/Base64.build/Objects-normal/arm64/MF_Base64Additions.d --serialize-diagnostics /Users/swan/Development/vantiq-ui-ios/Example/build/Pods.build/Debug-iphonesimulator/Base64.build/Objects-normal/arm64/MF_Base64Additions.dia -c /Users/swan/Development/vantiq-ui-ios/Example/Pods/Base64/Base64/MF_Base64Additions.m -o /Users/swan/Development/vantiq-ui-ios/Example/build/Pods.build/Debug-iphonesimulator/Base64.build/Objects-normal/arm64/MF_Base64Additions.o -index-unit-output-path /Pods.build/Debug-iphonesimulator/Base64.build/Objects-normal/arm64/MF_Base64Additions.o

CompileC /Users/swan/Development/vantiq-ui-ios/Example/build/Pods.build/Debug-iphonesimulator/AppAuth.build/Objects-normal/arm64/OIDAuthorizationResponse.o /Users/swan/Development/vantiq-ui-ios/Example/Pods/AppAuth/Sources/AppAuthCore/OIDAuthorizationResponse.m normal arm64 objective-c com.apple.compilers.llvm.clang.1_0.compiler (in target 'AppAuth' from project 'Pods')
    cd /Users/swan/Development/vantiq-ui-ios/Example/Pods
    
    Using response file: /Users/swan/Development/vantiq-ui-ios/Example/build/Pods.build/Debug-iphonesimulator/AppAuth.build/Objects-normal/arm64/e6072d4f65d7061329687fe24e3d63a7-common-args.resp
    
    /Applications/Xcode.app/Contents/Developer/Toolchains/XcodeDefault.xctoolchain/usr/bin/clang -x objective-c -ivfsstatcache /Users/swan/Library/Developer/Xcode/DerivedData/SDKStatCaches.noindex/iphonesimulator26.4-23E237-686eebb5dc1d8ecb277353a59184f4aa.sdkstatcache -target arm64-apple-ios12.0-simulator -fmessage-length\=0 -fdiagnostics-show-note-include-stack -fmacro-backtrace-limit\=0 -fno-color-diagnostics -fmodules-prune-interval\=86400 -fmodules-prune-after\=345600 -fbuild-session-file\=/Users/swan/Library/Developer/Xcode/DerivedData/ModuleCache.noindex/Session.modulevalidation -fmodules-validate-once-per-build-session -Wnon-modular-include-in-framework-module -Werror\=non-modular-include-in-framework-module -Wno-trigraphs -Wno-missing-field-initializers -Wno-missing-prototypes -Werror\=return-type -Wdocumentation -Wunreachable-code -Wno-implicit-atomic-properties -Werror\=deprecated-objc-isa-usage -Wno-objc-interface-ivars -Werror\=objc-root-class -Wno-arc-repeated-use-of-weak -Wimplicit-retain-self -Wduplicate-method-match -Wno-missing-braces -Wparentheses -Wswitch -Wunused-function -Wno-unused-label -Wno-unused-parameter -Wunused-variable -Wunused-value -Wempty-body -Wuninitialized -Wconditional-uninitialized -Wno-unknown-pragmas -Wno-shadow -Wno-four-char-constants -Wno-conversion -Wconstant-conversion -Wint-conversion -Wbool-conversion -Wenum-conversion -Wno-float-conversion -Wnon-literal-null-conversion -Wobjc-literal-conversion -Wshorten-64-to-32 -Wpointer-sign -Wno-newline-eof -Wno-selector -Wno-strict-selector-match -Wundeclared-selector -Wdeprecated-implementations -Wno-implicit-fallthrough -isysroot /Applications/Xcode.app/Contents/Developer/Platforms/iPhoneSimulator.platform/Developer/SDKs/iPhoneSimulator26.4.sdk -fstrict-aliasing -Wprotocol -Wdeprecated-declarations -Wno-sign-conversion -Winfinite-recursion -Wcomma -Wblock-capture-autoreleasing -Wstrict-prototypes -Wno-semicolon-before-method-body -Wunguarded-availability -index-store-path /Users/swan/Library/Developer/Xcode/DerivedData/vantiq-ui-ios-gueetvuzmuxrbegsztzkuatnhugx/Index.noindex/DataStore @/Users/swan/Development/vantiq-ui-ios/Example/build/Pods.build/Debug-iphonesimulator/AppAuth.build/Objects-normal/arm64/e6072d4f65d7061329687fe24e3d63a7-common-args.resp -include /Users/swan/Development/vantiq-ui-ios/Example/Pods/Target\ Support\ Files/AppAuth/AppAuth-prefix.pch -MMD -MT dependencies -MF /Users/swan/Development/vantiq-ui-ios/Example/build/Pods.build/Debug-iphonesimulator/AppAuth.build/Objects-normal/arm64/OIDAuthorizationResponse.d --serialize-diagnostics /Users/swan/Development/vantiq-ui-ios/Example/build/Pods.build/Debug-iphonesimulator/AppAuth.build/Objects-normal/arm64/OIDAuthorizationResponse.dia -c /Users/swan/Development/vantiq-ui-ios/Example/Pods/AppAuth/Sources/AppAuthCore/OIDAuthorizationResponse.m -o /Users/swan/Development/vantiq-ui-ios/Example/build/Pods.build/Debug-iphonesimulator/AppAuth.build/Objects-normal/arm64/OIDAuthorizationResponse.o -index-unit-output-path /Pods.build/Debug-iphonesimulator/AppAuth.build/Objects-normal/arm64/OIDAuthorizationResponse.o

PrecompileModule /Users/swan/Development/vantiq-ui-ios/Example/build/ExplicitPrecompiledModules/AuthenticationServices-21UAXE4X7S0STJMN1E008GTU6.scan
    cd /
    builtin-precompileModule /Users/swan/Development/vantiq-ui-ios/Example/build/ExplicitPrecompiledModules/AuthenticationServices-21UAXE4X7S0STJMN1E008GTU6.scan

CompileC /Users/swan/Development/vantiq-ui-ios/Example/build/Pods.build/Debug-iphonesimulator/AppAuth.build/Objects-normal/arm64/AppAuth-dummy.o /Users/swan/Development/vantiq-ui-ios/Example/Pods/Target\ Support\ Files/AppAuth/AppAuth-dummy.m normal arm64 objective-c com.apple.compilers.llvm.clang.1_0.compiler (in target 'AppAuth' from project 'Pods')
    cd /Users/swan/Development/vantiq-ui-ios/Example/Pods
    
    Using response file: /Users/swan/Development/vantiq-ui-ios/Example/build/Pods.build/Debug-iphonesimulator/AppAuth.build/Objects-normal/arm64/e6072d4f65d7061329687fe24e3d63a7-common-args.resp
    
    /Applications/Xcode.app/Contents/Developer/Toolchains/XcodeDefault.xctoolchain/usr/bin/clang -x objective-c -ivfsstatcache /Users/swan/Library/Developer/Xcode/DerivedData/SDKStatCaches.noindex/iphonesimulator26.4-23E237-686eebb5dc1d8ecb277353a59184f4aa.sdkstatcache -target arm64-apple-ios12.0-simulator -fmessage-length\=0 -fdiagnostics-show-note-include-stack -fmacro-backtrace-limit\=0 -fno-color-diagnostics -fmodules-prune-interval\=86400 -fmodules-prune-after\=345600 -fbuild-session-file\=/Users/swan/Library/Developer/Xcode/DerivedData/ModuleCache.noindex/Session.modulevalidation -fmodules-validate-once-per-build-session -Wnon-modular-include-in-framework-module -Werror\=non-modular-include-in-framework-module -Wno-trigraphs -Wno-missing-field-initializers -Wno-missing-prototypes -Werror\=return-type -Wdocumentation -Wunreachable-code -Wno-implicit-atomic-properties -Werror\=deprecated-objc-isa-usage -Wno-objc-interface-ivars -Werror\=objc-root-class -Wno-arc-repeated-use-of-weak -Wimplicit-retain-self -Wduplicate-method-match -Wno-missing-braces -Wparentheses -Wswitch -Wunused-function -Wno-unused-label -Wno-unused-parameter -Wunused-variable -Wunused-value -Wempty-body -Wuninitialized -Wconditional-uninitialized -Wno-unknown-pragmas -Wno-shadow -Wno-four-char-constants -Wno-conversion -Wconstant-conversion -Wint-conversion -Wbool-conversion -Wenum-conversion -Wno-float-conversion -Wnon-literal-null-conversion -Wobjc-literal-conversion -Wshorten-64-to-32 -Wpointer-sign -Wno-newline-eof -Wno-selector -Wno-strict-selector-match -Wundeclared-selector -Wdeprecated-implementations -Wno-implicit-fallthrough -isysroot /Applications/Xcode.app/Contents/Developer/Platforms/iPhoneSimulator.platform/Developer/SDKs/iPhoneSimulator26.4.sdk -fstrict-aliasing -Wprotocol -Wdeprecated-declarations -Wno-sign-conversion -Winfinite-recursion -Wcomma -Wblock-capture-autoreleasing -Wstrict-prototypes -Wno-semicolon-before-method-body -Wunguarded-availability -index-store-path /Users/swan/Library/Developer/Xcode/DerivedData/vantiq-ui-ios-gueetvuzmuxrbegsztzkuatnhugx/Index.noindex/DataStore @/Users/swan/Development/vantiq-ui-ios/Example/build/Pods.build/Debug-iphonesimulator/AppAuth.build/Objects-normal/arm64/e6072d4f65d7061329687fe24e3d63a7-common-args.resp -include /Users/swan/Development/vantiq-ui-ios/Example/Pods/Target\ Support\ Files/AppAuth/AppAuth-prefix.pch -MMD -MT dependencies -MF /Users/swan/Development/vantiq-ui-ios/Example/build/Pods.build/Debug-iphonesimulator/AppAuth.build/Objects-normal/arm64/AppAuth-dummy.d --serialize-diagnostics /Users/swan/Development/vantiq-ui-ios/Example/build/Pods.build/Debug-iphonesimulator/AppAuth.build/Objects-normal/arm64/AppAuth-dummy.dia -c /Users/swan/Development/vantiq-ui-ios/Example/Pods/Target\ Support\ Files/AppAuth/AppAuth-dummy.m -o /Users/swan/Development/vantiq-ui-ios/Example/build/Pods.build/Debug-iphonesimulator/AppAuth.build/Objects-normal/arm64/AppAuth-dummy.o -index-unit-output-path /Pods.build/Debug-iphonesimulator/AppAuth.build/Objects-normal/arm64/AppAuth-dummy.o

CompileC /Users/swan/Development/vantiq-ui-ios/Example/build/Pods.build/Debug-iphonesimulator/AppAuth.build/Objects-normal/arm64/OIDAuthState.o /Users/swan/Development/vantiq-ui-ios/Example/Pods/AppAuth/Sources/AppAuthCore/OIDAuthState.m normal arm64 objective-c com.apple.compilers.llvm.clang.1_0.compiler (in target 'AppAuth' from project 'Pods')
    cd /Users/swan/Development/vantiq-ui-ios/Example/Pods
    
    Using response file: /Users/swan/Development/vantiq-ui-ios/Example/build/Pods.build/Debug-iphonesimulator/AppAuth.build/Objects-normal/arm64/e6072d4f65d7061329687fe24e3d63a7-common-args.resp
    
    /Applications/Xcode.app/Contents/Developer/Toolchains/XcodeDefault.xctoolchain/usr/bin/clang -x objective-c -ivfsstatcache /Users/swan/Library/Developer/Xcode/DerivedData/SDKStatCaches.noindex/iphonesimulator26.4-23E237-686eebb5dc1d8ecb277353a59184f4aa.sdkstatcache -target arm64-apple-ios12.0-simulator -fmessage-length\=0 -fdiagnostics-show-note-include-stack -fmacro-backtrace-limit\=0 -fno-color-diagnostics -fmodules-prune-interval\=86400 -fmodules-prune-after\=345600 -fbuild-session-file\=/Users/swan/Library/Developer/Xcode/DerivedData/ModuleCache.noindex/Session.modulevalidation -fmodules-validate-once-per-build-session -Wnon-modular-include-in-framework-module -Werror\=non-modular-include-in-framework-module -Wno-trigraphs -Wno-missing-field-initializers -Wno-missing-prototypes -Werror\=return-type -Wdocumentation -Wunreachable-code -Wno-implicit-atomic-properties -Werror\=deprecated-objc-isa-usage -Wno-objc-interface-ivars -Werror\=objc-root-class -Wno-arc-repeated-use-of-weak -Wimplicit-retain-self -Wduplicate-method-match -Wno-missing-braces -Wparentheses -Wswitch -Wunused-function -Wno-unused-label -Wno-unused-parameter -Wunused-variable -Wunused-value -Wempty-body -Wuninitialized -Wconditional-uninitialized -Wno-unknown-pragmas -Wno-shadow -Wno-four-char-constants -Wno-conversion -Wconstant-conversion -Wint-conversion -Wbool-conversion -Wenum-conversion -Wno-float-conversion -Wnon-literal-null-conversion -Wobjc-literal-conversion -Wshorten-64-to-32 -Wpointer-sign -Wno-newline-eof -Wno-selector -Wno-strict-selector-match -Wundeclared-selector -Wdeprecated-implementations -Wno-implicit-fallthrough -isysroot /Applications/Xcode.app/Contents/Developer/Platforms/iPhoneSimulator.platform/Developer/SDKs/iPhoneSimulator26.4.sdk -fstrict-aliasing -Wprotocol -Wdeprecated-declarations -Wno-sign-conversion -Winfinite-recursion -Wcomma -Wblock-capture-autoreleasing -Wstrict-prototypes -Wno-semicolon-before-method-body -Wunguarded-availability -index-store-path /Users/swan/Library/Developer/Xcode/DerivedData/vantiq-ui-ios-gueetvuzmuxrbegsztzkuatnhugx/Index.noindex/DataStore @/Users/swan/Development/vantiq-ui-ios/Example/build/Pods.build/Debug-iphonesimulator/AppAuth.build/Objects-normal/arm64/e6072d4f65d7061329687fe24e3d63a7-common-args.resp -include /Users/swan/Development/vantiq-ui-ios/Example/Pods/Target\ Support\ Files/AppAuth/AppAuth-prefix.pch -MMD -MT dependencies -MF /Users/swan/Development/vantiq-ui-ios/Example/build/Pods.build/Debug-iphonesimulator/AppAuth.build/Objects-normal/arm64/OIDAuthState.d --serialize-diagnostics /Users/swan/Development/vantiq-ui-ios/Example/build/Pods.build/Debug-iphonesimulator/AppAuth.build/Objects-normal/arm64/OIDAuthState.dia -c /Users/swan/Development/vantiq-ui-ios/Example/Pods/AppAuth/Sources/AppAuthCore/OIDAuthState.m -o /Users/swan/Development/vantiq-ui-ios/Example/build/Pods.build/Debug-iphonesimulator/AppAuth.build/Objects-normal/arm64/OIDAuthState.o -index-unit-output-path /Pods.build/Debug-iphonesimulator/AppAuth.build/Objects-normal/arm64/OIDAuthState.o

CompileC /Users/swan/Development/vantiq-ui-ios/Example/build/Pods.build/Debug-iphonesimulator/AppAuth.build/Objects-normal/arm64/OIDAuthorizationRequest.o /Users/swan/Development/vantiq-ui-ios/Example/Pods/AppAuth/Sources/AppAuthCore/OIDAuthorizationRequest.m normal arm64 objective-c com.apple.compilers.llvm.clang.1_0.compiler (in target 'AppAuth' from project 'Pods')
    cd /Users/swan/Development/vantiq-ui-ios/Example/Pods
    
    Using response file: /Users/swan/Development/vantiq-ui-ios/Example/build/Pods.build/Debug-iphonesimulator/AppAuth.build/Objects-normal/arm64/e6072d4f65d7061329687fe24e3d63a7-common-args.resp
    
    /Applications/Xcode.app/Contents/Developer/Toolchains/XcodeDefault.xctoolchain/usr/bin/clang -x objective-c -ivfsstatcache /Users/swan/Library/Developer/Xcode/DerivedData/SDKStatCaches.noindex/iphonesimulator26.4-23E237-686eebb5dc1d8ecb277353a59184f4aa.sdkstatcache -target arm64-apple-ios12.0-simulator -fmessage-length\=0 -fdiagnostics-show-note-include-stack -fmacro-backtrace-limit\=0 -fno-color-diagnostics -fmodules-prune-interval\=86400 -fmodules-prune-after\=345600 -fbuild-session-file\=/Users/swan/Library/Developer/Xcode/DerivedData/ModuleCache.noindex/Session.modulevalidation -fmodules-validate-once-per-build-session -Wnon-modular-include-in-framework-module -Werror\=non-modular-include-in-framework-module -Wno-trigraphs -Wno-missing-field-initializers -Wno-missing-prototypes -Werror\=return-type -Wdocumentation -Wunreachable-code -Wno-implicit-atomic-properties -Werror\=deprecated-objc-isa-usage -Wno-objc-interface-ivars -Werror\=objc-root-class -Wno-arc-repeated-use-of-weak -Wimplicit-retain-self -Wduplicate-method-match -Wno-missing-braces -Wparentheses -Wswitch -Wunused-function -Wno-unused-label -Wno-unused-parameter -Wunused-variable -Wunused-value -Wempty-body -Wuninitialized -Wconditional-uninitialized -Wno-unknown-pragmas -Wno-shadow -Wno-four-char-constants -Wno-conversion -Wconstant-conversion -Wint-conversion -Wbool-conversion -Wenum-conversion -Wno-float-conversion -Wnon-literal-null-conversion -Wobjc-literal-conversion -Wshorten-64-to-32 -Wpointer-sign -Wno-newline-eof -Wno-selector -Wno-strict-selector-match -Wundeclared-selector -Wdeprecated-implementations -Wno-implicit-fallthrough -isysroot /Applications/Xcode.app/Contents/Developer/Platforms/iPhoneSimulator.platform/Developer/SDKs/iPhoneSimulator26.4.sdk -fstrict-aliasing -Wprotocol -Wdeprecated-declarations -Wno-sign-conversion -Winfinite-recursion -Wcomma -Wblock-capture-autoreleasing -Wstrict-prototypes -Wno-semicolon-before-method-body -Wunguarded-availability -index-store-path /Users/swan/Library/Developer/Xcode/DerivedData/vantiq-ui-ios-gueetvuzmuxrbegsztzkuatnhugx/Index.noindex/DataStore @/Users/swan/Development/vantiq-ui-ios/Example/build/Pods.build/Debug-iphonesimulator/AppAuth.build/Objects-normal/arm64/e6072d4f65d7061329687fe24e3d63a7-common-args.resp -include /Users/swan/Development/vantiq-ui-ios/Example/Pods/Target\ Support\ Files/AppAuth/AppAuth-prefix.pch -MMD -MT dependencies -MF /Users/swan/Development/vantiq-ui-ios/Example/build/Pods.build/Debug-iphonesimulator/AppAuth.build/Objects-normal/arm64/OIDAuthorizationRequest.d --serialize-diagnostics /Users/swan/Development/vantiq-ui-ios/Example/build/Pods.build/Debug-iphonesimulator/AppAuth.build/Objects-normal/arm64/OIDAuthorizationRequest.dia -c /Users/swan/Development/vantiq-ui-ios/Example/Pods/AppAuth/Sources/AppAuthCore/OIDAuthorizationRequest.m -o /Users/swan/Development/vantiq-ui-ios/Example/build/Pods.build/Debug-iphonesimulator/AppAuth.build/Objects-normal/arm64/OIDAuthorizationRequest.o -index-unit-output-path /Pods.build/Debug-iphonesimulator/AppAuth.build/Objects-normal/arm64/OIDAuthorizationRequest.o

CompileC /Users/swan/Development/vantiq-ui-ios/Example/build/Pods.build/Debug-iphonesimulator/AppAuth.build/Objects-normal/arm64/OIDExternalUserAgentIOSCustomBrowser.o /Users/swan/Development/vantiq-ui-ios/Example/Pods/AppAuth/Sources/AppAuth/iOS/OIDExternalUserAgentIOSCustomBrowser.m normal arm64 objective-c com.apple.compilers.llvm.clang.1_0.compiler (in target 'AppAuth' from project 'Pods')
    cd /Users/swan/Development/vantiq-ui-ios/Example/Pods
    
    Using response file: /Users/swan/Development/vantiq-ui-ios/Example/build/Pods.build/Debug-iphonesimulator/AppAuth.build/Objects-normal/arm64/e6072d4f65d7061329687fe24e3d63a7-common-args.resp
    
    /Applications/Xcode.app/Contents/Developer/Toolchains/XcodeDefault.xctoolchain/usr/bin/clang -x objective-c -ivfsstatcache /Users/swan/Library/Developer/Xcode/DerivedData/SDKStatCaches.noindex/iphonesimulator26.4-23E237-686eebb5dc1d8ecb277353a59184f4aa.sdkstatcache -target arm64-apple-ios12.0-simulator -fmessage-length\=0 -fdiagnostics-show-note-include-stack -fmacro-backtrace-limit\=0 -fno-color-diagnostics -fmodules-prune-interval\=86400 -fmodules-prune-after\=345600 -fbuild-session-file\=/Users/swan/Library/Developer/Xcode/DerivedData/ModuleCache.noindex/Session.modulevalidation -fmodules-validate-once-per-build-session -Wnon-modular-include-in-framework-module -Werror\=non-modular-include-in-framework-module -Wno-trigraphs -Wno-missing-field-initializers -Wno-missing-prototypes -Werror\=return-type -Wdocumentation -Wunreachable-code -Wno-implicit-atomic-properties -Werror\=deprecated-objc-isa-usage -Wno-objc-interface-ivars -Werror\=objc-root-class -Wno-arc-repeated-use-of-weak -Wimplicit-retain-self -Wduplicate-method-match -Wno-missing-braces -Wparentheses -Wswitch -Wunused-function -Wno-unused-label -Wno-unused-parameter -Wunused-variable -Wunused-value -Wempty-body -Wuninitialized -Wconditional-uninitialized -Wno-unknown-pragmas -Wno-shadow -Wno-four-char-constants -Wno-conversion -Wconstant-conversion -Wint-conversion -Wbool-conversion -Wenum-conversion -Wno-float-conversion -Wnon-literal-null-conversion -Wobjc-literal-conversion -Wshorten-64-to-32 -Wpointer-sign -Wno-newline-eof -Wno-selector -Wno-strict-selector-match -Wundeclared-selector -Wdeprecated-implementations -Wno-implicit-fallthrough -isysroot /Applications/Xcode.app/Contents/Developer/Platforms/iPhoneSimulator.platform/Developer/SDKs/iPhoneSimulator26.4.sdk -fstrict-aliasing -Wprotocol -Wdeprecated-declarations -Wno-sign-conversion -Winfinite-recursion -Wcomma -Wblock-capture-autoreleasing -Wstrict-prototypes -Wno-semicolon-before-method-body -Wunguarded-availability -index-store-path /Users/swan/Library/Developer/Xcode/DerivedData/vantiq-ui-ios-gueetvuzmuxrbegsztzkuatnhugx/Index.noindex/DataStore @/Users/swan/Development/vantiq-ui-ios/Example/build/Pods.build/Debug-iphonesimulator/AppAuth.build/Objects-normal/arm64/e6072d4f65d7061329687fe24e3d63a7-common-args.resp -include /Users/swan/Development/vantiq-ui-ios/Example/Pods/Target\ Support\ Files/AppAuth/AppAuth-prefix.pch -MMD -MT dependencies -MF /Users/swan/Development/vantiq-ui-ios/Example/build/Pods.build/Debug-iphonesimulator/AppAuth.build/Objects-normal/arm64/OIDExternalUserAgentIOSCustomBrowser.d --serialize-diagnostics /Users/swan/Development/vantiq-ui-ios/Example/build/Pods.build/Debug-iphonesimulator/AppAuth.build/Objects-normal/arm64/OIDExternalUserAgentIOSCustomBrowser.dia -c /Users/swan/Development/vantiq-ui-ios/Example/Pods/AppAuth/Sources/AppAuth/iOS/OIDExternalUserAgentIOSCustomBrowser.m -o /Users/swan/Development/vantiq-ui-ios/Example/build/Pods.build/Debug-iphonesimulator/AppAuth.build/Objects-normal/arm64/OIDExternalUserAgentIOSCustomBrowser.o -index-unit-output-path /Pods.build/Debug-iphonesimulator/AppAuth.build/Objects-normal/arm64/OIDExternalUserAgentIOSCustomBrowser.o
/Users/swan/Development/vantiq-ui-ios/Example/Pods/AppAuth/Sources/AppAuth/iOS/OIDExternalUserAgentIOSCustomBrowser.m:151:44: warning: 'openURL:' is deprecated: first deprecated in iOS 10.0 [-Wdeprecated-declarations]
  151 |         [[UIApplication sharedApplication] openURL:_appStoreURL];
      |                                            ^~~~~~~
      |                                            openURL:options:completionHandler:
In module 'UIKit' imported from /Users/swan/Development/vantiq-ui-ios/Example/Pods/Target Support Files/AppAuth/AppAuth-prefix.pch:2:
/Applications/Xcode.app/Contents/Developer/Platforms/iPhoneSimulator.platform/Developer/SDKs/iPhoneSimulator26.4.sdk/System/Library/Frameworks/UIKit.framework/Headers/UIApplication.h:97:1: note: 'openURL:' has been explicitly marked deprecated here
   97 | - (BOOL)openURL:(NSURL*)url API_DEPRECATED_WITH_REPLACEMENT("openURL:options:completionHandler:", ios(2.0, 10.0)) API_UNAVAILABLE(visionos, watchos);
      | ^
/Users/swan/Development/vantiq-ui-ios/Example/Pods/AppAuth/Sources/AppAuth/iOS/OIDExternalUserAgentIOSCustomBrowser.m:165:63: warning: 'openURL:' is deprecated: first deprecated in iOS 10.0 [-Wdeprecated-declarations]
  165 |     BOOL openedInBrowser = [[UIApplication sharedApplication] openURL:requestURL];
      |                                                               ^~~~~~~
      |                                                               openURL:options:completionHandler:
In module 'UIKit' imported from /Users/swan/Development/vantiq-ui-ios/Example/Pods/Target Support Files/AppAuth/AppAuth-prefix.pch:2:
/Applications/Xcode.app/Contents/Developer/Platforms/iPhoneSimulator.platform/Developer/SDKs/iPhoneSimulator26.4.sdk/System/Library/Frameworks/UIKit.framework/Headers/UIApplication.h:97:1: note: 'openURL:' has been explicitly marked deprecated here
   97 | - (BOOL)openURL:(NSURL*)url API_DEPRECATED_WITH_REPLACEMENT("openURL:options:completionHandler:", ios(2.0, 10.0)) API_UNAVAILABLE(visionos, watchos);
      | ^
2 warnings generated.

CompileC /Users/swan/Development/vantiq-ui-ios/Example/build/Pods.build/Debug-iphonesimulator/AppAuth.build/Objects-normal/arm64/OIDFieldMapping.o /Users/swan/Development/vantiq-ui-ios/Example/Pods/AppAuth/Sources/AppAuthCore/OIDFieldMapping.m normal arm64 objective-c com.apple.compilers.llvm.clang.1_0.compiler (in target 'AppAuth' from project 'Pods')
    cd /Users/swan/Development/vantiq-ui-ios/Example/Pods
    
    Using response file: /Users/swan/Development/vantiq-ui-ios/Example/build/Pods.build/Debug-iphonesimulator/AppAuth.build/Objects-normal/arm64/e6072d4f65d7061329687fe24e3d63a7-common-args.resp
    
    /Applications/Xcode.app/Contents/Developer/Toolchains/XcodeDefault.xctoolchain/usr/bin/clang -x objective-c -ivfsstatcache /Users/swan/Library/Developer/Xcode/DerivedData/SDKStatCaches.noindex/iphonesimulator26.4-23E237-686eebb5dc1d8ecb277353a59184f4aa.sdkstatcache -target arm64-apple-ios12.0-simulator -fmessage-length\=0 -fdiagnostics-show-note-include-stack -fmacro-backtrace-limit\=0 -fno-color-diagnostics -fmodules-prune-interval\=86400 -fmodules-prune-after\=345600 -fbuild-session-file\=/Users/swan/Library/Developer/Xcode/DerivedData/ModuleCache.noindex/Session.modulevalidation -fmodules-validate-once-per-build-session -Wnon-modular-include-in-framework-module -Werror\=non-modular-include-in-framework-module -Wno-trigraphs -Wno-missing-field-initializers -Wno-missing-prototypes -Werror\=return-type -Wdocumentation -Wunreachable-code -Wno-implicit-atomic-properties -Werror\=deprecated-objc-isa-usage -Wno-objc-interface-ivars -Werror\=objc-root-class -Wno-arc-repeated-use-of-weak -Wimplicit-retain-self -Wduplicate-method-match -Wno-missing-braces -Wparentheses -Wswitch -Wunused-function -Wno-unused-label -Wno-unused-parameter -Wunused-variable -Wunused-value -Wempty-body -Wuninitialized -Wconditional-uninitialized -Wno-unknown-pragmas -Wno-shadow -Wno-four-char-constants -Wno-conversion -Wconstant-conversion -Wint-conversion -Wbool-conversion -Wenum-conversion -Wno-float-conversion -Wnon-literal-null-conversion -Wobjc-literal-conversion -Wshorten-64-to-32 -Wpointer-sign -Wno-newline-eof -Wno-selector -Wno-strict-selector-match -Wundeclared-selector -Wdeprecated-implementations -Wno-implicit-fallthrough -isysroot /Applications/Xcode.app/Contents/Developer/Platforms/iPhoneSimulator.platform/Developer/SDKs/iPhoneSimulator26.4.sdk -fstrict-aliasing -Wprotocol -Wdeprecated-declarations -Wno-sign-conversion -Winfinite-recursion -Wcomma -Wblock-capture-autoreleasing -Wstrict-prototypes -Wno-semicolon-before-method-body -Wunguarded-availability -index-store-path /Users/swan/Library/Developer/Xcode/DerivedData/vantiq-ui-ios-gueetvuzmuxrbegsztzkuatnhugx/Index.noindex/DataStore @/Users/swan/Development/vantiq-ui-ios/Example/build/Pods.build/Debug-iphonesimulator/AppAuth.build/Objects-normal/arm64/e6072d4f65d7061329687fe24e3d63a7-common-args.resp -include /Users/swan/Development/vantiq-ui-ios/Example/Pods/Target\ Support\ Files/AppAuth/AppAuth-prefix.pch -MMD -MT dependencies -MF /Users/swan/Development/vantiq-ui-ios/Example/build/Pods.build/Debug-iphonesimulator/AppAuth.build/Objects-normal/arm64/OIDFieldMapping.d --serialize-diagnostics /Users/swan/Development/vantiq-ui-ios/Example/build/Pods.build/Debug-iphonesimulator/AppAuth.build/Objects-normal/arm64/OIDFieldMapping.dia -c /Users/swan/Development/vantiq-ui-ios/Example/Pods/AppAuth/Sources/AppAuthCore/OIDFieldMapping.m -o /Users/swan/Development/vantiq-ui-ios/Example/build/Pods.build/Debug-iphonesimulator/AppAuth.build/Objects-normal/arm64/OIDFieldMapping.o -index-unit-output-path /Pods.build/Debug-iphonesimulator/AppAuth.build/Objects-normal/arm64/OIDFieldMapping.o

PrecompileModule /Users/swan/Development/vantiq-ui-ios/Example/build/ExplicitPrecompiledModules/SafariServices-EGQCOG79Q5W1X7MWRWDBNTQQ7.scan
    cd /
    builtin-precompileModule /Users/swan/Development/vantiq-ui-ios/Example/build/ExplicitPrecompiledModules/SafariServices-EGQCOG79Q5W1X7MWRWDBNTQQ7.scan

CompileC /Users/swan/Development/vantiq-ui-ios/Example/build/Pods.build/Debug-iphonesimulator/AppAuth.build/Objects-normal/arm64/OIDError.o /Users/swan/Development/vantiq-ui-ios/Example/Pods/AppAuth/Sources/AppAuthCore/OIDError.m normal arm64 objective-c com.apple.compilers.llvm.clang.1_0.compiler (in target 'AppAuth' from project 'Pods')
    cd /Users/swan/Development/vantiq-ui-ios/Example/Pods
    
    Using response file: /Users/swan/Development/vantiq-ui-ios/Example/build/Pods.build/Debug-iphonesimulator/AppAuth.build/Objects-normal/arm64/e6072d4f65d7061329687fe24e3d63a7-common-args.resp
    
    /Applications/Xcode.app/Contents/Developer/Toolchains/XcodeDefault.xctoolchain/usr/bin/clang -x objective-c -ivfsstatcache /Users/swan/Library/Developer/Xcode/DerivedData/SDKStatCaches.noindex/iphonesimulator26.4-23E237-686eebb5dc1d8ecb277353a59184f4aa.sdkstatcache -target arm64-apple-ios12.0-simulator -fmessage-length\=0 -fdiagnostics-show-note-include-stack -fmacro-backtrace-limit\=0 -fno-color-diagnostics -fmodules-prune-interval\=86400 -fmodules-prune-after\=345600 -fbuild-session-file\=/Users/swan/Library/Developer/Xcode/DerivedData/ModuleCache.noindex/Session.modulevalidation -fmodules-validate-once-per-build-session -Wnon-modular-include-in-framework-module -Werror\=non-modular-include-in-framework-module -Wno-trigraphs -Wno-missing-field-initializers -Wno-missing-prototypes -Werror\=return-type -Wdocumentation -Wunreachable-code -Wno-implicit-atomic-properties -Werror\=deprecated-objc-isa-usage -Wno-objc-interface-ivars -Werror\=objc-root-class -Wno-arc-repeated-use-of-weak -Wimplicit-retain-self -Wduplicate-method-match -Wno-missing-braces -Wparentheses -Wswitch -Wunused-function -Wno-unused-label -Wno-unused-parameter -Wunused-variable -Wunused-value -Wempty-body -Wuninitialized -Wconditional-uninitialized -Wno-unknown-pragmas -Wno-shadow -Wno-four-char-constants -Wno-conversion -Wconstant-conversion -Wint-conversion -Wbool-conversion -Wenum-conversion -Wno-float-conversion -Wnon-literal-null-conversion -Wobjc-literal-conversion -Wshorten-64-to-32 -Wpointer-sign -Wno-newline-eof -Wno-selector -Wno-strict-selector-match -Wundeclared-selector -Wdeprecated-implementations -Wno-implicit-fallthrough -isysroot /Applications/Xcode.app/Contents/Developer/Platforms/iPhoneSimulator.platform/Developer/SDKs/iPhoneSimulator26.4.sdk -fstrict-aliasing -Wprotocol -Wdeprecated-declarations -Wno-sign-conversion -Winfinite-recursion -Wcomma -Wblock-capture-autoreleasing -Wstrict-prototypes -Wno-semicolon-before-method-body -Wunguarded-availability -index-store-path /Users/swan/Library/Developer/Xcode/DerivedData/vantiq-ui-ios-gueetvuzmuxrbegsztzkuatnhugx/Index.noindex/DataStore @/Users/swan/Development/vantiq-ui-ios/Example/build/Pods.build/Debug-iphonesimulator/AppAuth.build/Objects-normal/arm64/e6072d4f65d7061329687fe24e3d63a7-common-args.resp -include /Users/swan/Development/vantiq-ui-ios/Example/Pods/Target\ Support\ Files/AppAuth/AppAuth-prefix.pch -MMD -MT dependencies -MF /Users/swan/Development/vantiq-ui-ios/Example/build/Pods.build/Debug-iphonesimulator/AppAuth.build/Objects-normal/arm64/OIDError.d --serialize-diagnostics /Users/swan/Development/vantiq-ui-ios/Example/build/Pods.build/Debug-iphonesimulator/AppAuth.build/Objects-normal/arm64/OIDError.dia -c /Users/swan/Development/vantiq-ui-ios/Example/Pods/AppAuth/Sources/AppAuthCore/OIDError.m -o /Users/swan/Development/vantiq-ui-ios/Example/build/Pods.build/Debug-iphonesimulator/AppAuth.build/Objects-normal/arm64/OIDError.o -index-unit-output-path /Pods.build/Debug-iphonesimulator/AppAuth.build/Objects-normal/arm64/OIDError.o

CompileC /Users/swan/Development/vantiq-ui-ios/Example/build/Pods.build/Debug-iphonesimulator/AppAuth.build/Objects-normal/arm64/OIDErrorUtilities.o /Users/swan/Development/vantiq-ui-ios/Example/Pods/AppAuth/Sources/AppAuthCore/OIDErrorUtilities.m normal arm64 objective-c com.apple.compilers.llvm.clang.1_0.compiler (in target 'AppAuth' from project 'Pods')
    cd /Users/swan/Development/vantiq-ui-ios/Example/Pods
    
    Using response file: /Users/swan/Development/vantiq-ui-ios/Example/build/Pods.build/Debug-iphonesimulator/AppAuth.build/Objects-normal/arm64/e6072d4f65d7061329687fe24e3d63a7-common-args.resp
    
    /Applications/Xcode.app/Contents/Developer/Toolchains/XcodeDefault.xctoolchain/usr/bin/clang -x objective-c -ivfsstatcache /Users/swan/Library/Developer/Xcode/DerivedData/SDKStatCaches.noindex/iphonesimulator26.4-23E237-686eebb5dc1d8ecb277353a59184f4aa.sdkstatcache -target arm64-apple-ios12.0-simulator -fmessage-length\=0 -fdiagnostics-show-note-include-stack -fmacro-backtrace-limit\=0 -fno-color-diagnostics -fmodules-prune-interval\=86400 -fmodules-prune-after\=345600 -fbuild-session-file\=/Users/swan/Library/Developer/Xcode/DerivedData/ModuleCache.noindex/Session.modulevalidation -fmodules-validate-once-per-build-session -Wnon-modular-include-in-framework-module -Werror\=non-modular-include-in-framework-module -Wno-trigraphs -Wno-missing-field-initializers -Wno-missing-prototypes -Werror\=return-type -Wdocumentation -Wunreachable-code -Wno-implicit-atomic-properties -Werror\=deprecated-objc-isa-usage -Wno-objc-interface-ivars -Werror\=objc-root-class -Wno-arc-repeated-use-of-weak -Wimplicit-retain-self -Wduplicate-method-match -Wno-missing-braces -Wparentheses -Wswitch -Wunused-function -Wno-unused-label -Wno-unused-parameter -Wunused-variable -Wunused-value -Wempty-body -Wuninitialized -Wconditional-uninitialized -Wno-unknown-pragmas -Wno-shadow -Wno-four-char-constants -Wno-conversion -Wconstant-conversion -Wint-conversion -Wbool-conversion -Wenum-conversion -Wno-float-conversion -Wnon-literal-null-conversion -Wobjc-literal-conversion -Wshorten-64-to-32 -Wpointer-sign -Wno-newline-eof -Wno-selector -Wno-strict-selector-match -Wundeclared-selector -Wdeprecated-implementations -Wno-implicit-fallthrough -isysroot /Applications/Xcode.app/Contents/Developer/Platforms/iPhoneSimulator.platform/Developer/SDKs/iPhoneSimulator26.4.sdk -fstrict-aliasing -Wprotocol -Wdeprecated-declarations -Wno-sign-conversion -Winfinite-recursion -Wcomma -Wblock-capture-autoreleasing -Wstrict-prototypes -Wno-semicolon-before-method-body -Wunguarded-availability -index-store-path /Users/swan/Library/Developer/Xcode/DerivedData/vantiq-ui-ios-gueetvuzmuxrbegsztzkuatnhugx/Index.noindex/DataStore @/Users/swan/Development/vantiq-ui-ios/Example/build/Pods.build/Debug-iphonesimulator/AppAuth.build/Objects-normal/arm64/e6072d4f65d7061329687fe24e3d63a7-common-args.resp -include /Users/swan/Development/vantiq-ui-ios/Example/Pods/Target\ Support\ Files/AppAuth/AppAuth-prefix.pch -MMD -MT dependencies -MF /Users/swan/Development/vantiq-ui-ios/Example/build/Pods.build/Debug-iphonesimulator/AppAuth.build/Objects-normal/arm64/OIDErrorUtilities.d --serialize-diagnostics /Users/swan/Development/vantiq-ui-ios/Example/build/Pods.build/Debug-iphonesimulator/AppAuth.build/Objects-normal/arm64/OIDErrorUtilities.dia -c /Users/swan/Development/vantiq-ui-ios/Example/Pods/AppAuth/Sources/AppAuthCore/OIDErrorUtilities.m -o /Users/swan/Development/vantiq-ui-ios/Example/build/Pods.build/Debug-iphonesimulator/AppAuth.build/Objects-normal/arm64/OIDErrorUtilities.o -index-unit-output-path /Pods.build/Debug-iphonesimulator/AppAuth.build/Objects-normal/arm64/OIDErrorUtilities.o

CompileC /Users/swan/Development/vantiq-ui-ios/Example/build/Pods.build/Debug-iphonesimulator/AppAuth.build/Objects-normal/arm64/OIDAuthState+IOS.o /Users/swan/Development/vantiq-ui-ios/Example/Pods/AppAuth/Sources/AppAuth/iOS/OIDAuthState+IOS.m normal arm64 objective-c com.apple.compilers.llvm.clang.1_0.compiler (in target 'AppAuth' from project 'Pods')
    cd /Users/swan/Development/vantiq-ui-ios/Example/Pods
    
    Using response file: /Users/swan/Development/vantiq-ui-ios/Example/build/Pods.build/Debug-iphonesimulator/AppAuth.build/Objects-normal/arm64/e6072d4f65d7061329687fe24e3d63a7-common-args.resp
    
    /Applications/Xcode.app/Contents/Developer/Toolchains/XcodeDefault.xctoolchain/usr/bin/clang -x objective-c -ivfsstatcache /Users/swan/Library/Developer/Xcode/DerivedData/SDKStatCaches.noindex/iphonesimulator26.4-23E237-686eebb5dc1d8ecb277353a59184f4aa.sdkstatcache -target arm64-apple-ios12.0-simulator -fmessage-length\=0 -fdiagnostics-show-note-include-stack -fmacro-backtrace-limit\=0 -fno-color-diagnostics -fmodules-prune-interval\=86400 -fmodules-prune-after\=345600 -fbuild-session-file\=/Users/swan/Library/Developer/Xcode/DerivedData/ModuleCache.noindex/Session.modulevalidation -fmodules-validate-once-per-build-session -Wnon-modular-include-in-framework-module -Werror\=non-modular-include-in-framework-module -Wno-trigraphs -Wno-missing-field-initializers -Wno-missing-prototypes -Werror\=return-type -Wdocumentation -Wunreachable-code -Wno-implicit-atomic-properties -Werror\=deprecated-objc-isa-usage -Wno-objc-interface-ivars -Werror\=objc-root-class -Wno-arc-repeated-use-of-weak -Wimplicit-retain-self -Wduplicate-method-match -Wno-missing-braces -Wparentheses -Wswitch -Wunused-function -Wno-unused-label -Wno-unused-parameter -Wunused-variable -Wunused-value -Wempty-body -Wuninitialized -Wconditional-uninitialized -Wno-unknown-pragmas -Wno-shadow -Wno-four-char-constants -Wno-conversion -Wconstant-conversion -Wint-conversion -Wbool-conversion -Wenum-conversion -Wno-float-conversion -Wnon-literal-null-conversion -Wobjc-literal-conversion -Wshorten-64-to-32 -Wpointer-sign -Wno-newline-eof -Wno-selector -Wno-strict-selector-match -Wundeclared-selector -Wdeprecated-implementations -Wno-implicit-fallthrough -isysroot /Applications/Xcode.app/Contents/Developer/Platforms/iPhoneSimulator.platform/Developer/SDKs/iPhoneSimulator26.4.sdk -fstrict-aliasing -Wprotocol -Wdeprecated-declarations -Wno-sign-conversion -Winfinite-recursion -Wcomma -Wblock-capture-autoreleasing -Wstrict-prototypes -Wno-semicolon-before-method-body -Wunguarded-availability -index-store-path /Users/swan/Library/Developer/Xcode/DerivedData/vantiq-ui-ios-gueetvuzmuxrbegsztzkuatnhugx/Index.noindex/DataStore @/Users/swan/Development/vantiq-ui-ios/Example/build/Pods.build/Debug-iphonesimulator/AppAuth.build/Objects-normal/arm64/e6072d4f65d7061329687fe24e3d63a7-common-args.resp -include /Users/swan/Development/vantiq-ui-ios/Example/Pods/Target\ Support\ Files/AppAuth/AppAuth-prefix.pch -MMD -MT dependencies -MF /Users/swan/Development/vantiq-ui-ios/Example/build/Pods.build/Debug-iphonesimulator/AppAuth.build/Objects-normal/arm64/OIDAuthState+IOS.d --serialize-diagnostics /Users/swan/Development/vantiq-ui-ios/Example/build/Pods.build/Debug-iphonesimulator/AppAuth.build/Objects-normal/arm64/OIDAuthState+IOS.dia -c /Users/swan/Development/vantiq-ui-ios/Example/Pods/AppAuth/Sources/AppAuth/iOS/OIDAuthState+IOS.m -o /Users/swan/Development/vantiq-ui-ios/Example/build/Pods.build/Debug-iphonesimulator/AppAuth.build/Objects-normal/arm64/OIDAuthState+IOS.o -index-unit-output-path /Pods.build/Debug-iphonesimulator/AppAuth.build/Objects-normal/arm64/OIDAuthState+IOS.o

CompileC /Users/swan/Development/vantiq-ui-ios/Example/build/Pods.build/Debug-iphonesimulator/JWT.build/Objects-normal/arm64/JWTAlgorithmDataHolder.o /Users/swan/Development/vantiq-ui-ios/Example/Pods/JWT/Classes/Algorithms/Holders/JWTAlgorithmDataHolder.m normal arm64 objective-c com.apple.compilers.llvm.clang.1_0.compiler (in target 'JWT' from project 'Pods')
    cd /Users/swan/Development/vantiq-ui-ios/Example/Pods
    
    Using response file: /Users/swan/Development/vantiq-ui-ios/Example/build/Pods.build/Debug-iphonesimulator/JWT.build/Objects-normal/arm64/e6072d4f65d7061329687fe24e3d63a7-common-args.resp
    
    /Applications/Xcode.app/Contents/Developer/Toolchains/XcodeDefault.xctoolchain/usr/bin/clang -x objective-c -ivfsstatcache /Users/swan/Library/Developer/Xcode/DerivedData/SDKStatCaches.noindex/iphonesimulator26.4-23E237-686eebb5dc1d8ecb277353a59184f4aa.sdkstatcache -target arm64-apple-ios12.0-simulator -fmessage-length\=0 -fdiagnostics-show-note-include-stack -fmacro-backtrace-limit\=0 -fno-color-diagnostics -fmodules-prune-interval\=86400 -fmodules-prune-after\=345600 -fbuild-session-file\=/Users/swan/Library/Developer/Xcode/DerivedData/ModuleCache.noindex/Session.modulevalidation -fmodules-validate-once-per-build-session -Wnon-modular-include-in-framework-module -Werror\=non-modular-include-in-framework-module -Wno-trigraphs -Wno-missing-field-initializers -Wno-missing-prototypes -Werror\=return-type -Wdocumentation -Wunreachable-code -Wno-implicit-atomic-properties -Werror\=deprecated-objc-isa-usage -Wno-objc-interface-ivars -Werror\=objc-root-class -Wno-arc-repeated-use-of-weak -Wimplicit-retain-self -Wduplicate-method-match -Wno-missing-braces -Wparentheses -Wswitch -Wunused-function -Wno-unused-label -Wno-unused-parameter -Wunused-variable -Wunused-value -Wempty-body -Wuninitialized -Wconditional-uninitialized -Wno-unknown-pragmas -Wno-shadow -Wno-four-char-constants -Wno-conversion -Wconstant-conversion -Wint-conversion -Wbool-conversion -Wenum-conversion -Wno-float-conversion -Wnon-literal-null-conversion -Wobjc-literal-conversion -Wshorten-64-to-32 -Wpointer-sign -Wno-newline-eof -Wno-selector -Wno-strict-selector-match -Wundeclared-selector -Wdeprecated-implementations -Wno-implicit-fallthrough -isysroot /Applications/Xcode.app/Contents/Developer/Platforms/iPhoneSimulator.platform/Developer/SDKs/iPhoneSimulator26.4.sdk -fstrict-aliasing -Wprotocol -Wdeprecated-declarations -Wno-sign-conversion -Winfinite-recursion -Wcomma -Wblock-capture-autoreleasing -Wstrict-prototypes -Wno-semicolon-before-method-body -Wunguarded-availability -index-store-path /Users/swan/Library/Developer/Xcode/DerivedData/vantiq-ui-ios-gueetvuzmuxrbegsztzkuatnhugx/Index.noindex/DataStore @/Users/swan/Development/vantiq-ui-ios/Example/build/Pods.build/Debug-iphonesimulator/JWT.build/Objects-normal/arm64/e6072d4f65d7061329687fe24e3d63a7-common-args.resp -include /Users/swan/Development/vantiq-ui-ios/Example/Pods/Target\ Support\ Files/JWT/JWT-prefix.pch -MMD -MT dependencies -MF /Users/swan/Development/vantiq-ui-ios/Example/build/Pods.build/Debug-iphonesimulator/JWT.build/Objects-normal/arm64/JWTAlgorithmDataHolder.d --serialize-diagnostics /Users/swan/Development/vantiq-ui-ios/Example/build/Pods.build/Debug-iphonesimulator/JWT.build/Objects-normal/arm64/JWTAlgorithmDataHolder.dia -c /Users/swan/Development/vantiq-ui-ios/Example/Pods/JWT/Classes/Algorithms/Holders/JWTAlgorithmDataHolder.m -o /Users/swan/Development/vantiq-ui-ios/Example/build/Pods.build/Debug-iphonesimulator/JWT.build/Objects-normal/arm64/JWTAlgorithmDataHolder.o -index-unit-output-path /Pods.build/Debug-iphonesimulator/JWT.build/Objects-normal/arm64/JWTAlgorithmDataHolder.o
/Users/swan/Development/vantiq-ui-ios/Example/Pods/JWT/Classes/Algorithms/Holders/JWTAlgorithmDataHolder.m:39:17: warning: auto property synthesis will not synthesize property 'currentSecretData' declared in protocol 'JWTAlgorithmDataHolder' [-Wobjc-protocol-property-synthesis]
   39 | @implementation JWTAlgorithmBaseDataHolder
      |                 ^
In file included from /Users/swan/Development/vantiq-ui-ios/Example/Pods/JWT/Classes/Algorithms/Holders/JWTAlgorithmDataHolder.m:9:
/Users/swan/Development/vantiq-ui-ios/Example/Pods/JWT/Classes/Algorithms/Holders/JWTAlgorithmDataHolder.h:20:48: note: property declared here
   20 | @property (copy, nonatomic, readwrite) NSData *currentSecretData;
      |                                                ^
/Users/swan/Development/vantiq-ui-ios/Example/Pods/JWT/Classes/Algorithms/Holders/JWTAlgorithmDataHolder.m:102:1: note: add a '@synthesize' directive
  102 | @end
      | ^
/Users/swan/Development/vantiq-ui-ios/Example/Pods/JWT/Classes/Algorithms/Holders/JWTAlgorithmDataHolder.m:39:17: warning: auto property synthesis will not synthesize property 'currentAlgorithm' declared in protocol 'JWTAlgorithmDataHolder' [-Wobjc-protocol-property-synthesis]
   39 | @implementation JWTAlgorithmBaseDataHolder
      |                 ^
In file included from /Users/swan/Development/vantiq-ui-ios/Example/Pods/JWT/Classes/Algorithms/Holders/JWTAlgorithmDataHolder.m:9:
/Users/swan/Development/vantiq-ui-ios/Example/Pods/JWT/Classes/Algorithms/Holders/JWTAlgorithmDataHolder.h:25:60: note: property declared here
   25 | @property (strong, nonatomic, readwrite) id <JWTAlgorithm> currentAlgorithm;
      |                                                            ^
/Users/swan/Development/vantiq-ui-ios/Example/Pods/JWT/Classes/Algorithms/Holders/JWTAlgorithmDataHolder.m:102:1: note: add a '@synthesize' directive
  102 | @end
      | ^
2 warnings generated.

CompileC /Users/swan/Development/vantiq-ui-ios/Example/build/Pods.build/Debug-iphonesimulator/JWT.build/Objects-normal/arm64/JWT-dummy.o /Users/swan/Development/vantiq-ui-ios/Example/Pods/Target\ Support\ Files/JWT/JWT-dummy.m normal arm64 objective-c com.apple.compilers.llvm.clang.1_0.compiler (in target 'JWT' from project 'Pods')
    cd /Users/swan/Development/vantiq-ui-ios/Example/Pods
    
    Using response file: /Users/swan/Development/vantiq-ui-ios/Example/build/Pods.build/Debug-iphonesimulator/JWT.build/Objects-normal/arm64/e6072d4f65d7061329687fe24e3d63a7-common-args.resp
    
    /Applications/Xcode.app/Contents/Developer/Toolchains/XcodeDefault.xctoolchain/usr/bin/clang -x objective-c -ivfsstatcache /Users/swan/Library/Developer/Xcode/DerivedData/SDKStatCaches.noindex/iphonesimulator26.4-23E237-686eebb5dc1d8ecb277353a59184f4aa.sdkstatcache -target arm64-apple-ios12.0-simulator -fmessage-length\=0 -fdiagnostics-show-note-include-stack -fmacro-backtrace-limit\=0 -fno-color-diagnostics -fmodules-prune-interval\=86400 -fmodules-prune-after\=345600 -fbuild-session-file\=/Users/swan/Library/Developer/Xcode/DerivedData/ModuleCache.noindex/Session.modulevalidation -fmodules-validate-once-per-build-session -Wnon-modular-include-in-framework-module -Werror\=non-modular-include-in-framework-module -Wno-trigraphs -Wno-missing-field-initializers -Wno-missing-prototypes -Werror\=return-type -Wdocumentation -Wunreachable-code -Wno-implicit-atomic-properties -Werror\=deprecated-objc-isa-usage -Wno-objc-interface-ivars -Werror\=objc-root-class -Wno-arc-repeated-use-of-weak -Wimplicit-retain-self -Wduplicate-method-match -Wno-missing-braces -Wparentheses -Wswitch -Wunused-function -Wno-unused-label -Wno-unused-parameter -Wunused-variable -Wunused-value -Wempty-body -Wuninitialized -Wconditional-uninitialized -Wno-unknown-pragmas -Wno-shadow -Wno-four-char-constants -Wno-conversion -Wconstant-conversion -Wint-conversion -Wbool-conversion -Wenum-conversion -Wno-float-conversion -Wnon-literal-null-conversion -Wobjc-literal-conversion -Wshorten-64-to-32 -Wpointer-sign -Wno-newline-eof -Wno-selector -Wno-strict-selector-match -Wundeclared-selector -Wdeprecated-implementations -Wno-implicit-fallthrough -isysroot /Applications/Xcode.app/Contents/Developer/Platforms/iPhoneSimulator.platform/Developer/SDKs/iPhoneSimulator26.4.sdk -fstrict-aliasing -Wprotocol -Wdeprecated-declarations -Wno-sign-conversion -Winfinite-recursion -Wcomma -Wblock-capture-autoreleasing -Wstrict-prototypes -Wno-semicolon-before-method-body -Wunguarded-availability -index-store-path /Users/swan/Library/Developer/Xcode/DerivedData/vantiq-ui-ios-gueetvuzmuxrbegsztzkuatnhugx/Index.noindex/DataStore @/Users/swan/Development/vantiq-ui-ios/Example/build/Pods.build/Debug-iphonesimulator/JWT.build/Objects-normal/arm64/e6072d4f65d7061329687fe24e3d63a7-common-args.resp -include /Users/swan/Development/vantiq-ui-ios/Example/Pods/Target\ Support\ Files/JWT/JWT-prefix.pch -MMD -MT dependencies -MF /Users/swan/Development/vantiq-ui-ios/Example/build/Pods.build/Debug-iphonesimulator/JWT.build/Objects-normal/arm64/JWT-dummy.d --serialize-diagnostics /Users/swan/Development/vantiq-ui-ios/Example/build/Pods.build/Debug-iphonesimulator/JWT.build/Objects-normal/arm64/JWT-dummy.dia -c /Users/swan/Development/vantiq-ui-ios/Example/Pods/Target\ Support\ Files/JWT/JWT-dummy.m -o /Users/swan/Development/vantiq-ui-ios/Example/build/Pods.build/Debug-iphonesimulator/JWT.build/Objects-normal/arm64/JWT-dummy.o -index-unit-output-path /Pods.build/Debug-iphonesimulator/JWT.build/Objects-normal/arm64/JWT-dummy.o

CompileC /Users/swan/Development/vantiq-ui-ios/Example/build/Pods.build/Debug-iphonesimulator/Base64.build/Objects-normal/arm64/Base64-dummy.o /Users/swan/Development/vantiq-ui-ios/Example/Pods/Target\ Support\ Files/Base64/Base64-dummy.m normal arm64 objective-c com.apple.compilers.llvm.clang.1_0.compiler (in target 'Base64' from project 'Pods')
    cd /Users/swan/Development/vantiq-ui-ios/Example/Pods
    
    Using response file: /Users/swan/Development/vantiq-ui-ios/Example/build/Pods.build/Debug-iphonesimulator/Base64.build/Objects-normal/arm64/e6072d4f65d7061329687fe24e3d63a7-common-args.resp
    
    /Applications/Xcode.app/Contents/Developer/Toolchains/XcodeDefault.xctoolchain/usr/bin/clang -x objective-c -ivfsstatcache /Users/swan/Library/Developer/Xcode/DerivedData/SDKStatCaches.noindex/iphonesimulator26.4-23E237-686eebb5dc1d8ecb277353a59184f4aa.sdkstatcache -target arm64-apple-ios12.0-simulator -fmessage-length\=0 -fdiagnostics-show-note-include-stack -fmacro-backtrace-limit\=0 -fno-color-diagnostics -fmodules-prune-interval\=86400 -fmodules-prune-after\=345600 -fbuild-session-file\=/Users/swan/Library/Developer/Xcode/DerivedData/ModuleCache.noindex/Session.modulevalidation -fmodules-validate-once-per-build-session -Wnon-modular-include-in-framework-module -Werror\=non-modular-include-in-framework-module -Wno-trigraphs -Wno-missing-field-initializers -Wno-missing-prototypes -Werror\=return-type -Wdocumentation -Wunreachable-code -Wno-implicit-atomic-properties -Werror\=deprecated-objc-isa-usage -Wno-objc-interface-ivars -Werror\=objc-root-class -Wno-arc-repeated-use-of-weak -Wimplicit-retain-self -Wduplicate-method-match -Wno-missing-braces -Wparentheses -Wswitch -Wunused-function -Wno-unused-label -Wno-unused-parameter -Wunused-variable -Wunused-value -Wempty-body -Wuninitialized -Wconditional-uninitialized -Wno-unknown-pragmas -Wno-shadow -Wno-four-char-constants -Wno-conversion -Wconstant-conversion -Wint-conversion -Wbool-conversion -Wenum-conversion -Wno-float-conversion -Wnon-literal-null-conversion -Wobjc-literal-conversion -Wshorten-64-to-32 -Wpointer-sign -Wno-newline-eof -Wno-selector -Wno-strict-selector-match -Wundeclared-selector -Wdeprecated-implementations -Wno-implicit-fallthrough -isysroot /Applications/Xcode.app/Contents/Developer/Platforms/iPhoneSimulator.platform/Developer/SDKs/iPhoneSimulator26.4.sdk -fstrict-aliasing -Wprotocol -Wdeprecated-declarations -Wno-sign-conversion -Winfinite-recursion -Wcomma -Wblock-capture-autoreleasing -Wstrict-prototypes -Wno-semicolon-before-method-body -Wunguarded-availability -index-store-path /Users/swan/Library/Developer/Xcode/DerivedData/vantiq-ui-ios-gueetvuzmuxrbegsztzkuatnhugx/Index.noindex/DataStore @/Users/swan/Development/vantiq-ui-ios/Example/build/Pods.build/Debug-iphonesimulator/Base64.build/Objects-normal/arm64/e6072d4f65d7061329687fe24e3d63a7-common-args.resp -include /Users/swan/Development/vantiq-ui-ios/Example/Pods/Target\ Support\ Files/Base64/Base64-prefix.pch -MMD -MT dependencies -MF /Users/swan/Development/vantiq-ui-ios/Example/build/Pods.build/Debug-iphonesimulator/Base64.build/Objects-normal/arm64/Base64-dummy.d --serialize-diagnostics /Users/swan/Development/vantiq-ui-ios/Example/build/Pods.build/Debug-iphonesimulator/Base64.build/Objects-normal/arm64/Base64-dummy.dia -c /Users/swan/Development/vantiq-ui-ios/Example/Pods/Target\ Support\ Files/Base64/Base64-dummy.m -o /Users/swan/Development/vantiq-ui-ios/Example/build/Pods.build/Debug-iphonesimulator/Base64.build/Objects-normal/arm64/Base64-dummy.o -index-unit-output-path /Pods.build/Debug-iphonesimulator/Base64.build/Objects-normal/arm64/Base64-dummy.o

CompileC /Users/swan/Development/vantiq-ui-ios/Example/build/Pods.build/Debug-iphonesimulator/vantiq-ui-ios.build/Objects-normal/arm64/vantiq-ui-ios-dummy.o /Users/swan/Development/vantiq-ui-ios/Example/Pods/Target\ Support\ Files/vantiq-ui-ios/vantiq-ui-ios-dummy.m normal arm64 objective-c com.apple.compilers.llvm.clang.1_0.compiler (in target 'vantiq-ui-ios' from project 'Pods')
    cd /Users/swan/Development/vantiq-ui-ios/Example/Pods
    
    Using response file: /Users/swan/Development/vantiq-ui-ios/Example/build/Pods.build/Debug-iphonesimulator/vantiq-ui-ios.build/Objects-normal/arm64/e6072d4f65d7061329687fe24e3d63a7-common-args.resp
    
    /Applications/Xcode.app/Contents/Developer/Toolchains/XcodeDefault.xctoolchain/usr/bin/clang -x objective-c -ivfsstatcache /Users/swan/Library/Developer/Xcode/DerivedData/SDKStatCaches.noindex/iphonesimulator26.4-23E237-686eebb5dc1d8ecb277353a59184f4aa.sdkstatcache -target arm64-apple-ios12.0-simulator -fmessage-length\=0 -fdiagnostics-show-note-include-stack -fmacro-backtrace-limit\=0 -fno-color-diagnostics -fmodules-prune-interval\=86400 -fmodules-prune-after\=345600 -fbuild-session-file\=/Users/swan/Library/Developer/Xcode/DerivedData/ModuleCache.noindex/Session.modulevalidation -fmodules-validate-once-per-build-session -Wnon-modular-include-in-framework-module -Werror\=non-modular-include-in-framework-module -Wno-trigraphs -Wno-missing-field-initializers -Wno-missing-prototypes -Werror\=return-type -Wdocumentation -Wunreachable-code -Wno-implicit-atomic-properties -Werror\=deprecated-objc-isa-usage -Wno-objc-interface-ivars -Werror\=objc-root-class -Wno-arc-repeated-use-of-weak -Wimplicit-retain-self -Wduplicate-method-match -Wno-missing-braces -Wparentheses -Wswitch -Wunused-function -Wno-unused-label -Wno-unused-parameter -Wunused-variable -Wunused-value -Wempty-body -Wuninitialized -Wconditional-uninitialized -Wno-unknown-pragmas -Wno-shadow -Wno-four-char-constants -Wno-conversion -Wconstant-conversion -Wint-conversion -Wbool-conversion -Wenum-conversion -Wno-float-conversion -Wnon-literal-null-conversion -Wobjc-literal-conversion -Wshorten-64-to-32 -Wpointer-sign -Wno-newline-eof -Wno-selector -Wno-strict-selector-match -Wundeclared-selector -Wdeprecated-implementations -Wno-implicit-fallthrough -isysroot /Applications/Xcode.app/Contents/Developer/Platforms/iPhoneSimulator.platform/Developer/SDKs/iPhoneSimulator26.4.sdk -fstrict-aliasing -Wprotocol -Wdeprecated-declarations -Wno-sign-conversion -Winfinite-recursion -Wcomma -Wblock-capture-autoreleasing -Wstrict-prototypes -Wno-semicolon-before-method-body -Wunguarded-availability -index-store-path /Users/swan/Library/Developer/Xcode/DerivedData/vantiq-ui-ios-gueetvuzmuxrbegsztzkuatnhugx/Index.noindex/DataStore @/Users/swan/Development/vantiq-ui-ios/Example/build/Pods.build/Debug-iphonesimulator/vantiq-ui-ios.build/Objects-normal/arm64/e6072d4f65d7061329687fe24e3d63a7-common-args.resp -include /Users/swan/Development/vantiq-ui-ios/Example/Pods/Target\ Support\ Files/vantiq-ui-ios/vantiq-ui-ios-prefix.pch -MMD -MT dependencies -MF /Users/swan/Development/vantiq-ui-ios/Example/build/Pods.build/Debug-iphonesimulator/vantiq-ui-ios.build/Objects-normal/arm64/vantiq-ui-ios-dummy.d --serialize-diagnostics /Users/swan/Development/vantiq-ui-ios/Example/build/Pods.build/Debug-iphonesimulator/vantiq-ui-ios.build/Objects-normal/arm64/vantiq-ui-ios-dummy.dia -c /Users/swan/Development/vantiq-ui-ios/Example/Pods/Target\ Support\ Files/vantiq-ui-ios/vantiq-ui-ios-dummy.m -o /Users/swan/Development/vantiq-ui-ios/Example/build/Pods.build/Debug-iphonesimulator/vantiq-ui-ios.build/Objects-normal/arm64/vantiq-ui-ios-dummy.o -index-unit-output-path /Pods.build/Debug-iphonesimulator/vantiq-ui-ios.build/Objects-normal/arm64/vantiq-ui-ios-dummy.o

CompileC /Users/swan/Development/vantiq-ui-ios/Example/build/Pods.build/Debug-iphonesimulator/vantiq-ui-ios.build/Objects-normal/arm64/LocationUtilities.o /Users/swan/Development/vantiq-ui-ios/vantiq-ui-ios/Classes/LocationUtilities.m normal arm64 objective-c com.apple.compilers.llvm.clang.1_0.compiler (in target 'vantiq-ui-ios' from project 'Pods')
    cd /Users/swan/Development/vantiq-ui-ios/Example/Pods
    
    Using response file: /Users/swan/Development/vantiq-ui-ios/Example/build/Pods.build/Debug-iphonesimulator/vantiq-ui-ios.build/Objects-normal/arm64/e6072d4f65d7061329687fe24e3d63a7-common-args.resp
    
    /Applications/Xcode.app/Contents/Developer/Toolchains/XcodeDefault.xctoolchain/usr/bin/clang -x objective-c -ivfsstatcache /Users/swan/Library/Developer/Xcode/DerivedData/SDKStatCaches.noindex/iphonesimulator26.4-23E237-686eebb5dc1d8ecb277353a59184f4aa.sdkstatcache -target arm64-apple-ios12.0-simulator -fmessage-length\=0 -fdiagnostics-show-note-include-stack -fmacro-backtrace-limit\=0 -fno-color-diagnostics -fmodules-prune-interval\=86400 -fmodules-prune-after\=345600 -fbuild-session-file\=/Users/swan/Library/Developer/Xcode/DerivedData/ModuleCache.noindex/Session.modulevalidation -fmodules-validate-once-per-build-session -Wnon-modular-include-in-framework-module -Werror\=non-modular-include-in-framework-module -Wno-trigraphs -Wno-missing-field-initializers -Wno-missing-prototypes -Werror\=return-type -Wdocumentation -Wunreachable-code -Wno-implicit-atomic-properties -Werror\=deprecated-objc-isa-usage -Wno-objc-interface-ivars -Werror\=objc-root-class -Wno-arc-repeated-use-of-weak -Wimplicit-retain-self -Wduplicate-method-match -Wno-missing-braces -Wparentheses -Wswitch -Wunused-function -Wno-unused-label -Wno-unused-parameter -Wunused-variable -Wunused-value -Wempty-body -Wuninitialized -Wconditional-uninitialized -Wno-unknown-pragmas -Wno-shadow -Wno-four-char-constants -Wno-conversion -Wconstant-conversion -Wint-conversion -Wbool-conversion -Wenum-conversion -Wno-float-conversion -Wnon-literal-null-conversion -Wobjc-literal-conversion -Wshorten-64-to-32 -Wpointer-sign -Wno-newline-eof -Wno-selector -Wno-strict-selector-match -Wundeclared-selector -Wdeprecated-implementations -Wno-implicit-fallthrough -isysroot /Applications/Xcode.app/Contents/Developer/Platforms/iPhoneSimulator.platform/Developer/SDKs/iPhoneSimulator26.4.sdk -fstrict-aliasing -Wprotocol -Wdeprecated-declarations -Wno-sign-conversion -Winfinite-recursion -Wcomma -Wblock-capture-autoreleasing -Wstrict-prototypes -Wno-semicolon-before-method-body -Wunguarded-availability -index-store-path /Users/swan/Library/Developer/Xcode/DerivedData/vantiq-ui-ios-gueetvuzmuxrbegsztzkuatnhugx/Index.noindex/DataStore @/Users/swan/Development/vantiq-ui-ios/Example/build/Pods.build/Debug-iphonesimulator/vantiq-ui-ios.build/Objects-normal/arm64/e6072d4f65d7061329687fe24e3d63a7-common-args.resp -include /Users/swan/Development/vantiq-ui-ios/Example/Pods/Target\ Support\ Files/vantiq-ui-ios/vantiq-ui-ios-prefix.pch -MMD -MT dependencies -MF /Users/swan/Development/vantiq-ui-ios/Example/build/Pods.build/Debug-iphonesimulator/vantiq-ui-ios.build/Objects-normal/arm64/LocationUtilities.d --serialize-diagnostics /Users/swan/Development/vantiq-ui-ios/Example/build/Pods.build/Debug-iphonesimulator/vantiq-ui-ios.build/Objects-normal/arm64/LocationUtilities.dia -c /Users/swan/Development/vantiq-ui-ios/vantiq-ui-ios/Classes/LocationUtilities.m -o /Users/swan/Development/vantiq-ui-ios/Example/build/Pods.build/Debug-iphonesimulator/vantiq-ui-ios.build/Objects-normal/arm64/LocationUtilities.o -index-unit-output-path /Pods.build/Debug-iphonesimulator/vantiq-ui-ios.build/Objects-normal/arm64/LocationUtilities.o

CompileC /Users/swan/Development/vantiq-ui-ios/Example/build/Pods.build/Debug-iphonesimulator/vantiq-ui-ios.build/Objects-normal/arm64/LastActive.o /Users/swan/Development/vantiq-ui-ios/vantiq-ui-ios/Classes/LastActive.m normal arm64 objective-c com.apple.compilers.llvm.clang.1_0.compiler (in target 'vantiq-ui-ios' from project 'Pods')
    cd /Users/swan/Development/vantiq-ui-ios/Example/Pods
    
    Using response file: /Users/swan/Development/vantiq-ui-ios/Example/build/Pods.build/Debug-iphonesimulator/vantiq-ui-ios.build/Objects-normal/arm64/e6072d4f65d7061329687fe24e3d63a7-common-args.resp
    
    /Applications/Xcode.app/Contents/Developer/Toolchains/XcodeDefault.xctoolchain/usr/bin/clang -x objective-c -ivfsstatcache /Users/swan/Library/Developer/Xcode/DerivedData/SDKStatCaches.noindex/iphonesimulator26.4-23E237-686eebb5dc1d8ecb277353a59184f4aa.sdkstatcache -target arm64-apple-ios12.0-simulator -fmessage-length\=0 -fdiagnostics-show-note-include-stack -fmacro-backtrace-limit\=0 -fno-color-diagnostics -fmodules-prune-interval\=86400 -fmodules-prune-after\=345600 -fbuild-session-file\=/Users/swan/Library/Developer/Xcode/DerivedData/ModuleCache.noindex/Session.modulevalidation -fmodules-validate-once-per-build-session -Wnon-modular-include-in-framework-module -Werror\=non-modular-include-in-framework-module -Wno-trigraphs -Wno-missing-field-initializers -Wno-missing-prototypes -Werror\=return-type -Wdocumentation -Wunreachable-code -Wno-implicit-atomic-properties -Werror\=deprecated-objc-isa-usage -Wno-objc-interface-ivars -Werror\=objc-root-class -Wno-arc-repeated-use-of-weak -Wimplicit-retain-self -Wduplicate-method-match -Wno-missing-braces -Wparentheses -Wswitch -Wunused-function -Wno-unused-label -Wno-unused-parameter -Wunused-variable -Wunused-value -Wempty-body -Wuninitialized -Wconditional-uninitialized -Wno-unknown-pragmas -Wno-shadow -Wno-four-char-constants -Wno-conversion -Wconstant-conversion -Wint-conversion -Wbool-conversion -Wenum-conversion -Wno-float-conversion -Wnon-literal-null-conversion -Wobjc-literal-conversion -Wshorten-64-to-32 -Wpointer-sign -Wno-newline-eof -Wno-selector -Wno-strict-selector-match -Wundeclared-selector -Wdeprecated-implementations -Wno-implicit-fallthrough -isysroot /Applications/Xcode.app/Contents/Developer/Platforms/iPhoneSimulator.platform/Developer/SDKs/iPhoneSimulator26.4.sdk -fstrict-aliasing -Wprotocol -Wdeprecated-declarations -Wno-sign-conversion -Winfinite-recursion -Wcomma -Wblock-capture-autoreleasing -Wstrict-prototypes -Wno-semicolon-before-method-body -Wunguarded-availability -index-store-path /Users/swan/Library/Developer/Xcode/DerivedData/vantiq-ui-ios-gueetvuzmuxrbegsztzkuatnhugx/Index.noindex/DataStore @/Users/swan/Development/vantiq-ui-ios/Example/build/Pods.build/Debug-iphonesimulator/vantiq-ui-ios.build/Objects-normal/arm64/e6072d4f65d7061329687fe24e3d63a7-common-args.resp -include /Users/swan/Development/vantiq-ui-ios/Example/Pods/Target\ Support\ Files/vantiq-ui-ios/vantiq-ui-ios-prefix.pch -MMD -MT dependencies -MF /Users/swan/Development/vantiq-ui-ios/Example/build/Pods.build/Debug-iphonesimulator/vantiq-ui-ios.build/Objects-normal/arm64/LastActive.d --serialize-diagnostics /Users/swan/Development/vantiq-ui-ios/Example/build/Pods.build/Debug-iphonesimulator/vantiq-ui-ios.build/Objects-normal/arm64/LastActive.dia -c /Users/swan/Development/vantiq-ui-ios/vantiq-ui-ios/Classes/LastActive.m -o /Users/swan/Development/vantiq-ui-ios/Example/build/Pods.build/Debug-iphonesimulator/vantiq-ui-ios.build/Objects-normal/arm64/LastActive.o -index-unit-output-path /Pods.build/Debug-iphonesimulator/vantiq-ui-ios.build/Objects-normal/arm64/LastActive.o

CompileC /Users/swan/Development/vantiq-ui-ios/Example/build/Pods.build/Debug-iphonesimulator/vantiq-ui-ios.build/Objects-normal/arm64/KeychainItemWrapper.o /Users/swan/Development/vantiq-ui-ios/vantiq-ui-ios/Classes/KeychainItemWrapper.m normal arm64 objective-c com.apple.compilers.llvm.clang.1_0.compiler (in target 'vantiq-ui-ios' from project 'Pods')
    cd /Users/swan/Development/vantiq-ui-ios/Example/Pods
    
    Using response file: /Users/swan/Development/vantiq-ui-ios/Example/build/Pods.build/Debug-iphonesimulator/vantiq-ui-ios.build/Objects-normal/arm64/e6072d4f65d7061329687fe24e3d63a7-common-args.resp
    
    /Applications/Xcode.app/Contents/Developer/Toolchains/XcodeDefault.xctoolchain/usr/bin/clang -x objective-c -ivfsstatcache /Users/swan/Library/Developer/Xcode/DerivedData/SDKStatCaches.noindex/iphonesimulator26.4-23E237-686eebb5dc1d8ecb277353a59184f4aa.sdkstatcache -target arm64-apple-ios12.0-simulator -fmessage-length\=0 -fdiagnostics-show-note-include-stack -fmacro-backtrace-limit\=0 -fno-color-diagnostics -fmodules-prune-interval\=86400 -fmodules-prune-after\=345600 -fbuild-session-file\=/Users/swan/Library/Developer/Xcode/DerivedData/ModuleCache.noindex/Session.modulevalidation -fmodules-validate-once-per-build-session -Wnon-modular-include-in-framework-module -Werror\=non-modular-include-in-framework-module -Wno-trigraphs -Wno-missing-field-initializers -Wno-missing-prototypes -Werror\=return-type -Wdocumentation -Wunreachable-code -Wno-implicit-atomic-properties -Werror\=deprecated-objc-isa-usage -Wno-objc-interface-ivars -Werror\=objc-root-class -Wno-arc-repeated-use-of-weak -Wimplicit-retain-self -Wduplicate-method-match -Wno-missing-braces -Wparentheses -Wswitch -Wunused-function -Wno-unused-label -Wno-unused-parameter -Wunused-variable -Wunused-value -Wempty-body -Wuninitialized -Wconditional-uninitialized -Wno-unknown-pragmas -Wno-shadow -Wno-four-char-constants -Wno-conversion -Wconstant-conversion -Wint-conversion -Wbool-conversion -Wenum-conversion -Wno-float-conversion -Wnon-literal-null-conversion -Wobjc-literal-conversion -Wshorten-64-to-32 -Wpointer-sign -Wno-newline-eof -Wno-selector -Wno-strict-selector-match -Wundeclared-selector -Wdeprecated-implementations -Wno-implicit-fallthrough -isysroot /Applications/Xcode.app/Contents/Developer/Platforms/iPhoneSimulator.platform/Developer/SDKs/iPhoneSimulator26.4.sdk -fstrict-aliasing -Wprotocol -Wdeprecated-declarations -Wno-sign-conversion -Winfinite-recursion -Wcomma -Wblock-capture-autoreleasing -Wstrict-prototypes -Wno-semicolon-before-method-body -Wunguarded-availability -index-store-path /Users/swan/Library/Developer/Xcode/DerivedData/vantiq-ui-ios-gueetvuzmuxrbegsztzkuatnhugx/Index.noindex/DataStore @/Users/swan/Development/vantiq-ui-ios/Example/build/Pods.build/Debug-iphonesimulator/vantiq-ui-ios.build/Objects-normal/arm64/e6072d4f65d7061329687fe24e3d63a7-common-args.resp -include /Users/swan/Development/vantiq-ui-ios/Example/Pods/Target\ Support\ Files/vantiq-ui-ios/vantiq-ui-ios-prefix.pch -MMD -MT dependencies -MF /Users/swan/Development/vantiq-ui-ios/Example/build/Pods.build/Debug-iphonesimulator/vantiq-ui-ios.build/Objects-normal/arm64/KeychainItemWrapper.d --serialize-diagnostics /Users/swan/Development/vantiq-ui-ios/Example/build/Pods.build/Debug-iphonesimulator/vantiq-ui-ios.build/Objects-normal/arm64/KeychainItemWrapper.dia -c /Users/swan/Development/vantiq-ui-ios/vantiq-ui-ios/Classes/KeychainItemWrapper.m -o /Users/swan/Development/vantiq-ui-ios/Example/build/Pods.build/Debug-iphonesimulator/vantiq-ui-ios.build/Objects-normal/arm64/KeychainItemWrapper.o -index-unit-output-path /Pods.build/Debug-iphonesimulator/vantiq-ui-ios.build/Objects-normal/arm64/KeychainItemWrapper.o
/Users/swan/Development/vantiq-ui-ios/vantiq-ui-ios/Classes/KeychainItemWrapper.m:133:13: warning: logical not is only applied to the left hand side of this comparison [-Wlogical-not-parentheses]
  133 |         if (!SecItemCopyMatching((__bridge CFDictionaryRef)tempQuery, (CFTypeRef *)&outDictionary) == noErr)
      |             ^                                                                                      ~~
/Users/swan/Development/vantiq-ui-ios/vantiq-ui-ios/Classes/KeychainItemWrapper.m:133:13: note: add parentheses after the '!' to evaluate the comparison first
  133 |         if (!SecItemCopyMatching((__bridge CFDictionaryRef)tempQuery, (CFTypeRef *)&outDictionary) == noErr)
      |             ^                                                                                              
      |              (                                                                                             )
/Users/swan/Development/vantiq-ui-ios/vantiq-ui-ios/Classes/KeychainItemWrapper.m:133:13: note: add parentheses around left hand side expression to silence this warning
  133 |         if (!SecItemCopyMatching((__bridge CFDictionaryRef)tempQuery, (CFTypeRef *)&outDictionary) == noErr)
      |             ^
      |             (                                                                                     )
1 warning generated.

CompileC /Users/swan/Development/vantiq-ui-ios/Example/build/Pods.build/Debug-iphonesimulator/vantiq-ui-ios.build/Objects-normal/arm64/JSONUtilities.o /Users/swan/Development/vantiq-ui-ios/vantiq-ui-ios/Classes/JSONUtilities.m normal arm64 objective-c com.apple.compilers.llvm.clang.1_0.compiler (in target 'vantiq-ui-ios' from project 'Pods')
    cd /Users/swan/Development/vantiq-ui-ios/Example/Pods
    
    Using response file: /Users/swan/Development/vantiq-ui-ios/Example/build/Pods.build/Debug-iphonesimulator/vantiq-ui-ios.build/Objects-normal/arm64/e6072d4f65d7061329687fe24e3d63a7-common-args.resp
    
    /Applications/Xcode.app/Contents/Developer/Toolchains/XcodeDefault.xctoolchain/usr/bin/clang -x objective-c -ivfsstatcache /Users/swan/Library/Developer/Xcode/DerivedData/SDKStatCaches.noindex/iphonesimulator26.4-23E237-686eebb5dc1d8ecb277353a59184f4aa.sdkstatcache -target arm64-apple-ios12.0-simulator -fmessage-length\=0 -fdiagnostics-show-note-include-stack -fmacro-backtrace-limit\=0 -fno-color-diagnostics -fmodules-prune-interval\=86400 -fmodules-prune-after\=345600 -fbuild-session-file\=/Users/swan/Library/Developer/Xcode/DerivedData/ModuleCache.noindex/Session.modulevalidation -fmodules-validate-once-per-build-session -Wnon-modular-include-in-framework-module -Werror\=non-modular-include-in-framework-module -Wno-trigraphs -Wno-missing-field-initializers -Wno-missing-prototypes -Werror\=return-type -Wdocumentation -Wunreachable-code -Wno-implicit-atomic-properties -Werror\=deprecated-objc-isa-usage -Wno-objc-interface-ivars -Werror\=objc-root-class -Wno-arc-repeated-use-of-weak -Wimplicit-retain-self -Wduplicate-method-match -Wno-missing-braces -Wparentheses -Wswitch -Wunused-function -Wno-unused-label -Wno-unused-parameter -Wunused-variable -Wunused-value -Wempty-body -Wuninitialized -Wconditional-uninitialized -Wno-unknown-pragmas -Wno-shadow -Wno-four-char-constants -Wno-conversion -Wconstant-conversion -Wint-conversion -Wbool-conversion -Wenum-conversion -Wno-float-conversion -Wnon-literal-null-conversion -Wobjc-literal-conversion -Wshorten-64-to-32 -Wpointer-sign -Wno-newline-eof -Wno-selector -Wno-strict-selector-match -Wundeclared-selector -Wdeprecated-implementations -Wno-implicit-fallthrough -isysroot /Applications/Xcode.app/Contents/Developer/Platforms/iPhoneSimulator.platform/Developer/SDKs/iPhoneSimulator26.4.sdk -fstrict-aliasing -Wprotocol -Wdeprecated-declarations -Wno-sign-conversion -Winfinite-recursion -Wcomma -Wblock-capture-autoreleasing -Wstrict-prototypes -Wno-semicolon-before-method-body -Wunguarded-availability -index-store-path /Users/swan/Library/Developer/Xcode/DerivedData/vantiq-ui-ios-gueetvuzmuxrbegsztzkuatnhugx/Index.noindex/DataStore @/Users/swan/Development/vantiq-ui-ios/Example/build/Pods.build/Debug-iphonesimulator/vantiq-ui-ios.build/Objects-normal/arm64/e6072d4f65d7061329687fe24e3d63a7-common-args.resp -include /Users/swan/Development/vantiq-ui-ios/Example/Pods/Target\ Support\ Files/vantiq-ui-ios/vantiq-ui-ios-prefix.pch -MMD -MT dependencies -MF /Users/swan/Development/vantiq-ui-ios/Example/build/Pods.build/Debug-iphonesimulator/vantiq-ui-ios.build/Objects-normal/arm64/JSONUtilities.d --serialize-diagnostics /Users/swan/Development/vantiq-ui-ios/Example/build/Pods.build/Debug-iphonesimulator/vantiq-ui-ios.build/Objects-normal/arm64/JSONUtilities.dia -c /Users/swan/Development/vantiq-ui-ios/vantiq-ui-ios/Classes/JSONUtilities.m -o /Users/swan/Development/vantiq-ui-ios/Example/build/Pods.build/Debug-iphonesimulator/vantiq-ui-ios.build/Objects-normal/arm64/JSONUtilities.o -index-unit-output-path /Pods.build/Debug-iphonesimulator/vantiq-ui-ios.build/Objects-normal/arm64/JSONUtilities.o

CompileC /Users/swan/Development/vantiq-ui-ios/Example/build/Pods.build/Debug-iphonesimulator/vantiq-ui-ios.build/Objects-normal/arm64/FancyDate.o /Users/swan/Development/vantiq-ui-ios/vantiq-ui-ios/Classes/FancyDate.m normal arm64 objective-c com.apple.compilers.llvm.clang.1_0.compiler (in target 'vantiq-ui-ios' from project 'Pods')
    cd /Users/swan/Development/vantiq-ui-ios/Example/Pods
    
    Using response file: /Users/swan/Development/vantiq-ui-ios/Example/build/Pods.build/Debug-iphonesimulator/vantiq-ui-ios.build/Objects-normal/arm64/e6072d4f65d7061329687fe24e3d63a7-common-args.resp
    
    /Applications/Xcode.app/Contents/Developer/Toolchains/XcodeDefault.xctoolchain/usr/bin/clang -x objective-c -ivfsstatcache /Users/swan/Library/Developer/Xcode/DerivedData/SDKStatCaches.noindex/iphonesimulator26.4-23E237-686eebb5dc1d8ecb277353a59184f4aa.sdkstatcache -target arm64-apple-ios12.0-simulator -fmessage-length\=0 -fdiagnostics-show-note-include-stack -fmacro-backtrace-limit\=0 -fno-color-diagnostics -fmodules-prune-interval\=86400 -fmodules-prune-after\=345600 -fbuild-session-file\=/Users/swan/Library/Developer/Xcode/DerivedData/ModuleCache.noindex/Session.modulevalidation -fmodules-validate-once-per-build-session -Wnon-modular-include-in-framework-module -Werror\=non-modular-include-in-framework-module -Wno-trigraphs -Wno-missing-field-initializers -Wno-missing-prototypes -Werror\=return-type -Wdocumentation -Wunreachable-code -Wno-implicit-atomic-properties -Werror\=deprecated-objc-isa-usage -Wno-objc-interface-ivars -Werror\=objc-root-class -Wno-arc-repeated-use-of-weak -Wimplicit-retain-self -Wduplicate-method-match -Wno-missing-braces -Wparentheses -Wswitch -Wunused-function -Wno-unused-label -Wno-unused-parameter -Wunused-variable -Wunused-value -Wempty-body -Wuninitialized -Wconditional-uninitialized -Wno-unknown-pragmas -Wno-shadow -Wno-four-char-constants -Wno-conversion -Wconstant-conversion -Wint-conversion -Wbool-conversion -Wenum-conversion -Wno-float-conversion -Wnon-literal-null-conversion -Wobjc-literal-conversion -Wshorten-64-to-32 -Wpointer-sign -Wno-newline-eof -Wno-selector -Wno-strict-selector-match -Wundeclared-selector -Wdeprecated-implementations -Wno-implicit-fallthrough -isysroot /Applications/Xcode.app/Contents/Developer/Platforms/iPhoneSimulator.platform/Developer/SDKs/iPhoneSimulator26.4.sdk -fstrict-aliasing -Wprotocol -Wdeprecated-declarations -Wno-sign-conversion -Winfinite-recursion -Wcomma -Wblock-capture-autoreleasing -Wstrict-prototypes -Wno-semicolon-before-method-body -Wunguarded-availability -index-store-path /Users/swan/Library/Developer/Xcode/DerivedData/vantiq-ui-ios-gueetvuzmuxrbegsztzkuatnhugx/Index.noindex/DataStore @/Users/swan/Development/vantiq-ui-ios/Example/build/Pods.build/Debug-iphonesimulator/vantiq-ui-ios.build/Objects-normal/arm64/e6072d4f65d7061329687fe24e3d63a7-common-args.resp -include /Users/swan/Development/vantiq-ui-ios/Example/Pods/Target\ Support\ Files/vantiq-ui-ios/vantiq-ui-ios-prefix.pch -MMD -MT dependencies -MF /Users/swan/Development/vantiq-ui-ios/Example/build/Pods.build/Debug-iphonesimulator/vantiq-ui-ios.build/Objects-normal/arm64/FancyDate.d --serialize-diagnostics /Users/swan/Development/vantiq-ui-ios/Example/build/Pods.build/Debug-iphonesimulator/vantiq-ui-ios.build/Objects-normal/arm64/FancyDate.dia -c /Users/swan/Development/vantiq-ui-ios/vantiq-ui-ios/Classes/FancyDate.m -o /Users/swan/Development/vantiq-ui-ios/Example/build/Pods.build/Debug-iphonesimulator/vantiq-ui-ios.build/Objects-normal/arm64/FancyDate.o -index-unit-output-path /Pods.build/Debug-iphonesimulator/vantiq-ui-ios.build/Objects-normal/arm64/FancyDate.o

CompileC /Users/swan/Development/vantiq-ui-ios/Example/build/Pods.build/Debug-iphonesimulator/vantiq-sdk-ios.build/Objects-normal/arm64/vantiq-sdk-ios-dummy.o /Users/swan/Development/vantiq-ui-ios/Example/Pods/Target\ Support\ Files/vantiq-sdk-ios/vantiq-sdk-ios-dummy.m normal arm64 objective-c com.apple.compilers.llvm.clang.1_0.compiler (in target 'vantiq-sdk-ios' from project 'Pods')
    cd /Users/swan/Development/vantiq-ui-ios/Example/Pods
    
    Using response file: /Users/swan/Development/vantiq-ui-ios/Example/build/Pods.build/Debug-iphonesimulator/vantiq-sdk-ios.build/Objects-normal/arm64/e6072d4f65d7061329687fe24e3d63a7-common-args.resp
    
    /Applications/Xcode.app/Contents/Developer/Toolchains/XcodeDefault.xctoolchain/usr/bin/clang -x objective-c -ivfsstatcache /Users/swan/Library/Developer/Xcode/DerivedData/SDKStatCaches.noindex/iphonesimulator26.4-23E237-686eebb5dc1d8ecb277353a59184f4aa.sdkstatcache -target arm64-apple-ios12.0-simulator -fmessage-length\=0 -fdiagnostics-show-note-include-stack -fmacro-backtrace-limit\=0 -fno-color-diagnostics -fmodules-prune-interval\=86400 -fmodules-prune-after\=345600 -fbuild-session-file\=/Users/swan/Library/Developer/Xcode/DerivedData/ModuleCache.noindex/Session.modulevalidation -fmodules-validate-once-per-build-session -Wnon-modular-include-in-framework-module -Werror\=non-modular-include-in-framework-module -Wno-trigraphs -Wno-missing-field-initializers -Wno-missing-prototypes -Werror\=return-type -Wdocumentation -Wunreachable-code -Wno-implicit-atomic-properties -Werror\=deprecated-objc-isa-usage -Wno-objc-interface-ivars -Werror\=objc-root-class -Wno-arc-repeated-use-of-weak -Wimplicit-retain-self -Wduplicate-method-match -Wno-missing-braces -Wparentheses -Wswitch -Wunused-function -Wno-unused-label -Wno-unused-parameter -Wunused-variable -Wunused-value -Wempty-body -Wuninitialized -Wconditional-uninitialized -Wno-unknown-pragmas -Wno-shadow -Wno-four-char-constants -Wno-conversion -Wconstant-conversion -Wint-conversion -Wbool-conversion -Wenum-conversion -Wno-float-conversion -Wnon-literal-null-conversion -Wobjc-literal-conversion -Wshorten-64-to-32 -Wpointer-sign -Wno-newline-eof -Wno-selector -Wno-strict-selector-match -Wundeclared-selector -Wdeprecated-implementations -Wno-implicit-fallthrough -isysroot /Applications/Xcode.app/Contents/Developer/Platforms/iPhoneSimulator.platform/Developer/SDKs/iPhoneSimulator26.4.sdk -fstrict-aliasing -Wprotocol -Wdeprecated-declarations -Wno-sign-conversion -Winfinite-recursion -Wcomma -Wblock-capture-autoreleasing -Wstrict-prototypes -Wno-semicolon-before-method-body -Wunguarded-availability -index-store-path /Users/swan/Library/Developer/Xcode/DerivedData/vantiq-ui-ios-gueetvuzmuxrbegsztzkuatnhugx/Index.noindex/DataStore @/Users/swan/Development/vantiq-ui-ios/Example/build/Pods.build/Debug-iphonesimulator/vantiq-sdk-ios.build/Objects-normal/arm64/e6072d4f65d7061329687fe24e3d63a7-common-args.resp -include /Users/swan/Development/vantiq-ui-ios/Example/Pods/Target\ Support\ Files/vantiq-sdk-ios/vantiq-sdk-ios-prefix.pch -MMD -MT dependencies -MF /Users/swan/Development/vantiq-ui-ios/Example/build/Pods.build/Debug-iphonesimulator/vantiq-sdk-ios.build/Objects-normal/arm64/vantiq-sdk-ios-dummy.d --serialize-diagnostics /Users/swan/Development/vantiq-ui-ios/Example/build/Pods.build/Debug-iphonesimulator/vantiq-sdk-ios.build/Objects-normal/arm64/vantiq-sdk-ios-dummy.dia -c /Users/swan/Development/vantiq-ui-ios/Example/Pods/Target\ Support\ Files/vantiq-sdk-ios/vantiq-sdk-ios-dummy.m -o /Users/swan/Development/vantiq-ui-ios/Example/build/Pods.build/Debug-iphonesimulator/vantiq-sdk-ios.build/Objects-normal/arm64/vantiq-sdk-ios-dummy.o -index-unit-output-path /Pods.build/Debug-iphonesimulator/vantiq-sdk-ios.build/Objects-normal/arm64/vantiq-sdk-ios-dummy.o

CompileC /Users/swan/Development/vantiq-ui-ios/Example/build/Pods.build/Debug-iphonesimulator/vantiq-sdk-ios.build/Objects-normal/arm64/Vantiq.o /Users/swan/Development/vantiq-ui-ios/Example/Pods/vantiq-sdk-ios/Pod/Classes/Vantiq.m normal arm64 objective-c com.apple.compilers.llvm.clang.1_0.compiler (in target 'vantiq-sdk-ios' from project 'Pods')
    cd /Users/swan/Development/vantiq-ui-ios/Example/Pods
    
    Using response file: /Users/swan/Development/vantiq-ui-ios/Example/build/Pods.build/Debug-iphonesimulator/vantiq-sdk-ios.build/Objects-normal/arm64/e6072d4f65d7061329687fe24e3d63a7-common-args.resp
    
    /Applications/Xcode.app/Contents/Developer/Toolchains/XcodeDefault.xctoolchain/usr/bin/clang -x objective-c -ivfsstatcache /Users/swan/Library/Developer/Xcode/DerivedData/SDKStatCaches.noindex/iphonesimulator26.4-23E237-686eebb5dc1d8ecb277353a59184f4aa.sdkstatcache -target arm64-apple-ios12.0-simulator -fmessage-length\=0 -fdiagnostics-show-note-include-stack -fmacro-backtrace-limit\=0 -fno-color-diagnostics -fmodules-prune-interval\=86400 -fmodules-prune-after\=345600 -fbuild-session-file\=/Users/swan/Library/Developer/Xcode/DerivedData/ModuleCache.noindex/Session.modulevalidation -fmodules-validate-once-per-build-session -Wnon-modular-include-in-framework-module -Werror\=non-modular-include-in-framework-module -Wno-trigraphs -Wno-missing-field-initializers -Wno-missing-prototypes -Werror\=return-type -Wdocumentation -Wunreachable-code -Wno-implicit-atomic-properties -Werror\=deprecated-objc-isa-usage -Wno-objc-interface-ivars -Werror\=objc-root-class -Wno-arc-repeated-use-of-weak -Wimplicit-retain-self -Wduplicate-method-match -Wno-missing-braces -Wparentheses -Wswitch -Wunused-function -Wno-unused-label -Wno-unused-parameter -Wunused-variable -Wunused-value -Wempty-body -Wuninitialized -Wconditional-uninitialized -Wno-unknown-pragmas -Wno-shadow -Wno-four-char-constants -Wno-conversion -Wconstant-conversion -Wint-conversion -Wbool-conversion -Wenum-conversion -Wno-float-conversion -Wnon-literal-null-conversion -Wobjc-literal-conversion -Wshorten-64-to-32 -Wpointer-sign -Wno-newline-eof -Wno-selector -Wno-strict-selector-match -Wundeclared-selector -Wdeprecated-implementations -Wno-implicit-fallthrough -isysroot /Applications/Xcode.app/Contents/Developer/Platforms/iPhoneSimulator.platform/Developer/SDKs/iPhoneSimulator26.4.sdk -fstrict-aliasing -Wprotocol -Wdeprecated-declarations -Wno-sign-conversion -Winfinite-recursion -Wcomma -Wblock-capture-autoreleasing -Wstrict-prototypes -Wno-semicolon-before-method-body -Wunguarded-availability -index-store-path /Users/swan/Library/Developer/Xcode/DerivedData/vantiq-ui-ios-gueetvuzmuxrbegsztzkuatnhugx/Index.noindex/DataStore @/Users/swan/Development/vantiq-ui-ios/Example/build/Pods.build/Debug-iphonesimulator/vantiq-sdk-ios.build/Objects-normal/arm64/e6072d4f65d7061329687fe24e3d63a7-common-args.resp -include /Users/swan/Development/vantiq-ui-ios/Example/Pods/Target\ Support\ Files/vantiq-sdk-ios/vantiq-sdk-ios-prefix.pch -MMD -MT dependencies -MF /Users/swan/Development/vantiq-ui-ios/Example/build/Pods.build/Debug-iphonesimulator/vantiq-sdk-ios.build/Objects-normal/arm64/Vantiq.d --serialize-diagnostics /Users/swan/Development/vantiq-ui-ios/Example/build/Pods.build/Debug-iphonesimulator/vantiq-sdk-ios.build/Objects-normal/arm64/Vantiq.dia -c /Users/swan/Development/vantiq-ui-ios/Example/Pods/vantiq-sdk-ios/Pod/Classes/Vantiq.m -o /Users/swan/Development/vantiq-ui-ios/Example/build/Pods.build/Debug-iphonesimulator/vantiq-sdk-ios.build/Objects-normal/arm64/Vantiq.o -index-unit-output-path /Pods.build/Debug-iphonesimulator/vantiq-sdk-ios.build/Objects-normal/arm64/Vantiq.o

CompileC /Users/swan/Development/vantiq-ui-ios/Example/build/Pods.build/Debug-iphonesimulator/JWT.build/Objects-normal/arm64/JWTCoding.o /Users/swan/Development/vantiq-ui-ios/Example/Pods/JWT/Classes/Coding/JWTCoding.m normal arm64 objective-c com.apple.compilers.llvm.clang.1_0.compiler (in target 'JWT' from project 'Pods')
    cd /Users/swan/Development/vantiq-ui-ios/Example/Pods
    
    Using response file: /Users/swan/Development/vantiq-ui-ios/Example/build/Pods.build/Debug-iphonesimulator/JWT.build/Objects-normal/arm64/e6072d4f65d7061329687fe24e3d63a7-common-args.resp
    
    /Applications/Xcode.app/Contents/Developer/Toolchains/XcodeDefault.xctoolchain/usr/bin/clang -x objective-c -ivfsstatcache /Users/swan/Library/Developer/Xcode/DerivedData/SDKStatCaches.noindex/iphonesimulator26.4-23E237-686eebb5dc1d8ecb277353a59184f4aa.sdkstatcache -target arm64-apple-ios12.0-simulator -fmessage-length\=0 -fdiagnostics-show-note-include-stack -fmacro-backtrace-limit\=0 -fno-color-diagnostics -fmodules-prune-interval\=86400 -fmodules-prune-after\=345600 -fbuild-session-file\=/Users/swan/Library/Developer/Xcode/DerivedData/ModuleCache.noindex/Session.modulevalidation -fmodules-validate-once-per-build-session -Wnon-modular-include-in-framework-module -Werror\=non-modular-include-in-framework-module -Wno-trigraphs -Wno-missing-field-initializers -Wno-missing-prototypes -Werror\=return-type -Wdocumentation -Wunreachable-code -Wno-implicit-atomic-properties -Werror\=deprecated-objc-isa-usage -Wno-objc-interface-ivars -Werror\=objc-root-class -Wno-arc-repeated-use-of-weak -Wimplicit-retain-self -Wduplicate-method-match -Wno-missing-braces -Wparentheses -Wswitch -Wunused-function -Wno-unused-label -Wno-unused-parameter -Wunused-variable -Wunused-value -Wempty-body -Wuninitialized -Wconditional-uninitialized -Wno-unknown-pragmas -Wno-shadow -Wno-four-char-constants -Wno-conversion -Wconstant-conversion -Wint-conversion -Wbool-conversion -Wenum-conversion -Wno-float-conversion -Wnon-literal-null-conversion -Wobjc-literal-conversion -Wshorten-64-to-32 -Wpointer-sign -Wno-newline-eof -Wno-selector -Wno-strict-selector-match -Wundeclared-selector -Wdeprecated-implementations -Wno-implicit-fallthrough -isysroot /Applications/Xcode.app/Contents/Developer/Platforms/iPhoneSimulator.platform/Developer/SDKs/iPhoneSimulator26.4.sdk -fstrict-aliasing -Wprotocol -Wdeprecated-declarations -Wno-sign-conversion -Winfinite-recursion -Wcomma -Wblock-capture-autoreleasing -Wstrict-prototypes -Wno-semicolon-before-method-body -Wunguarded-availability -index-store-path /Users/swan/Library/Developer/Xcode/DerivedData/vantiq-ui-ios-gueetvuzmuxrbegsztzkuatnhugx/Index.noindex/DataStore @/Users/swan/Development/vantiq-ui-ios/Example/build/Pods.build/Debug-iphonesimulator/JWT.build/Objects-normal/arm64/e6072d4f65d7061329687fe24e3d63a7-common-args.resp -include /Users/swan/Development/vantiq-ui-ios/Example/Pods/Target\ Support\ Files/JWT/JWT-prefix.pch -MMD -MT dependencies -MF /Users/swan/Development/vantiq-ui-ios/Example/build/Pods.build/Debug-iphonesimulator/JWT.build/Objects-normal/arm64/JWTCoding.d --serialize-diagnostics /Users/swan/Development/vantiq-ui-ios/Example/build/Pods.build/Debug-iphonesimulator/JWT.build/Objects-normal/arm64/JWTCoding.dia -c /Users/swan/Development/vantiq-ui-ios/Example/Pods/JWT/Classes/Coding/JWTCoding.m -o /Users/swan/Development/vantiq-ui-ios/Example/build/Pods.build/Debug-iphonesimulator/JWT.build/Objects-normal/arm64/JWTCoding.o -index-unit-output-path /Pods.build/Debug-iphonesimulator/JWT.build/Objects-normal/arm64/JWTCoding.o
In file included from /Users/swan/Development/vantiq-ui-ios/Example/Pods/JWT/Classes/Coding/JWTCoding.m:10:
In file included from /Users/swan/Development/vantiq-ui-ios/Example/Pods/JWT/Classes/JWT.h:12:
/Users/swan/Development/vantiq-ui-ios/Example/Pods/JWT/Classes/Coding/JWTCoding.h:296:110: warning: a block declaration without a prototype is deprecated  [-Wstrict-prototypes]
  296 | @property (copy, nonatomic, readonly) JWTBuilder * (^constructDataHolder)(id<JWTAlgorithmDataHolder> (^block)()) __available_in_release_version(JWTVersion_3_0_0);
      |                                                                                                              ^
      |                                                                                                               void
/Users/swan/Development/vantiq-ui-ios/Example/Pods/JWT/Classes/Coding/JWTCoding.m:39:6: warning: possible misuse of comma operator here [-Wcomma]
   39 |     }, dictionary);
      |      ^
/Users/swan/Development/vantiq-ui-ios/Example/Pods/JWT/Classes/Coding/JWTCoding.m:23:27: note: cast expression to void to silence warning
   23 |     return dictionary ?: (dictionary = @{
      |                           ^~~~~~~~~~~~~~~
      |                           (void)(
   24 |         @(JWTInvalidFormatError): @"Invalid format! Try to check your encoding algorithm. Maybe you put too many dots as delimiters?",
      |         ~~~~~~~~~~~~~~~~~~~~~~~~~~~~~~~~~~~~~~~~~~~~~~~~~~~~~~~~~~~~~~~~~~~~~~~~~~~~~~~~~~~~~~~~~~~~~~~~~~~~~~~~~~~~~~~~~~~~~~~~~~~~~~
   25 |         @(JWTUnsupportedAlgorithmError): @"Unsupported algorithm! You could implement it by yourself",
      |         ~~~~~~~~~~~~~~~~~~~~~~~~~~~~~~~~~~~~~~~~~~~~~~~~~~~~~~~~~~~~~~~~~~~~~~~~~~~~~~~~~~~~~~~~~~~~~~
   26 |         @(JWTAlgorithmNameMismatchError) : @"Algorithm doesn't match name in header.",
      |         ~~~~~~~~~~~~~~~~~~~~~~~~~~~~~~~~~~~~~~~~~~~~~~~~~~~~~~~~~~~~~~~~~~~~~~~~~~~~~~
   27 |         @(JWTInvalidSignatureError): @"Invalid signature! It seems that signed part of jwt mismatch generated part by algorithm provided in header.",
      |         ~~~~~~~~~~~~~~~~~~~~~~~~~~~~~~~~~~~~~~~~~~~~~~~~~~~~~~~~~~~~~~~~~~~~~~~~~~~~~~~~~~~~~~~~~~~~~~~~~~~~~~~~~~~~~~~~~~~~~~~~~~~~~~~~~~~~~~~~~~~~~
   28 |         @(JWTNoPayloadError): @"No payload! Hey, forget payload?",
      |         ~~~~~~~~~~~~~~~~~~~~~~~~~~~~~~~~~~~~~~~~~~~~~~~~~~~~~~~~~~
   29 |         @(JWTNoHeaderError): @"No header! Hmm",
      |         ~~~~~~~~~~~~~~~~~~~~~~~~~~~~~~~~~~~~~~~
   30 |         @(JWTEncodingHeaderError): @"It seems that header encoding failed",
      |         ~~~~~~~~~~~~~~~~~~~~~~~~~~~~~~~~~~~~~~~~~~~~~~~~~~~~~~~~~~~~~~~~~~~
   31 |         @(JWTEncodingPayloadError): @"It seems that payload encoding failed",
      |         ~~~~~~~~~~~~~~~~~~~~~~~~~~~~~~~~~~~~~~~~~~~~~~~~~~~~~~~~~~~~~~~~~~~~~
   32 |         @(JWTEncodingSigningError): @"It seems that signing output corrupted. Make sure signing worked (e.g. we may have issues extracting the key from the PKCS12 bundle if passphrase is incorrect).",
      |         ~~~~~~~~~~~~~~~~~~~~~~~~~~~~~~~~~~~~~~~~~~~~~~~~~~~~~~~~~~~~~~~~~~~~~~~~~~~~~~~~~~~~~~~~~~~~~~~~~~~~~~~~~~~~~~~~~~~~~~~~~~~~~~~~~~~~~~~~~~~~~~~~~~~~~~~~~~~~~~~~~~~~~~~~~~~~~~~~~~~~~~~~~~~~~~~~
   33 |         @(JWTClaimsSetVerificationFailed): @"It seems that claims verification failed",
      |         ~~~~~~~~~~~~~~~~~~~~~~~~~~~~~~~~~~~~~~~~~~~~~~~~~~~~~~~~~~~~~~~~~~~~~~~~~~~~~~~
   34 |         @(JWTInvalidSegmentSerializationError): @"It seems that json serialization failed for segment",
      |         ~~~~~~~~~~~~~~~~~~~~~~~~~~~~~~~~~~~~~~~~~~~~~~~~~~~~~~~~~~~~~~~~~~~~~~~~~~~~~~~~~~~~~~~~~~~~~~~
   35 |         @(JWTUnspecifiedAlgorithmError): @"Unspecified algorithm! You must explicitly choose an algorithm to decode with.",
      |         ~~~~~~~~~~~~~~~~~~~~~~~~~~~~~~~~~~~~~~~~~~~~~~~~~~~~~~~~~~~~~~~~~~~~~~~~~~~~~~~~~~~~~~~~~~~~~~~~~~~~~~~~~~~~~~~~~~~
   36 |         @(JWTBlacklistedAlgorithmError): @"Algorithm in blacklist? Try to check whitelist parameter",
      |         ~~~~~~~~~~~~~~~~~~~~~~~~~~~~~~~~~~~~~~~~~~~~~~~~~~~~~~~~~~~~~~~~~~~~~~~~~~~~~~~~~~~~~~~~~~~~~
   37 |         @(JWTDecodingHeaderError): @"Error decoding the JWT Header segment.",
      |         ~~~~~~~~~~~~~~~~~~~~~~~~~~~~~~~~~~~~~~~~~~~~~~~~~~~~~~~~~~~~~~~~~~~~~
   38 |         @(JWTDecodingPayloadError): @"Error decoding the JWT Payload segment."
      |         ~~~~~~~~~~~~~~~~~~~~~~~~~~~~~~~~~~~~~~~~~~~~~~~~~~~~~~~~~~~~~~~~~~~~~~
/Users/swan/Development/vantiq-ui-ios/Example/Pods/JWT/Classes/Coding/JWTCoding.m:283:42: warning: 'verifySignedInput:withSignature:verificationKey:' is deprecated: deprecated. will be removed in release version: 3.0 [-Wdeprecated-declarations]
  283 |         BOOL signatureValid = [algorithm verifySignedInput:signingInput withSignature:signedPart verificationKey:theSecret];
      |                                          ^
In file included from /Users/swan/Development/vantiq-ui-ios/Example/Pods/JWT/Classes/Coding/JWTCoding.m:10:
In file included from /Users/swan/Development/vantiq-ui-ios/Example/Pods/JWT/Classes/JWT.h:12:
In file included from /Users/swan/Development/vantiq-ui-ios/Example/Pods/JWT/Classes/Coding/JWTCoding.h:11:
/Users/swan/Development/vantiq-ui-ios/Example/Pods/JWT/Classes/Algorithms/Base/JWTAlgorithm.h:33:125: note: 'verifySignedInput:withSignature:verificationKey:' has been explicitly marked deprecated here
   33 | - (BOOL)verifySignedInput:(NSString *)input withSignature:(NSString *)signature verificationKey:(NSString *)verificationKey __deprecated_and_will_be_removed_in_release_version(JWTVersion_3_0_0);
      |                                                                                                                             ^
In file included from /Users/swan/Development/vantiq-ui-ios/Example/Pods/JWT/Classes/Coding/JWTCoding.m:10:
In file included from /Users/swan/Development/vantiq-ui-ios/Example/Pods/JWT/Classes/JWT.h:12:
In file included from /Users/swan/Development/vantiq-ui-ios/Example/Pods/JWT/Classes/Coding/JWTCoding.h:11:
In file included from /Users/swan/Development/vantiq-ui-ios/Example/Pods/JWT/Classes/Algorithms/Base/JWTAlgorithm.h:10:
/Users/swan/Development/vantiq-ui-ios/Example/Pods/JWT/Classes/Supplement/JWTDeprecations.h:18:70: note: expanded from macro '__deprecated_and_will_be_removed_in_release_version'
   18 | #define __deprecated_and_will_be_removed_in_release_version(version) __deprecated_msg("deprecated. will be removed in release version: "STR(version))
      |                                                                      ^
In module 'Foundation' imported from /Users/swan/Development/vantiq-ui-ios/Example/Pods/JWT/Classes/Supplement/JWTBase64Coder.h:9:
In module 'CoreFoundation' imported from /Applications/Xcode.app/Contents/Developer/Platforms/iPhoneSimulator.platform/Developer/SDKs/iPhoneSimulator.sdk/System/Library/Frameworks/Foundation.framework/Headers/Foundation.h:6:
In module '_DarwinFoundation1' imported from /Applications/Xcode.app/Contents/Developer/Platforms/iPhoneSimulator.platform/Developer/SDKs/iPhoneSimulator.sdk/System/Library/Frameworks/CoreFoundation.framework/Headers/CoreFoundation.h:14:
/Applications/Xcode.app/Contents/Developer/Platforms/iPhoneSimulator.platform/Developer/SDKs/iPhoneSimulator26.4.sdk/usr/include/sys/cdefs.h:227:48: note: expanded from macro '__deprecated_msg'
  227 |         #define __deprecated_msg(_msg) __attribute__((__deprecated__(_msg)))
      |                                                       ^
/Users/swan/Development/vantiq-ui-ios/Example/Pods/JWT/Classes/Coding/JWTCoding.m:377:111: warning: a block declaration without a prototype is deprecated  [-Wstrict-prototypes]
  377 | @property (copy, nonatomic, readwrite) JWTBuilder * (^constructDataHolder)(id<JWTAlgorithmDataHolder> (^block)());
      |                                                                                                               ^
      |                                                                                                                void
/Users/swan/Development/vantiq-ui-ios/Example/Pods/JWT/Classes/Coding/JWTCoding.m:526:73: warning: a block declaration without a prototype is deprecated  [-Wstrict-prototypes]
  526 |         self.constructDataHolder = ^(id<JWTAlgorithmDataHolder> (^block)()) {
      |                                                                         ^
      |                                                                          void
/Users/swan/Development/vantiq-ui-ios/Example/Pods/JWT/Classes/Coding/JWTCoding.m:601:55: warning: 'encodePayload:withSecret:' is deprecated: deprecated. will be removed in release version: 3.0 [-Wdeprecated-declarations]
  601 |         NSData *signedOutputData = [self.jwtAlgorithm encodePayload:signingInput withSecret:self.jwtSecret];
      |                                                       ^
In file included from /Users/swan/Development/vantiq-ui-ios/Example/Pods/JWT/Classes/Coding/JWTCoding.m:10:
In file included from /Users/swan/Development/vantiq-ui-ios/Example/Pods/JWT/Classes/JWT.h:12:
In file included from /Users/swan/Development/vantiq-ui-ios/Example/Pods/JWT/Classes/Coding/JWTCoding.h:11:
/Users/swan/Development/vantiq-ui-ios/Example/Pods/JWT/Classes/Algorithms/Base/JWTAlgorithm.h:24:82: note: 'encodePayload:withSecret:' has been explicitly marked deprecated here
   24 | - (NSData *)encodePayload:(NSString *)theString withSecret:(NSString *)theSecret __deprecated_and_will_be_removed_in_release_version(JWTVersion_3_0_0);
      |                                                                                  ^
In file included from /Users/swan/Development/vantiq-ui-ios/Example/Pods/JWT/Classes/Coding/JWTCoding.m:10:
In file included from /Users/swan/Development/vantiq-ui-ios/Example/Pods/JWT/Classes/JWT.h:12:
In file included from /Users/swan/Development/vantiq-ui-ios/Example/Pods/JWT/Classes/Coding/JWTCoding.h:11:
In file included from /Users/swan/Development/vantiq-ui-ios/Example/Pods/JWT/Classes/Algorithms/Base/JWTAlgorithm.h:10:
/Users/swan/Development/vantiq-ui-ios/Example/Pods/JWT/Classes/Supplement/JWTDeprecations.h:18:70: note: expanded from macro '__deprecated_and_will_be_removed_in_release_version'
   18 | #define __deprecated_and_will_be_removed_in_release_version(version) __deprecated_msg("deprecated. will be removed in release version: "STR(version))
      |                                                                      ^
In module 'Foundation' imported from /Users/swan/Development/vantiq-ui-ios/Example/Pods/JWT/Classes/Supplement/JWTBase64Coder.h:9:
In module 'CoreFoundation' imported from /Applications/Xcode.app/Contents/Developer/Platforms/iPhoneSimulator.platform/Developer/SDKs/iPhoneSimulator.sdk/System/Library/Frameworks/Foundation.framework/Headers/Foundation.h:6:
In module '_DarwinFoundation1' imported from /Applications/Xcode.app/Contents/Developer/Platforms/iPhoneSimulator.platform/Developer/SDKs/iPhoneSimulator.sdk/System/Library/Frameworks/CoreFoundation.framework/Headers/CoreFoundation.h:14:
/Applications/Xcode.app/Contents/Developer/Platforms/iPhoneSimulator.platform/Developer/SDKs/iPhoneSimulator26.4.sdk/usr/include/sys/cdefs.h:227:48: note: expanded from macro '__deprecated_msg'
  227 |         #define __deprecated_msg(_msg) __attribute__((__deprecated__(_msg)))
      |                                                       ^
/Users/swan/Development/vantiq-ui-ios/Example/Pods/JWT/Classes/Coding/JWTCoding.m:728:41: warning: 'verifySignedInput:withSignature:verificationKey:' is deprecated: deprecated. will be removed in release version: 3.0 [-Wdeprecated-declarations]
  728 |             signatureValid = [algorithm verifySignedInput:signingInput withSignature:signedPart verificationKey:theSecret];
      |                                         ^
In file included from /Users/swan/Development/vantiq-ui-ios/Example/Pods/JWT/Classes/Coding/JWTCoding.m:10:
In file included from /Users/swan/Development/vantiq-ui-ios/Example/Pods/JWT/Classes/JWT.h:12:
In file included from /Users/swan/Development/vantiq-ui-ios/Example/Pods/JWT/Classes/Coding/JWTCoding.h:11:
/Users/swan/Development/vantiq-ui-ios/Example/Pods/JWT/Classes/Algorithms/Base/JWTAlgorithm.h:33:125: note: 'verifySignedInput:withSignature:verificationKey:' has been explicitly marked deprecated here
   33 | - (BOOL)verifySignedInput:(NSString *)input withSignature:(NSString *)signature verificationKey:(NSString *)verificationKey __deprecated_and_will_be_removed_in_release_version(JWTVersion_3_0_0);
      |                                                                                                                             ^
In file included from /Users/swan/Development/vantiq-ui-ios/Example/Pods/JWT/Classes/Coding/JWTCoding.m:10:
In file included from /Users/swan/Development/vantiq-ui-ios/Example/Pods/JWT/Classes/JWT.h:12:
In file included from /Users/swan/Development/vantiq-ui-ios/Example/Pods/JWT/Classes/Coding/JWTCoding.h:11:
In file included from /Users/swan/Development/vantiq-ui-ios/Example/Pods/JWT/Classes/Algorithms/Base/JWTAlgorithm.h:10:
/Users/swan/Development/vantiq-ui-ios/Example/Pods/JWT/Classes/Supplement/JWTDeprecations.h:18:70: note: expanded from macro '__deprecated_and_will_be_removed_in_release_version'
   18 | #define __deprecated_and_will_be_removed_in_release_version(version) __deprecated_msg("deprecated. will be removed in release version: "STR(version))
      |                                                                      ^
In module 'Foundation' imported from /Users/swan/Development/vantiq-ui-ios/Example/Pods/JWT/Classes/Supplement/JWTBase64Coder.h:9:
In module 'CoreFoundation' imported from /Applications/Xcode.app/Contents/Developer/Platforms/iPhoneSimulator.platform/Developer/SDKs/iPhoneSimulator.sdk/System/Library/Frameworks/Foundation.framework/Headers/Foundation.h:6:
In module '_DarwinFoundation1' imported from /Applications/Xcode.app/Contents/Developer/Platforms/iPhoneSimulator.platform/Developer/SDKs/iPhoneSimulator.sdk/System/Library/Frameworks/CoreFoundation.framework/Headers/CoreFoundation.h:14:
/Applications/Xcode.app/Contents/Developer/Platforms/iPhoneSimulator.platform/Developer/SDKs/iPhoneSimulator26.4.sdk/usr/include/sys/cdefs.h:227:48: note: expanded from macro '__deprecated_msg'
  227 |         #define __deprecated_msg(_msg) __attribute__((__deprecated__(_msg)))
      |                                                       ^
7 warnings generated.

CompileC /Users/swan/Development/vantiq-ui-ios/Example/build/Pods.build/Debug-iphonesimulator/JWT.build/Objects-normal/arm64/JWTClaimsSetVerifier.o /Users/swan/Development/vantiq-ui-ios/Example/Pods/JWT/Classes/ClaimSet/JWTClaimsSetVerifier.m normal arm64 objective-c com.apple.compilers.llvm.clang.1_0.compiler (in target 'JWT' from project 'Pods')
    cd /Users/swan/Development/vantiq-ui-ios/Example/Pods
    
    Using response file: /Users/swan/Development/vantiq-ui-ios/Example/build/Pods.build/Debug-iphonesimulator/JWT.build/Objects-normal/arm64/e6072d4f65d7061329687fe24e3d63a7-common-args.resp
    
    /Applications/Xcode.app/Contents/Developer/Toolchains/XcodeDefault.xctoolchain/usr/bin/clang -x objective-c -ivfsstatcache /Users/swan/Library/Developer/Xcode/DerivedData/SDKStatCaches.noindex/iphonesimulator26.4-23E237-686eebb5dc1d8ecb277353a59184f4aa.sdkstatcache -target arm64-apple-ios12.0-simulator -fmessage-length\=0 -fdiagnostics-show-note-include-stack -fmacro-backtrace-limit\=0 -fno-color-diagnostics -fmodules-prune-interval\=86400 -fmodules-prune-after\=345600 -fbuild-session-file\=/Users/swan/Library/Developer/Xcode/DerivedData/ModuleCache.noindex/Session.modulevalidation -fmodules-validate-once-per-build-session -Wnon-modular-include-in-framework-module -Werror\=non-modular-include-in-framework-module -Wno-trigraphs -Wno-missing-field-initializers -Wno-missing-prototypes -Werror\=return-type -Wdocumentation -Wunreachable-code -Wno-implicit-atomic-properties -Werror\=deprecated-objc-isa-usage -Wno-objc-interface-ivars -Werror\=objc-root-class -Wno-arc-repeated-use-of-weak -Wimplicit-retain-self -Wduplicate-method-match -Wno-missing-braces -Wparentheses -Wswitch -Wunused-function -Wno-unused-label -Wno-unused-parameter -Wunused-variable -Wunused-value -Wempty-body -Wuninitialized -Wconditional-uninitialized -Wno-unknown-pragmas -Wno-shadow -Wno-four-char-constants -Wno-conversion -Wconstant-conversion -Wint-conversion -Wbool-conversion -Wenum-conversion -Wno-float-conversion -Wnon-literal-null-conversion -Wobjc-literal-conversion -Wshorten-64-to-32 -Wpointer-sign -Wno-newline-eof -Wno-selector -Wno-strict-selector-match -Wundeclared-selector -Wdeprecated-implementations -Wno-implicit-fallthrough -isysroot /Applications/Xcode.app/Contents/Developer/Platforms/iPhoneSimulator.platform/Developer/SDKs/iPhoneSimulator26.4.sdk -fstrict-aliasing -Wprotocol -Wdeprecated-declarations -Wno-sign-conversion -Winfinite-recursion -Wcomma -Wblock-capture-autoreleasing -Wstrict-prototypes -Wno-semicolon-before-method-body -Wunguarded-availability -index-store-path /Users/swan/Library/Developer/Xcode/DerivedData/vantiq-ui-ios-gueetvuzmuxrbegsztzkuatnhugx/Index.noindex/DataStore @/Users/swan/Development/vantiq-ui-ios/Example/build/Pods.build/Debug-iphonesimulator/JWT.build/Objects-normal/arm64/e6072d4f65d7061329687fe24e3d63a7-common-args.resp -include /Users/swan/Development/vantiq-ui-ios/Example/Pods/Target\ Support\ Files/JWT/JWT-prefix.pch -MMD -MT dependencies -MF /Users/swan/Development/vantiq-ui-ios/Example/build/Pods.build/Debug-iphonesimulator/JWT.build/Objects-normal/arm64/JWTClaimsSetVerifier.d --serialize-diagnostics /Users/swan/Development/vantiq-ui-ios/Example/build/Pods.build/Debug-iphonesimulator/JWT.build/Objects-normal/arm64/JWTClaimsSetVerifier.dia -c /Users/swan/Development/vantiq-ui-ios/Example/Pods/JWT/Classes/ClaimSet/JWTClaimsSetVerifier.m -o /Users/swan/Development/vantiq-ui-ios/Example/build/Pods.build/Debug-iphonesimulator/JWT.build/Objects-normal/arm64/JWTClaimsSetVerifier.o -index-unit-output-path /Pods.build/Debug-iphonesimulator/JWT.build/Objects-normal/arm64/JWTClaimsSetVerifier.o

CompileC /Users/swan/Development/vantiq-ui-ios/Example/build/Pods.build/Debug-iphonesimulator/JWT.build/Objects-normal/arm64/JWTClaimsSetSerializer.o /Users/swan/Development/vantiq-ui-ios/Example/Pods/JWT/Classes/ClaimSet/JWTClaimsSetSerializer.m normal arm64 objective-c com.apple.compilers.llvm.clang.1_0.compiler (in target 'JWT' from project 'Pods')
    cd /Users/swan/Development/vantiq-ui-ios/Example/Pods
    
    Using response file: /Users/swan/Development/vantiq-ui-ios/Example/build/Pods.build/Debug-iphonesimulator/JWT.build/Objects-normal/arm64/e6072d4f65d7061329687fe24e3d63a7-common-args.resp
    
    /Applications/Xcode.app/Contents/Developer/Toolchains/XcodeDefault.xctoolchain/usr/bin/clang -x objective-c -ivfsstatcache /Users/swan/Library/Developer/Xcode/DerivedData/SDKStatCaches.noindex/iphonesimulator26.4-23E237-686eebb5dc1d8ecb277353a59184f4aa.sdkstatcache -target arm64-apple-ios12.0-simulator -fmessage-length\=0 -fdiagnostics-show-note-include-stack -fmacro-backtrace-limit\=0 -fno-color-diagnostics -fmodules-prune-interval\=86400 -fmodules-prune-after\=345600 -fbuild-session-file\=/Users/swan/Library/Developer/Xcode/DerivedData/ModuleCache.noindex/Session.modulevalidation -fmodules-validate-once-per-build-session -Wnon-modular-include-in-framework-module -Werror\=non-modular-include-in-framework-module -Wno-trigraphs -Wno-missing-field-initializers -Wno-missing-prototypes -Werror\=return-type -Wdocumentation -Wunreachable-code -Wno-implicit-atomic-properties -Werror\=deprecated-objc-isa-usage -Wno-objc-interface-ivars -Werror\=objc-root-class -Wno-arc-repeated-use-of-weak -Wimplicit-retain-self -Wduplicate-method-match -Wno-missing-braces -Wparentheses -Wswitch -Wunused-function -Wno-unused-label -Wno-unused-parameter -Wunused-variable -Wunused-value -Wempty-body -Wuninitialized -Wconditional-uninitialized -Wno-unknown-pragmas -Wno-shadow -Wno-four-char-constants -Wno-conversion -Wconstant-conversion -Wint-conversion -Wbool-conversion -Wenum-conversion -Wno-float-conversion -Wnon-literal-null-conversion -Wobjc-literal-conversion -Wshorten-64-to-32 -Wpointer-sign -Wno-newline-eof -Wno-selector -Wno-strict-selector-match -Wundeclared-selector -Wdeprecated-implementations -Wno-implicit-fallthrough -isysroot /Applications/Xcode.app/Contents/Developer/Platforms/iPhoneSimulator.platform/Developer/SDKs/iPhoneSimulator26.4.sdk -fstrict-aliasing -Wprotocol -Wdeprecated-declarations -Wno-sign-conversion -Winfinite-recursion -Wcomma -Wblock-capture-autoreleasing -Wstrict-prototypes -Wno-semicolon-before-method-body -Wunguarded-availability -index-store-path /Users/swan/Library/Developer/Xcode/DerivedData/vantiq-ui-ios-gueetvuzmuxrbegsztzkuatnhugx/Index.noindex/DataStore @/Users/swan/Development/vantiq-ui-ios/Example/build/Pods.build/Debug-iphonesimulator/JWT.build/Objects-normal/arm64/e6072d4f65d7061329687fe24e3d63a7-common-args.resp -include /Users/swan/Development/vantiq-ui-ios/Example/Pods/Target\ Support\ Files/JWT/JWT-prefix.pch -MMD -MT dependencies -MF /Users/swan/Development/vantiq-ui-ios/Example/build/Pods.build/Debug-iphonesimulator/JWT.build/Objects-normal/arm64/JWTClaimsSetSerializer.d --serialize-diagnostics /Users/swan/Development/vantiq-ui-ios/Example/build/Pods.build/Debug-iphonesimulator/JWT.build/Objects-normal/arm64/JWTClaimsSetSerializer.dia -c /Users/swan/Development/vantiq-ui-ios/Example/Pods/JWT/Classes/ClaimSet/JWTClaimsSetSerializer.m -o /Users/swan/Development/vantiq-ui-ios/Example/build/Pods.build/Debug-iphonesimulator/JWT.build/Objects-normal/arm64/JWTClaimsSetSerializer.o -index-unit-output-path /Pods.build/Debug-iphonesimulator/JWT.build/Objects-normal/arm64/JWTClaimsSetSerializer.o

CompileC /Users/swan/Development/vantiq-ui-ios/Example/build/Pods.build/Debug-iphonesimulator/JWT.build/Objects-normal/arm64/JWTClaimsSet.o /Users/swan/Development/vantiq-ui-ios/Example/Pods/JWT/Classes/ClaimSet/JWTClaimsSet.m normal arm64 objective-c com.apple.compilers.llvm.clang.1_0.compiler (in target 'JWT' from project 'Pods')
    cd /Users/swan/Development/vantiq-ui-ios/Example/Pods
    
    Using response file: /Users/swan/Development/vantiq-ui-ios/Example/build/Pods.build/Debug-iphonesimulator/JWT.build/Objects-normal/arm64/e6072d4f65d7061329687fe24e3d63a7-common-args.resp
    
    /Applications/Xcode.app/Contents/Developer/Toolchains/XcodeDefault.xctoolchain/usr/bin/clang -x objective-c -ivfsstatcache /Users/swan/Library/Developer/Xcode/DerivedData/SDKStatCaches.noindex/iphonesimulator26.4-23E237-686eebb5dc1d8ecb277353a59184f4aa.sdkstatcache -target arm64-apple-ios12.0-simulator -fmessage-length\=0 -fdiagnostics-show-note-include-stack -fmacro-backtrace-limit\=0 -fno-color-diagnostics -fmodules-prune-interval\=86400 -fmodules-prune-after\=345600 -fbuild-session-file\=/Users/swan/Library/Developer/Xcode/DerivedData/ModuleCache.noindex/Session.modulevalidation -fmodules-validate-once-per-build-session -Wnon-modular-include-in-framework-module -Werror\=non-modular-include-in-framework-module -Wno-trigraphs -Wno-missing-field-initializers -Wno-missing-prototypes -Werror\=return-type -Wdocumentation -Wunreachable-code -Wno-implicit-atomic-properties -Werror\=deprecated-objc-isa-usage -Wno-objc-interface-ivars -Werror\=objc-root-class -Wno-arc-repeated-use-of-weak -Wimplicit-retain-self -Wduplicate-method-match -Wno-missing-braces -Wparentheses -Wswitch -Wunused-function -Wno-unused-label -Wno-unused-parameter -Wunused-variable -Wunused-value -Wempty-body -Wuninitialized -Wconditional-uninitialized -Wno-unknown-pragmas -Wno-shadow -Wno-four-char-constants -Wno-conversion -Wconstant-conversion -Wint-conversion -Wbool-conversion -Wenum-conversion -Wno-float-conversion -Wnon-literal-null-conversion -Wobjc-literal-conversion -Wshorten-64-to-32 -Wpointer-sign -Wno-newline-eof -Wno-selector -Wno-strict-selector-match -Wundeclared-selector -Wdeprecated-implementations -Wno-implicit-fallthrough -isysroot /Applications/Xcode.app/Contents/Developer/Platforms/iPhoneSimulator.platform/Developer/SDKs/iPhoneSimulator26.4.sdk -fstrict-aliasing -Wprotocol -Wdeprecated-declarations -Wno-sign-conversion -Winfinite-recursion -Wcomma -Wblock-capture-autoreleasing -Wstrict-prototypes -Wno-semicolon-before-method-body -Wunguarded-availability -index-store-path /Users/swan/Library/Developer/Xcode/DerivedData/vantiq-ui-ios-gueetvuzmuxrbegsztzkuatnhugx/Index.noindex/DataStore @/Users/swan/Development/vantiq-ui-ios/Example/build/Pods.build/Debug-iphonesimulator/JWT.build/Objects-normal/arm64/e6072d4f65d7061329687fe24e3d63a7-common-args.resp -include /Users/swan/Development/vantiq-ui-ios/Example/Pods/Target\ Support\ Files/JWT/JWT-prefix.pch -MMD -MT dependencies -MF /Users/swan/Development/vantiq-ui-ios/Example/build/Pods.build/Debug-iphonesimulator/JWT.build/Objects-normal/arm64/JWTClaimsSet.d --serialize-diagnostics /Users/swan/Development/vantiq-ui-ios/Example/build/Pods.build/Debug-iphonesimulator/JWT.build/Objects-normal/arm64/JWTClaimsSet.dia -c /Users/swan/Development/vantiq-ui-ios/Example/Pods/JWT/Classes/ClaimSet/JWTClaimsSet.m -o /Users/swan/Development/vantiq-ui-ios/Example/build/Pods.build/Debug-iphonesimulator/JWT.build/Objects-normal/arm64/JWTClaimsSet.o -index-unit-output-path /Pods.build/Debug-iphonesimulator/JWT.build/Objects-normal/arm64/JWTClaimsSet.o

CompileC /Users/swan/Development/vantiq-ui-ios/Example/build/Pods.build/Debug-iphonesimulator/JWT.build/Objects-normal/arm64/JWTClaim.o /Users/swan/Development/vantiq-ui-ios/Example/Pods/JWT/Classes/ClaimSet/JWTClaim.m normal arm64 objective-c com.apple.compilers.llvm.clang.1_0.compiler (in target 'JWT' from project 'Pods')
    cd /Users/swan/Development/vantiq-ui-ios/Example/Pods
    
    Using response file: /Users/swan/Development/vantiq-ui-ios/Example/build/Pods.build/Debug-iphonesimulator/JWT.build/Objects-normal/arm64/e6072d4f65d7061329687fe24e3d63a7-common-args.resp
    
    /Applications/Xcode.app/Contents/Developer/Toolchains/XcodeDefault.xctoolchain/usr/bin/clang -x objective-c -ivfsstatcache /Users/swan/Library/Developer/Xcode/DerivedData/SDKStatCaches.noindex/iphonesimulator26.4-23E237-686eebb5dc1d8ecb277353a59184f4aa.sdkstatcache -target arm64-apple-ios12.0-simulator -fmessage-length\=0 -fdiagnostics-show-note-include-stack -fmacro-backtrace-limit\=0 -fno-color-diagnostics -fmodules-prune-interval\=86400 -fmodules-prune-after\=345600 -fbuild-session-file\=/Users/swan/Library/Developer/Xcode/DerivedData/ModuleCache.noindex/Session.modulevalidation -fmodules-validate-once-per-build-session -Wnon-modular-include-in-framework-module -Werror\=non-modular-include-in-framework-module -Wno-trigraphs -Wno-missing-field-initializers -Wno-missing-prototypes -Werror\=return-type -Wdocumentation -Wunreachable-code -Wno-implicit-atomic-properties -Werror\=deprecated-objc-isa-usage -Wno-objc-interface-ivars -Werror\=objc-root-class -Wno-arc-repeated-use-of-weak -Wimplicit-retain-self -Wduplicate-method-match -Wno-missing-braces -Wparentheses -Wswitch -Wunused-function -Wno-unused-label -Wno-unused-parameter -Wunused-variable -Wunused-value -Wempty-body -Wuninitialized -Wconditional-uninitialized -Wno-unknown-pragmas -Wno-shadow -Wno-four-char-constants -Wno-conversion -Wconstant-conversion -Wint-conversion -Wbool-conversion -Wenum-conversion -Wno-float-conversion -Wnon-literal-null-conversion -Wobjc-literal-conversion -Wshorten-64-to-32 -Wpointer-sign -Wno-newline-eof -Wno-selector -Wno-strict-selector-match -Wundeclared-selector -Wdeprecated-implementations -Wno-implicit-fallthrough -isysroot /Applications/Xcode.app/Contents/Developer/Platforms/iPhoneSimulator.platform/Developer/SDKs/iPhoneSimulator26.4.sdk -fstrict-aliasing -Wprotocol -Wdeprecated-declarations -Wno-sign-conversion -Winfinite-recursion -Wcomma -Wblock-capture-autoreleasing -Wstrict-prototypes -Wno-semicolon-before-method-body -Wunguarded-availability -index-store-path /Users/swan/Library/Developer/Xcode/DerivedData/vantiq-ui-ios-gueetvuzmuxrbegsztzkuatnhugx/Index.noindex/DataStore @/Users/swan/Development/vantiq-ui-ios/Example/build/Pods.build/Debug-iphonesimulator/JWT.build/Objects-normal/arm64/e6072d4f65d7061329687fe24e3d63a7-common-args.resp -include /Users/swan/Development/vantiq-ui-ios/Example/Pods/Target\ Support\ Files/JWT/JWT-prefix.pch -MMD -MT dependencies -MF /Users/swan/Development/vantiq-ui-ios/Example/build/Pods.build/Debug-iphonesimulator/JWT.build/Objects-normal/arm64/JWTClaim.d --serialize-diagnostics /Users/swan/Development/vantiq-ui-ios/Example/build/Pods.build/Debug-iphonesimulator/JWT.build/Objects-normal/arm64/JWTClaim.dia -c /Users/swan/Development/vantiq-ui-ios/Example/Pods/JWT/Classes/ClaimSet/JWTClaim.m -o /Users/swan/Development/vantiq-ui-ios/Example/build/Pods.build/Debug-iphonesimulator/JWT.build/Objects-normal/arm64/JWTClaim.o -index-unit-output-path /Pods.build/Debug-iphonesimulator/JWT.build/Objects-normal/arm64/JWTClaim.o
/Users/swan/Development/vantiq-ui-ios/Example/Pods/JWT/Classes/ClaimSet/JWTClaim.m:180:3: warning: possible misuse of comma operator here [-Wcomma]
  180 |         }, dictionary);
      |          ^
/Users/swan/Development/vantiq-ui-ios/Example/Pods/JWT/Classes/ClaimSet/JWTClaim.m:171:39: note: cast expression to void to silence warning
  171 |     return dictionary ? dictionary : (dictionary = @{
      |                                       ^~~~~~~~~~~~~~~
      |                                       (void)(
  172 |                 [JWTClaimIssuer name] : [JWTClaimIssuer new],
      |                 ~~~~~~~~~~~~~~~~~~~~~~~~~~~~~~~~~~~~~~~~~~~~~
  173 |                 [JWTClaimSubject name] : [JWTClaimSubject new],
      |                 ~~~~~~~~~~~~~~~~~~~~~~~~~~~~~~~~~~~~~~~~~~~~~~~
  174 |                 [JWTClaimAudience name] : [JWTClaimAudience new],
      |                 ~~~~~~~~~~~~~~~~~~~~~~~~~~~~~~~~~~~~~~~~~~~~~~~~~
  175 |                 [JWTClaimExpirationTime name] : [JWTClaimExpirationTime new],
      |                 ~~~~~~~~~~~~~~~~~~~~~~~~~~~~~~~~~~~~~~~~~~~~~~~~~~~~~~~~~~~~~
  176 |                 [JWTClaimNotBefore name] : [JWTClaimNotBefore new],
      |                 ~~~~~~~~~~~~~~~~~~~~~~~~~~~~~~~~~~~~~~~~~~~~~~~~~~~
  177 |                 [JWTClaimIssuedAt name] : [JWTClaimIssuedAt new],
      |                 ~~~~~~~~~~~~~~~~~~~~~~~~~~~~~~~~~~~~~~~~~~~~~~~~~
  178 |                 [JWTClaimJWTID name] : [JWTClaimJWTID new],
      |                 ~~~~~~~~~~~~~~~~~~~~~~~~~~~~~~~~~~~~~~~~~~~
  179 |                 [JWTClaimType name] : [JWTClaimType new]
      |                 ~~~~~~~~~~~~~~~~~~~~~~~~~~~~~~~~~~~~~~~~
  180 |         }, dictionary);
      |         ~
      |          )
1 warning generated.

CompileC /Users/swan/Development/vantiq-ui-ios/Example/build/Pods.build/Debug-iphonesimulator/JWT.build/Objects-normal/arm64/JWTAlgorithmRSBase.o /Users/swan/Development/vantiq-ui-ios/Example/Pods/JWT/Classes/Algorithms/RSFamily/JWTAlgorithmRSBase.m normal arm64 objective-c com.apple.compilers.llvm.clang.1_0.compiler (in target 'JWT' from project 'Pods')
    cd /Users/swan/Development/vantiq-ui-ios/Example/Pods
    
    Using response file: /Users/swan/Development/vantiq-ui-ios/Example/build/Pods.build/Debug-iphonesimulator/JWT.build/Objects-normal/arm64/e6072d4f65d7061329687fe24e3d63a7-common-args.resp
    
    /Applications/Xcode.app/Contents/Developer/Toolchains/XcodeDefault.xctoolchain/usr/bin/clang -x objective-c -ivfsstatcache /Users/swan/Library/Developer/Xcode/DerivedData/SDKStatCaches.noindex/iphonesimulator26.4-23E237-686eebb5dc1d8ecb277353a59184f4aa.sdkstatcache -target arm64-apple-ios12.0-simulator -fmessage-length\=0 -fdiagnostics-show-note-include-stack -fmacro-backtrace-limit\=0 -fno-color-diagnostics -fmodules-prune-interval\=86400 -fmodules-prune-after\=345600 -fbuild-session-file\=/Users/swan/Library/Developer/Xcode/DerivedData/ModuleCache.noindex/Session.modulevalidation -fmodules-validate-once-per-build-session -Wnon-modular-include-in-framework-module -Werror\=non-modular-include-in-framework-module -Wno-trigraphs -Wno-missing-field-initializers -Wno-missing-prototypes -Werror\=return-type -Wdocumentation -Wunreachable-code -Wno-implicit-atomic-properties -Werror\=deprecated-objc-isa-usage -Wno-objc-interface-ivars -Werror\=objc-root-class -Wno-arc-repeated-use-of-weak -Wimplicit-retain-self -Wduplicate-method-match -Wno-missing-braces -Wparentheses -Wswitch -Wunused-function -Wno-unused-label -Wno-unused-parameter -Wunused-variable -Wunused-value -Wempty-body -Wuninitialized -Wconditional-uninitialized -Wno-unknown-pragmas -Wno-shadow -Wno-four-char-constants -Wno-conversion -Wconstant-conversion -Wint-conversion -Wbool-conversion -Wenum-conversion -Wno-float-conversion -Wnon-literal-null-conversion -Wobjc-literal-conversion -Wshorten-64-to-32 -Wpointer-sign -Wno-newline-eof -Wno-selector -Wno-strict-selector-match -Wundeclared-selector -Wdeprecated-implementations -Wno-implicit-fallthrough -isysroot /Applications/Xcode.app/Contents/Developer/Platforms/iPhoneSimulator.platform/Developer/SDKs/iPhoneSimulator26.4.sdk -fstrict-aliasing -Wprotocol -Wdeprecated-declarations -Wno-sign-conversion -Winfinite-recursion -Wcomma -Wblock-capture-autoreleasing -Wstrict-prototypes -Wno-semicolon-before-method-body -Wunguarded-availability -index-store-path /Users/swan/Library/Developer/Xcode/DerivedData/vantiq-ui-ios-gueetvuzmuxrbegsztzkuatnhugx/Index.noindex/DataStore @/Users/swan/Development/vantiq-ui-ios/Example/build/Pods.build/Debug-iphonesimulator/JWT.build/Objects-normal/arm64/e6072d4f65d7061329687fe24e3d63a7-common-args.resp -include /Users/swan/Development/vantiq-ui-ios/Example/Pods/Target\ Support\ Files/JWT/JWT-prefix.pch -MMD -MT dependencies -MF /Users/swan/Development/vantiq-ui-ios/Example/build/Pods.build/Debug-iphonesimulator/JWT.build/Objects-normal/arm64/JWTAlgorithmRSBase.d --serialize-diagnostics /Users/swan/Development/vantiq-ui-ios/Example/build/Pods.build/Debug-iphonesimulator/JWT.build/Objects-normal/arm64/JWTAlgorithmRSBase.dia -c /Users/swan/Development/vantiq-ui-ios/Example/Pods/JWT/Classes/Algorithms/RSFamily/JWTAlgorithmRSBase.m -o /Users/swan/Development/vantiq-ui-ios/Example/build/Pods.build/Debug-iphonesimulator/JWT.build/Objects-normal/arm64/JWTAlgorithmRSBase.o -index-unit-output-path /Pods.build/Debug-iphonesimulator/JWT.build/Objects-normal/arm64/JWTAlgorithmRSBase.o
/Users/swan/Development/vantiq-ui-ios/Example/Pods/JWT/Classes/Algorithms/RSFamily/JWTAlgorithmRSBase.m:63:1: warning: implementing deprecated method [-Wdeprecated-implementations]
   63 | - (NSData *)encodePayload:(NSString *)theString withSecret:(NSString *)theSecret {
      | ^
In file included from /Users/swan/Development/vantiq-ui-ios/Example/Pods/JWT/Classes/Algorithms/RSFamily/JWTAlgorithmRSBase.m:9:
In file included from /Users/swan/Development/vantiq-ui-ios/Example/Pods/JWT/Classes/Algorithms/RSFamily/JWTAlgorithmRSBase.h:10:
In file included from /Users/swan/Development/vantiq-ui-ios/Example/Pods/JWT/Classes/Algorithms/RSFamily/JWTRSAlgorithm.h:7:
/Users/swan/Development/vantiq-ui-ios/Example/Pods/JWT/Classes/Algorithms/Base/JWTAlgorithm.h:24:1: note: method 'encodePayload:withSecret:' declared here
   24 | - (NSData *)encodePayload:(NSString *)theString withSecret:(NSString *)theSecret __deprecated_and_will_be_removed_in_release_version(JWTVersion_3_0_0);
      | ^
/Users/swan/Development/vantiq-ui-ios/Example/Pods/JWT/Classes/Algorithms/RSFamily/JWTAlgorithmRSBase.m:95:1: warning: implementing deprecated method [-Wdeprecated-implementations]
   95 | - (BOOL)verifySignedInput:(NSString *)input withSignature:(NSString *)signature verificationKey:(NSString *)verificationKey {
      | ^
In file included from /Users/swan/Development/vantiq-ui-ios/Example/Pods/JWT/Classes/Algorithms/RSFamily/JWTAlgorithmRSBase.m:9:
In file included from /Users/swan/Development/vantiq-ui-ios/Example/Pods/JWT/Classes/Algorithms/RSFamily/JWTAlgorithmRSBase.h:10:
In file included from /Users/swan/Development/vantiq-ui-ios/Example/Pods/JWT/Classes/Algorithms/RSFamily/JWTRSAlgorithm.h:7:
/Users/swan/Development/vantiq-ui-ios/Example/Pods/JWT/Classes/Algorithms/Base/JWTAlgorithm.h:33:1: note: method 'verifySignedInput:withSignature:verificationKey:' declared here
   33 | - (BOOL)verifySignedInput:(NSString *)input withSignature:(NSString *)signature verificationKey:(NSString *)verificationKey __deprecated_and_will_be_removed_in_release_version(JWTVersion_3_0_0);
      | ^
2 warnings generated.

CompileC /Users/swan/Development/vantiq-ui-ios/Example/build/Pods.build/Debug-iphonesimulator/JWT.build/Objects-normal/arm64/JWTAlgorithmNone.o /Users/swan/Development/vantiq-ui-ios/Example/Pods/JWT/Classes/Algorithms/Base/JWTAlgorithmNone.m normal arm64 objective-c com.apple.compilers.llvm.clang.1_0.compiler (in target 'JWT' from project 'Pods')
    cd /Users/swan/Development/vantiq-ui-ios/Example/Pods
    
    Using response file: /Users/swan/Development/vantiq-ui-ios/Example/build/Pods.build/Debug-iphonesimulator/JWT.build/Objects-normal/arm64/e6072d4f65d7061329687fe24e3d63a7-common-args.resp
    
    /Applications/Xcode.app/Contents/Developer/Toolchains/XcodeDefault.xctoolchain/usr/bin/clang -x objective-c -ivfsstatcache /Users/swan/Library/Developer/Xcode/DerivedData/SDKStatCaches.noindex/iphonesimulator26.4-23E237-686eebb5dc1d8ecb277353a59184f4aa.sdkstatcache -target arm64-apple-ios12.0-simulator -fmessage-length\=0 -fdiagnostics-show-note-include-stack -fmacro-backtrace-limit\=0 -fno-color-diagnostics -fmodules-prune-interval\=86400 -fmodules-prune-after\=345600 -fbuild-session-file\=/Users/swan/Library/Developer/Xcode/DerivedData/ModuleCache.noindex/Session.modulevalidation -fmodules-validate-once-per-build-session -Wnon-modular-include-in-framework-module -Werror\=non-modular-include-in-framework-module -Wno-trigraphs -Wno-missing-field-initializers -Wno-missing-prototypes -Werror\=return-type -Wdocumentation -Wunreachable-code -Wno-implicit-atomic-properties -Werror\=deprecated-objc-isa-usage -Wno-objc-interface-ivars -Werror\=objc-root-class -Wno-arc-repeated-use-of-weak -Wimplicit-retain-self -Wduplicate-method-match -Wno-missing-braces -Wparentheses -Wswitch -Wunused-function -Wno-unused-label -Wno-unused-parameter -Wunused-variable -Wunused-value -Wempty-body -Wuninitialized -Wconditional-uninitialized -Wno-unknown-pragmas -Wno-shadow -Wno-four-char-constants -Wno-conversion -Wconstant-conversion -Wint-conversion -Wbool-conversion -Wenum-conversion -Wno-float-conversion -Wnon-literal-null-conversion -Wobjc-literal-conversion -Wshorten-64-to-32 -Wpointer-sign -Wno-newline-eof -Wno-selector -Wno-strict-selector-match -Wundeclared-selector -Wdeprecated-implementations -Wno-implicit-fallthrough -isysroot /Applications/Xcode.app/Contents/Developer/Platforms/iPhoneSimulator.platform/Developer/SDKs/iPhoneSimulator26.4.sdk -fstrict-aliasing -Wprotocol -Wdeprecated-declarations -Wno-sign-conversion -Winfinite-recursion -Wcomma -Wblock-capture-autoreleasing -Wstrict-prototypes -Wno-semicolon-before-method-body -Wunguarded-availability -index-store-path /Users/swan/Library/Developer/Xcode/DerivedData/vantiq-ui-ios-gueetvuzmuxrbegsztzkuatnhugx/Index.noindex/DataStore @/Users/swan/Development/vantiq-ui-ios/Example/build/Pods.build/Debug-iphonesimulator/JWT.build/Objects-normal/arm64/e6072d4f65d7061329687fe24e3d63a7-common-args.resp -include /Users/swan/Development/vantiq-ui-ios/Example/Pods/Target\ Support\ Files/JWT/JWT-prefix.pch -MMD -MT dependencies -MF /Users/swan/Development/vantiq-ui-ios/Example/build/Pods.build/Debug-iphonesimulator/JWT.build/Objects-normal/arm64/JWTAlgorithmNone.d --serialize-diagnostics /Users/swan/Development/vantiq-ui-ios/Example/build/Pods.build/Debug-iphonesimulator/JWT.build/Objects-normal/arm64/JWTAlgorithmNone.dia -c /Users/swan/Development/vantiq-ui-ios/Example/Pods/JWT/Classes/Algorithms/Base/JWTAlgorithmNone.m -o /Users/swan/Development/vantiq-ui-ios/Example/build/Pods.build/Debug-iphonesimulator/JWT.build/Objects-normal/arm64/JWTAlgorithmNone.o -index-unit-output-path /Pods.build/Debug-iphonesimulator/JWT.build/Objects-normal/arm64/JWTAlgorithmNone.o
/Users/swan/Development/vantiq-ui-ios/Example/Pods/JWT/Classes/Algorithms/Base/JWTAlgorithmNone.m:18:1: warning: implementing deprecated method [-Wdeprecated-implementations]
   18 | - (NSData *)encodePayload:(NSString *)theString withSecret:(NSString *)theSecret {
      | ^
In file included from /Users/swan/Development/vantiq-ui-ios/Example/Pods/JWT/Classes/Algorithms/Base/JWTAlgorithmNone.m:9:
In file included from /Users/swan/Development/vantiq-ui-ios/Example/Pods/JWT/Classes/Algorithms/Base/JWTAlgorithmNone.h:10:
/Users/swan/Development/vantiq-ui-ios/Example/Pods/JWT/Classes/Algorithms/Base/JWTAlgorithm.h:24:1: note: method 'encodePayload:withSecret:' declared here
   24 | - (NSData *)encodePayload:(NSString *)theString withSecret:(NSString *)theSecret __deprecated_and_will_be_removed_in_release_version(JWTVersion_3_0_0);
      | ^
/Users/swan/Development/vantiq-ui-ios/Example/Pods/JWT/Classes/Algorithms/Base/JWTAlgorithmNone.m:27:1: warning: implementing deprecated method [-Wdeprecated-implementations]
   27 | - (BOOL)verifySignedInput:(NSString *)input withSignature:(NSString *)signature verificationKey:(NSString *)verificationKey
      | ^
In file included from /Users/swan/Development/vantiq-ui-ios/Example/Pods/JWT/Classes/Algorithms/Base/JWTAlgorithmNone.m:9:
In file included from /Users/swan/Development/vantiq-ui-ios/Example/Pods/JWT/Classes/Algorithms/Base/JWTAlgorithmNone.h:10:
/Users/swan/Development/vantiq-ui-ios/Example/Pods/JWT/Classes/Algorithms/Base/JWTAlgorithm.h:33:1: note: method 'verifySignedInput:withSignature:verificationKey:' declared here
   33 | - (BOOL)verifySignedInput:(NSString *)input withSignature:(NSString *)signature verificationKey:(NSString *)verificationKey __deprecated_and_will_be_removed_in_release_version(JWTVersion_3_0_0);
      | ^
2 warnings generated.

Ld /Users/swan/Development/vantiq-ui-ios/Example/build/Debug-iphonesimulator/Base64/Base64.framework/Base64 normal (in target 'Base64' from project 'Pods')
    cd /Users/swan/Development/vantiq-ui-ios/Example/Pods
    /Applications/Xcode.app/Contents/Developer/Toolchains/XcodeDefault.xctoolchain/usr/bin/clang -Xlinker -reproducible -target arm64-apple-ios12.0-simulator -dynamiclib -isysroot /Applications/Xcode.app/Contents/Developer/Platforms/iPhoneSimulator.platform/Developer/SDKs/iPhoneSimulator26.4.sdk -O0 -L/Users/swan/Development/vantiq-ui-ios/Example/build/EagerLinkingTBDs/Debug-iphonesimulator -L/Users/swan/Development/vantiq-ui-ios/Example/build/Debug-iphonesimulator/Base64 -F/Users/swan/Development/vantiq-ui-ios/Example/build/EagerLinkingTBDs/Debug-iphonesimulator -F/Users/swan/Development/vantiq-ui-ios/Example/build/Debug-iphonesimulator/Base64 -filelist /Users/swan/Development/vantiq-ui-ios/Example/build/Pods.build/Debug-iphonesimulator/Base64.build/Objects-normal/arm64/Base64.LinkFileList -install_name @rpath/Base64.framework/Base64 -Xlinker -rpath -Xlinker @executable_path/Frameworks -Xlinker -rpath -Xlinker @loader_path/Frameworks -Xlinker -dead_strip -Xlinker -object_path_lto -Xlinker /Users/swan/Development/vantiq-ui-ios/Example/build/Pods.build/Debug-iphonesimulator/Base64.build/Objects-normal/arm64/Base64_lto.o -rdynamic -Xlinker -no_deduplicate -Xlinker -objc_abi_version -Xlinker 2 -Xlinker -dependency_info -Xlinker /Users/swan/Development/vantiq-ui-ios/Example/build/Pods.build/Debug-iphonesimulator/Base64.build/Objects-normal/arm64/Base64_dependency_info.dat -fobjc-arc -fobjc-link-runtime -framework Foundation -Xlinker -no_adhoc_codesign -compatibility_version 1 -current_version 1 -o /Users/swan/Development/vantiq-ui-ios/Example/build/Debug-iphonesimulator/Base64/Base64.framework/Base64

CompileC /Users/swan/Development/vantiq-ui-ios/Example/build/Pods.build/Debug-iphonesimulator/JWT.build/Objects-normal/arm64/JWTAlgorithmHSBase.o /Users/swan/Development/vantiq-ui-ios/Example/Pods/JWT/Classes/Algorithms/HSFamily/JWTAlgorithmHSBase.m normal arm64 objective-c com.apple.compilers.llvm.clang.1_0.compiler (in target 'JWT' from project 'Pods')
    cd /Users/swan/Development/vantiq-ui-ios/Example/Pods
    
    Using response file: /Users/swan/Development/vantiq-ui-ios/Example/build/Pods.build/Debug-iphonesimulator/JWT.build/Objects-normal/arm64/e6072d4f65d7061329687fe24e3d63a7-common-args.resp
    
    /Applications/Xcode.app/Contents/Developer/Toolchains/XcodeDefault.xctoolchain/usr/bin/clang -x objective-c -ivfsstatcache /Users/swan/Library/Developer/Xcode/DerivedData/SDKStatCaches.noindex/iphonesimulator26.4-23E237-686eebb5dc1d8ecb277353a59184f4aa.sdkstatcache -target arm64-apple-ios12.0-simulator -fmessage-length\=0 -fdiagnostics-show-note-include-stack -fmacro-backtrace-limit\=0 -fno-color-diagnostics -fmodules-prune-interval\=86400 -fmodules-prune-after\=345600 -fbuild-session-file\=/Users/swan/Library/Developer/Xcode/DerivedData/ModuleCache.noindex/Session.modulevalidation -fmodules-validate-once-per-build-session -Wnon-modular-include-in-framework-module -Werror\=non-modular-include-in-framework-module -Wno-trigraphs -Wno-missing-field-initializers -Wno-missing-prototypes -Werror\=return-type -Wdocumentation -Wunreachable-code -Wno-implicit-atomic-properties -Werror\=deprecated-objc-isa-usage -Wno-objc-interface-ivars -Werror\=objc-root-class -Wno-arc-repeated-use-of-weak -Wimplicit-retain-self -Wduplicate-method-match -Wno-missing-braces -Wparentheses -Wswitch -Wunused-function -Wno-unused-label -Wno-unused-parameter -Wunused-variable -Wunused-value -Wempty-body -Wuninitialized -Wconditional-uninitialized -Wno-unknown-pragmas -Wno-shadow -Wno-four-char-constants -Wno-conversion -Wconstant-conversion -Wint-conversion -Wbool-conversion -Wenum-conversion -Wno-float-conversion -Wnon-literal-null-conversion -Wobjc-literal-conversion -Wshorten-64-to-32 -Wpointer-sign -Wno-newline-eof -Wno-selector -Wno-strict-selector-match -Wundeclared-selector -Wdeprecated-implementations -Wno-implicit-fallthrough -isysroot /Applications/Xcode.app/Contents/Developer/Platforms/iPhoneSimulator.platform/Developer/SDKs/iPhoneSimulator26.4.sdk -fstrict-aliasing -Wprotocol -Wdeprecated-declarations -Wno-sign-conversion -Winfinite-recursion -Wcomma -Wblock-capture-autoreleasing -Wstrict-prototypes -Wno-semicolon-before-method-body -Wunguarded-availability -index-store-path /Users/swan/Library/Developer/Xcode/DerivedData/vantiq-ui-ios-gueetvuzmuxrbegsztzkuatnhugx/Index.noindex/DataStore @/Users/swan/Development/vantiq-ui-ios/Example/build/Pods.build/Debug-iphonesimulator/JWT.build/Objects-normal/arm64/e6072d4f65d7061329687fe24e3d63a7-common-args.resp -include /Users/swan/Development/vantiq-ui-ios/Example/Pods/Target\ Support\ Files/JWT/JWT-prefix.pch -MMD -MT dependencies -MF /Users/swan/Development/vantiq-ui-ios/Example/build/Pods.build/Debug-iphonesimulator/JWT.build/Objects-normal/arm64/JWTAlgorithmHSBase.d --serialize-diagnostics /Users/swan/Development/vantiq-ui-ios/Example/build/Pods.build/Debug-iphonesimulator/JWT.build/Objects-normal/arm64/JWTAlgorithmHSBase.dia -c /Users/swan/Development/vantiq-ui-ios/Example/Pods/JWT/Classes/Algorithms/HSFamily/JWTAlgorithmHSBase.m -o /Users/swan/Development/vantiq-ui-ios/Example/build/Pods.build/Debug-iphonesimulator/JWT.build/Objects-normal/arm64/JWTAlgorithmHSBase.o -index-unit-output-path /Pods.build/Debug-iphonesimulator/JWT.build/Objects-normal/arm64/JWTAlgorithmHSBase.o
/Users/swan/Development/vantiq-ui-ios/Example/Pods/JWT/Classes/Algorithms/HSFamily/JWTAlgorithmHSBase.m:43:1: warning: implementing deprecated method [-Wdeprecated-implementations]
   43 | - (NSData *)encodePayload:(NSString *)theString withSecret:(NSString *)theSecret;
      | ^
In file included from /Users/swan/Development/vantiq-ui-ios/Example/Pods/JWT/Classes/Algorithms/HSFamily/JWTAlgorithmHSBase.m:9:
In file included from /Users/swan/Development/vantiq-ui-ios/Example/Pods/JWT/Classes/Algorithms/HSFamily/JWTAlgorithmHSBase.h:10:
/Users/swan/Development/vantiq-ui-ios/Example/Pods/JWT/Classes/Algorithms/Base/JWTAlgorithm.h:24:1: note: method 'encodePayload:withSecret:' declared here
   24 | - (NSData *)encodePayload:(NSString *)theString withSecret:(NSString *)theSecret __deprecated_and_will_be_removed_in_release_version(JWTVersion_3_0_0);
      | ^
/Users/swan/Development/vantiq-ui-ios/Example/Pods/JWT/Classes/Algorithms/HSFamily/JWTAlgorithmHSBase.m:74:1: warning: implementing deprecated method [-Wdeprecated-implementations]
   74 | - (BOOL)verifySignedInput:(NSString *)input withSignature:(NSString *)signature verificationKey:(NSString *)verificationKey
      | ^
In file included from /Users/swan/Development/vantiq-ui-ios/Example/Pods/JWT/Classes/Algorithms/HSFamily/JWTAlgorithmHSBase.m:9:
In file included from /Users/swan/Development/vantiq-ui-ios/Example/Pods/JWT/Classes/Algorithms/HSFamily/JWTAlgorithmHSBase.h:10:
/Users/swan/Development/vantiq-ui-ios/Example/Pods/JWT/Classes/Algorithms/Base/JWTAlgorithm.h:33:1: note: method 'verifySignedInput:withSignature:verificationKey:' declared here
   33 | - (BOOL)verifySignedInput:(NSString *)input withSignature:(NSString *)signature verificationKey:(NSString *)verificationKey __deprecated_and_will_be_removed_in_release_version(JWTVersion_3_0_0);
      | ^
/Users/swan/Development/vantiq-ui-ios/Example/Pods/JWT/Classes/Algorithms/HSFamily/JWTAlgorithmHSBase.m:76:43: warning: 'encodePayload:withSecret:' is deprecated: deprecated. will be removed in release version: 3.0 [-Wdeprecated-declarations]
   76 |     NSData *expectedSignatureData = [self encodePayload:input withSecret:verificationKey];
      |                                           ^
In file included from /Users/swan/Development/vantiq-ui-ios/Example/Pods/JWT/Classes/Algorithms/HSFamily/JWTAlgorithmHSBase.m:9:
In file included from /Users/swan/Development/vantiq-ui-ios/Example/Pods/JWT/Classes/Algorithms/HSFamily/JWTAlgorithmHSBase.h:10:
/Users/swan/Development/vantiq-ui-ios/Example/Pods/JWT/Classes/Algorithms/Base/JWTAlgorithm.h:24:82: note: 'encodePayload:withSecret:' has been explicitly marked deprecated here
   24 | - (NSData *)encodePayload:(NSString *)theString withSecret:(NSString *)theSecret __deprecated_and_will_be_removed_in_release_version(JWTVersion_3_0_0);
      |                                                                                  ^
In file included from /Users/swan/Development/vantiq-ui-ios/Example/Pods/JWT/Classes/Algorithms/HSFamily/JWTAlgorithmHSBase.m:9:
In file included from /Users/swan/Development/vantiq-ui-ios/Example/Pods/JWT/Classes/Algorithms/HSFamily/JWTAlgorithmHSBase.h:10:
In file included from /Users/swan/Development/vantiq-ui-ios/Example/Pods/JWT/Classes/Algorithms/Base/JWTAlgorithm.h:10:
/Users/swan/Development/vantiq-ui-ios/Example/Pods/JWT/Classes/Supplement/JWTDeprecations.h:18:70: note: expanded from macro '__deprecated_and_will_be_removed_in_release_version'
   18 | #define __deprecated_and_will_be_removed_in_release_version(version) __deprecated_msg("deprecated. will be removed in release version: "STR(version))
      |                                                                      ^
In module 'Foundation' imported from /Users/swan/Development/vantiq-ui-ios/Example/Pods/JWT/Classes/Algorithms/HSFamily/JWTAlgorithmHSBase.h:9:
In module 'CoreFoundation' imported from /Applications/Xcode.app/Contents/Developer/Platforms/iPhoneSimulator.platform/Developer/SDKs/iPhoneSimulator.sdk/System/Library/Frameworks/Foundation.framework/Headers/Foundation.h:6:
In module '_DarwinFoundation1' imported from /Applications/Xcode.app/Contents/Developer/Platforms/iPhoneSimulator.platform/Developer/SDKs/iPhoneSimulator.sdk/System/Library/Frameworks/CoreFoundation.framework/Headers/CoreFoundation.h:14:
/Applications/Xcode.app/Contents/Developer/Platforms/iPhoneSimulator.platform/Developer/SDKs/iPhoneSimulator26.4.sdk/usr/include/sys/cdefs.h:227:48: note: expanded from macro '__deprecated_msg'
  227 |         #define __deprecated_msg(_msg) __attribute__((__deprecated__(_msg)))
      |                                                       ^
3 warnings generated.

CompileC /Users/swan/Development/vantiq-ui-ios/Example/build/Pods.build/Debug-iphonesimulator/JWT.build/Objects-normal/arm64/JWTAlgorithmHS512.o /Users/swan/Development/vantiq-ui-ios/Example/Pods/JWT/Classes/Algorithms/HSFamily/JWTAlgorithmHS512.m normal arm64 objective-c com.apple.compilers.llvm.clang.1_0.compiler (in target 'JWT' from project 'Pods')
    cd /Users/swan/Development/vantiq-ui-ios/Example/Pods
    
    Using response file: /Users/swan/Development/vantiq-ui-ios/Example/build/Pods.build/Debug-iphonesimulator/JWT.build/Objects-normal/arm64/e6072d4f65d7061329687fe24e3d63a7-common-args.resp
    
    /Applications/Xcode.app/Contents/Developer/Toolchains/XcodeDefault.xctoolchain/usr/bin/clang -x objective-c -ivfsstatcache /Users/swan/Library/Developer/Xcode/DerivedData/SDKStatCaches.noindex/iphonesimulator26.4-23E237-686eebb5dc1d8ecb277353a59184f4aa.sdkstatcache -target arm64-apple-ios12.0-simulator -fmessage-length\=0 -fdiagnostics-show-note-include-stack -fmacro-backtrace-limit\=0 -fno-color-diagnostics -fmodules-prune-interval\=86400 -fmodules-prune-after\=345600 -fbuild-session-file\=/Users/swan/Library/Developer/Xcode/DerivedData/ModuleCache.noindex/Session.modulevalidation -fmodules-validate-once-per-build-session -Wnon-modular-include-in-framework-module -Werror\=non-modular-include-in-framework-module -Wno-trigraphs -Wno-missing-field-initializers -Wno-missing-prototypes -Werror\=return-type -Wdocumentation -Wunreachable-code -Wno-implicit-atomic-properties -Werror\=deprecated-objc-isa-usage -Wno-objc-interface-ivars -Werror\=objc-root-class -Wno-arc-repeated-use-of-weak -Wimplicit-retain-self -Wduplicate-method-match -Wno-missing-braces -Wparentheses -Wswitch -Wunused-function -Wno-unused-label -Wno-unused-parameter -Wunused-variable -Wunused-value -Wempty-body -Wuninitialized -Wconditional-uninitialized -Wno-unknown-pragmas -Wno-shadow -Wno-four-char-constants -Wno-conversion -Wconstant-conversion -Wint-conversion -Wbool-conversion -Wenum-conversion -Wno-float-conversion -Wnon-literal-null-conversion -Wobjc-literal-conversion -Wshorten-64-to-32 -Wpointer-sign -Wno-newline-eof -Wno-selector -Wno-strict-selector-match -Wundeclared-selector -Wdeprecated-implementations -Wno-implicit-fallthrough -isysroot /Applications/Xcode.app/Contents/Developer/Platforms/iPhoneSimulator.platform/Developer/SDKs/iPhoneSimulator26.4.sdk -fstrict-aliasing -Wprotocol -Wdeprecated-declarations -Wno-sign-conversion -Winfinite-recursion -Wcomma -Wblock-capture-autoreleasing -Wstrict-prototypes -Wno-semicolon-before-method-body -Wunguarded-availability -index-store-path /Users/swan/Library/Developer/Xcode/DerivedData/vantiq-ui-ios-gueetvuzmuxrbegsztzkuatnhugx/Index.noindex/DataStore @/Users/swan/Development/vantiq-ui-ios/Example/build/Pods.build/Debug-iphonesimulator/JWT.build/Objects-normal/arm64/e6072d4f65d7061329687fe24e3d63a7-common-args.resp -include /Users/swan/Development/vantiq-ui-ios/Example/Pods/Target\ Support\ Files/JWT/JWT-prefix.pch -MMD -MT dependencies -MF /Users/swan/Development/vantiq-ui-ios/Example/build/Pods.build/Debug-iphonesimulator/JWT.build/Objects-normal/arm64/JWTAlgorithmHS512.d --serialize-diagnostics /Users/swan/Development/vantiq-ui-ios/Example/build/Pods.build/Debug-iphonesimulator/JWT.build/Objects-normal/arm64/JWTAlgorithmHS512.dia -c /Users/swan/Development/vantiq-ui-ios/Example/Pods/JWT/Classes/Algorithms/HSFamily/JWTAlgorithmHS512.m -o /Users/swan/Development/vantiq-ui-ios/Example/build/Pods.build/Debug-iphonesimulator/JWT.build/Objects-normal/arm64/JWTAlgorithmHS512.o -index-unit-output-path /Pods.build/Debug-iphonesimulator/JWT.build/Objects-normal/arm64/JWTAlgorithmHS512.o

CompileC /Users/swan/Development/vantiq-ui-ios/Example/build/Pods.build/Debug-iphonesimulator/JWT.build/Objects-normal/arm64/JWTAlgorithmHS384.o /Users/swan/Development/vantiq-ui-ios/Example/Pods/JWT/Classes/Algorithms/HSFamily/JWTAlgorithmHS384.m normal arm64 objective-c com.apple.compilers.llvm.clang.1_0.compiler (in target 'JWT' from project 'Pods')
    cd /Users/swan/Development/vantiq-ui-ios/Example/Pods
    
    Using response file: /Users/swan/Development/vantiq-ui-ios/Example/build/Pods.build/Debug-iphonesimulator/JWT.build/Objects-normal/arm64/e6072d4f65d7061329687fe24e3d63a7-common-args.resp
    
    /Applications/Xcode.app/Contents/Developer/Toolchains/XcodeDefault.xctoolchain/usr/bin/clang -x objective-c -ivfsstatcache /Users/swan/Library/Developer/Xcode/DerivedData/SDKStatCaches.noindex/iphonesimulator26.4-23E237-686eebb5dc1d8ecb277353a59184f4aa.sdkstatcache -target arm64-apple-ios12.0-simulator -fmessage-length\=0 -fdiagnostics-show-note-include-stack -fmacro-backtrace-limit\=0 -fno-color-diagnostics -fmodules-prune-interval\=86400 -fmodules-prune-after\=345600 -fbuild-session-file\=/Users/swan/Library/Developer/Xcode/DerivedData/ModuleCache.noindex/Session.modulevalidation -fmodules-validate-once-per-build-session -Wnon-modular-include-in-framework-module -Werror\=non-modular-include-in-framework-module -Wno-trigraphs -Wno-missing-field-initializers -Wno-missing-prototypes -Werror\=return-type -Wdocumentation -Wunreachable-code -Wno-implicit-atomic-properties -Werror\=deprecated-objc-isa-usage -Wno-objc-interface-ivars -Werror\=objc-root-class -Wno-arc-repeated-use-of-weak -Wimplicit-retain-self -Wduplicate-method-match -Wno-missing-braces -Wparentheses -Wswitch -Wunused-function -Wno-unused-label -Wno-unused-parameter -Wunused-variable -Wunused-value -Wempty-body -Wuninitialized -Wconditional-uninitialized -Wno-unknown-pragmas -Wno-shadow -Wno-four-char-constants -Wno-conversion -Wconstant-conversion -Wint-conversion -Wbool-conversion -Wenum-conversion -Wno-float-conversion -Wnon-literal-null-conversion -Wobjc-literal-conversion -Wshorten-64-to-32 -Wpointer-sign -Wno-newline-eof -Wno-selector -Wno-strict-selector-match -Wundeclared-selector -Wdeprecated-implementations -Wno-implicit-fallthrough -isysroot /Applications/Xcode.app/Contents/Developer/Platforms/iPhoneSimulator.platform/Developer/SDKs/iPhoneSimulator26.4.sdk -fstrict-aliasing -Wprotocol -Wdeprecated-declarations -Wno-sign-conversion -Winfinite-recursion -Wcomma -Wblock-capture-autoreleasing -Wstrict-prototypes -Wno-semicolon-before-method-body -Wunguarded-availability -index-store-path /Users/swan/Library/Developer/Xcode/DerivedData/vantiq-ui-ios-gueetvuzmuxrbegsztzkuatnhugx/Index.noindex/DataStore @/Users/swan/Development/vantiq-ui-ios/Example/build/Pods.build/Debug-iphonesimulator/JWT.build/Objects-normal/arm64/e6072d4f65d7061329687fe24e3d63a7-common-args.resp -include /Users/swan/Development/vantiq-ui-ios/Example/Pods/Target\ Support\ Files/JWT/JWT-prefix.pch -MMD -MT dependencies -MF /Users/swan/Development/vantiq-ui-ios/Example/build/Pods.build/Debug-iphonesimulator/JWT.build/Objects-normal/arm64/JWTAlgorithmHS384.d --serialize-diagnostics /Users/swan/Development/vantiq-ui-ios/Example/build/Pods.build/Debug-iphonesimulator/JWT.build/Objects-normal/arm64/JWTAlgorithmHS384.dia -c /Users/swan/Development/vantiq-ui-ios/Example/Pods/JWT/Classes/Algorithms/HSFamily/JWTAlgorithmHS384.m -o /Users/swan/Development/vantiq-ui-ios/Example/build/Pods.build/Debug-iphonesimulator/JWT.build/Objects-normal/arm64/JWTAlgorithmHS384.o -index-unit-output-path /Pods.build/Debug-iphonesimulator/JWT.build/Objects-normal/arm64/JWTAlgorithmHS384.o

CompileC /Users/swan/Development/vantiq-ui-ios/Example/build/Pods.build/Debug-iphonesimulator/JWT.build/Objects-normal/arm64/JWTAlgorithmHS256.o /Users/swan/Development/vantiq-ui-ios/Example/Pods/JWT/Classes/Algorithms/HSFamily/JWTAlgorithmHS256.m normal arm64 objective-c com.apple.compilers.llvm.clang.1_0.compiler (in target 'JWT' from project 'Pods')
    cd /Users/swan/Development/vantiq-ui-ios/Example/Pods
    
    Using response file: /Users/swan/Development/vantiq-ui-ios/Example/build/Pods.build/Debug-iphonesimulator/JWT.build/Objects-normal/arm64/e6072d4f65d7061329687fe24e3d63a7-common-args.resp
    
    /Applications/Xcode.app/Contents/Developer/Toolchains/XcodeDefault.xctoolchain/usr/bin/clang -x objective-c -ivfsstatcache /Users/swan/Library/Developer/Xcode/DerivedData/SDKStatCaches.noindex/iphonesimulator26.4-23E237-686eebb5dc1d8ecb277353a59184f4aa.sdkstatcache -target arm64-apple-ios12.0-simulator -fmessage-length\=0 -fdiagnostics-show-note-include-stack -fmacro-backtrace-limit\=0 -fno-color-diagnostics -fmodules-prune-interval\=86400 -fmodules-prune-after\=345600 -fbuild-session-file\=/Users/swan/Library/Developer/Xcode/DerivedData/ModuleCache.noindex/Session.modulevalidation -fmodules-validate-once-per-build-session -Wnon-modular-include-in-framework-module -Werror\=non-modular-include-in-framework-module -Wno-trigraphs -Wno-missing-field-initializers -Wno-missing-prototypes -Werror\=return-type -Wdocumentation -Wunreachable-code -Wno-implicit-atomic-properties -Werror\=deprecated-objc-isa-usage -Wno-objc-interface-ivars -Werror\=objc-root-class -Wno-arc-repeated-use-of-weak -Wimplicit-retain-self -Wduplicate-method-match -Wno-missing-braces -Wparentheses -Wswitch -Wunused-function -Wno-unused-label -Wno-unused-parameter -Wunused-variable -Wunused-value -Wempty-body -Wuninitialized -Wconditional-uninitialized -Wno-unknown-pragmas -Wno-shadow -Wno-four-char-constants -Wno-conversion -Wconstant-conversion -Wint-conversion -Wbool-conversion -Wenum-conversion -Wno-float-conversion -Wnon-literal-null-conversion -Wobjc-literal-conversion -Wshorten-64-to-32 -Wpointer-sign -Wno-newline-eof -Wno-selector -Wno-strict-selector-match -Wundeclared-selector -Wdeprecated-implementations -Wno-implicit-fallthrough -isysroot /Applications/Xcode.app/Contents/Developer/Platforms/iPhoneSimulator.platform/Developer/SDKs/iPhoneSimulator26.4.sdk -fstrict-aliasing -Wprotocol -Wdeprecated-declarations -Wno-sign-conversion -Winfinite-recursion -Wcomma -Wblock-capture-autoreleasing -Wstrict-prototypes -Wno-semicolon-before-method-body -Wunguarded-availability -index-store-path /Users/swan/Library/Developer/Xcode/DerivedData/vantiq-ui-ios-gueetvuzmuxrbegsztzkuatnhugx/Index.noindex/DataStore @/Users/swan/Development/vantiq-ui-ios/Example/build/Pods.build/Debug-iphonesimulator/JWT.build/Objects-normal/arm64/e6072d4f65d7061329687fe24e3d63a7-common-args.resp -include /Users/swan/Development/vantiq-ui-ios/Example/Pods/Target\ Support\ Files/JWT/JWT-prefix.pch -MMD -MT dependencies -MF /Users/swan/Development/vantiq-ui-ios/Example/build/Pods.build/Debug-iphonesimulator/JWT.build/Objects-normal/arm64/JWTAlgorithmHS256.d --serialize-diagnostics /Users/swan/Development/vantiq-ui-ios/Example/build/Pods.build/Debug-iphonesimulator/JWT.build/Objects-normal/arm64/JWTAlgorithmHS256.dia -c /Users/swan/Development/vantiq-ui-ios/Example/Pods/JWT/Classes/Algorithms/HSFamily/JWTAlgorithmHS256.m -o /Users/swan/Development/vantiq-ui-ios/Example/build/Pods.build/Debug-iphonesimulator/JWT.build/Objects-normal/arm64/JWTAlgorithmHS256.o -index-unit-output-path /Pods.build/Debug-iphonesimulator/JWT.build/Objects-normal/arm64/JWTAlgorithmHS256.o

CompileC /Users/swan/Development/vantiq-ui-ios/Example/build/Pods.build/Debug-iphonesimulator/JWT.build/Objects-normal/arm64/JWTAlgorithmFactory.o /Users/swan/Development/vantiq-ui-ios/Example/Pods/JWT/Classes/Algorithms/Base/JWTAlgorithmFactory.m normal arm64 objective-c com.apple.compilers.llvm.clang.1_0.compiler (in target 'JWT' from project 'Pods')
    cd /Users/swan/Development/vantiq-ui-ios/Example/Pods
    
    Using response file: /Users/swan/Development/vantiq-ui-ios/Example/build/Pods.build/Debug-iphonesimulator/JWT.build/Objects-normal/arm64/e6072d4f65d7061329687fe24e3d63a7-common-args.resp
    
    /Applications/Xcode.app/Contents/Developer/Toolchains/XcodeDefault.xctoolchain/usr/bin/clang -x objective-c -ivfsstatcache /Users/swan/Library/Developer/Xcode/DerivedData/SDKStatCaches.noindex/iphonesimulator26.4-23E237-686eebb5dc1d8ecb277353a59184f4aa.sdkstatcache -target arm64-apple-ios12.0-simulator -fmessage-length\=0 -fdiagnostics-show-note-include-stack -fmacro-backtrace-limit\=0 -fno-color-diagnostics -fmodules-prune-interval\=86400 -fmodules-prune-after\=345600 -fbuild-session-file\=/Users/swan/Library/Developer/Xcode/DerivedData/ModuleCache.noindex/Session.modulevalidation -fmodules-validate-once-per-build-session -Wnon-modular-include-in-framework-module -Werror\=non-modular-include-in-framework-module -Wno-trigraphs -Wno-missing-field-initializers -Wno-missing-prototypes -Werror\=return-type -Wdocumentation -Wunreachable-code -Wno-implicit-atomic-properties -Werror\=deprecated-objc-isa-usage -Wno-objc-interface-ivars -Werror\=objc-root-class -Wno-arc-repeated-use-of-weak -Wimplicit-retain-self -Wduplicate-method-match -Wno-missing-braces -Wparentheses -Wswitch -Wunused-function -Wno-unused-label -Wno-unused-parameter -Wunused-variable -Wunused-value -Wempty-body -Wuninitialized -Wconditional-uninitialized -Wno-unknown-pragmas -Wno-shadow -Wno-four-char-constants -Wno-conversion -Wconstant-conversion -Wint-conversion -Wbool-conversion -Wenum-conversion -Wno-float-conversion -Wnon-literal-null-conversion -Wobjc-literal-conversion -Wshorten-64-to-32 -Wpointer-sign -Wno-newline-eof -Wno-selector -Wno-strict-selector-match -Wundeclared-selector -Wdeprecated-implementations -Wno-implicit-fallthrough -isysroot /Applications/Xcode.app/Contents/Developer/Platforms/iPhoneSimulator.platform/Developer/SDKs/iPhoneSimulator26.4.sdk -fstrict-aliasing -Wprotocol -Wdeprecated-declarations -Wno-sign-conversion -Winfinite-recursion -Wcomma -Wblock-capture-autoreleasing -Wstrict-prototypes -Wno-semicolon-before-method-body -Wunguarded-availability -index-store-path /Users/swan/Library/Developer/Xcode/DerivedData/vantiq-ui-ios-gueetvuzmuxrbegsztzkuatnhugx/Index.noindex/DataStore @/Users/swan/Development/vantiq-ui-ios/Example/build/Pods.build/Debug-iphonesimulator/JWT.build/Objects-normal/arm64/e6072d4f65d7061329687fe24e3d63a7-common-args.resp -include /Users/swan/Development/vantiq-ui-ios/Example/Pods/Target\ Support\ Files/JWT/JWT-prefix.pch -MMD -MT dependencies -MF /Users/swan/Development/vantiq-ui-ios/Example/build/Pods.build/Debug-iphonesimulator/JWT.build/Objects-normal/arm64/JWTAlgorithmFactory.d --serialize-diagnostics /Users/swan/Development/vantiq-ui-ios/Example/build/Pods.build/Debug-iphonesimulator/JWT.build/Objects-normal/arm64/JWTAlgorithmFactory.dia -c /Users/swan/Development/vantiq-ui-ios/Example/Pods/JWT/Classes/Algorithms/Base/JWTAlgorithmFactory.m -o /Users/swan/Development/vantiq-ui-ios/Example/build/Pods.build/Debug-iphonesimulator/JWT.build/Objects-normal/arm64/JWTAlgorithmFactory.o -index-unit-output-path /Pods.build/Debug-iphonesimulator/JWT.build/Objects-normal/arm64/JWTAlgorithmFactory.o

CompileC /Users/swan/Development/vantiq-ui-ios/Example/build/Pods.build/Debug-iphonesimulator/JWT.build/Objects-normal/arm64/JWTAlgorithmDataHolderChain.o /Users/swan/Development/vantiq-ui-ios/Example/Pods/JWT/Classes/Algorithms/Holders/JWTAlgorithmDataHolderChain.m normal arm64 objective-c com.apple.compilers.llvm.clang.1_0.compiler (in target 'JWT' from project 'Pods')
    cd /Users/swan/Development/vantiq-ui-ios/Example/Pods
    
    Using response file: /Users/swan/Development/vantiq-ui-ios/Example/build/Pods.build/Debug-iphonesimulator/JWT.build/Objects-normal/arm64/e6072d4f65d7061329687fe24e3d63a7-common-args.resp
    
    /Applications/Xcode.app/Contents/Developer/Toolchains/XcodeDefault.xctoolchain/usr/bin/clang -x objective-c -ivfsstatcache /Users/swan/Library/Developer/Xcode/DerivedData/SDKStatCaches.noindex/iphonesimulator26.4-23E237-686eebb5dc1d8ecb277353a59184f4aa.sdkstatcache -target arm64-apple-ios12.0-simulator -fmessage-length\=0 -fdiagnostics-show-note-include-stack -fmacro-backtrace-limit\=0 -fno-color-diagnostics -fmodules-prune-interval\=86400 -fmodules-prune-after\=345600 -fbuild-session-file\=/Users/swan/Library/Developer/Xcode/DerivedData/ModuleCache.noindex/Session.modulevalidation -fmodules-validate-once-per-build-session -Wnon-modular-include-in-framework-module -Werror\=non-modular-include-in-framework-module -Wno-trigraphs -Wno-missing-field-initializers -Wno-missing-prototypes -Werror\=return-type -Wdocumentation -Wunreachable-code -Wno-implicit-atomic-properties -Werror\=deprecated-objc-isa-usage -Wno-objc-interface-ivars -Werror\=objc-root-class -Wno-arc-repeated-use-of-weak -Wimplicit-retain-self -Wduplicate-method-match -Wno-missing-braces -Wparentheses -Wswitch -Wunused-function -Wno-unused-label -Wno-unused-parameter -Wunused-variable -Wunused-value -Wempty-body -Wuninitialized -Wconditional-uninitialized -Wno-unknown-pragmas -Wno-shadow -Wno-four-char-constants -Wno-conversion -Wconstant-conversion -Wint-conversion -Wbool-conversion -Wenum-conversion -Wno-float-conversion -Wnon-literal-null-conversion -Wobjc-literal-conversion -Wshorten-64-to-32 -Wpointer-sign -Wno-newline-eof -Wno-selector -Wno-strict-selector-match -Wundeclared-selector -Wdeprecated-implementations -Wno-implicit-fallthrough -isysroot /Applications/Xcode.app/Contents/Developer/Platforms/iPhoneSimulator.platform/Developer/SDKs/iPhoneSimulator26.4.sdk -fstrict-aliasing -Wprotocol -Wdeprecated-declarations -Wno-sign-conversion -Winfinite-recursion -Wcomma -Wblock-capture-autoreleasing -Wstrict-prototypes -Wno-semicolon-before-method-body -Wunguarded-availability -index-store-path /Users/swan/Library/Developer/Xcode/DerivedData/vantiq-ui-ios-gueetvuzmuxrbegsztzkuatnhugx/Index.noindex/DataStore @/Users/swan/Development/vantiq-ui-ios/Example/build/Pods.build/Debug-iphonesimulator/JWT.build/Objects-normal/arm64/e6072d4f65d7061329687fe24e3d63a7-common-args.resp -include /Users/swan/Development/vantiq-ui-ios/Example/Pods/Target\ Support\ Files/JWT/JWT-prefix.pch -MMD -MT dependencies -MF /Users/swan/Development/vantiq-ui-ios/Example/build/Pods.build/Debug-iphonesimulator/JWT.build/Objects-normal/arm64/JWTAlgorithmDataHolderChain.d --serialize-diagnostics /Users/swan/Development/vantiq-ui-ios/Example/build/Pods.build/Debug-iphonesimulator/JWT.build/Objects-normal/arm64/JWTAlgorithmDataHolderChain.dia -c /Users/swan/Development/vantiq-ui-ios/Example/Pods/JWT/Classes/Algorithms/Holders/JWTAlgorithmDataHolderChain.m -o /Users/swan/Development/vantiq-ui-ios/Example/build/Pods.build/Debug-iphonesimulator/JWT.build/Objects-normal/arm64/JWTAlgorithmDataHolderChain.o -index-unit-output-path /Pods.build/Debug-iphonesimulator/JWT.build/Objects-normal/arm64/JWTAlgorithmDataHolderChain.o

CompileC /Users/swan/Development/vantiq-ui-ios/Example/build/Pods.build/Debug-iphonesimulator/AppAuth.build/Objects-normal/arm64/OIDURLSessionProvider.o /Users/swan/Development/vantiq-ui-ios/Example/Pods/AppAuth/Sources/AppAuthCore/OIDURLSessionProvider.m normal arm64 objective-c com.apple.compilers.llvm.clang.1_0.compiler (in target 'AppAuth' from project 'Pods')
    cd /Users/swan/Development/vantiq-ui-ios/Example/Pods
    
    Using response file: /Users/swan/Development/vantiq-ui-ios/Example/build/Pods.build/Debug-iphonesimulator/AppAuth.build/Objects-normal/arm64/e6072d4f65d7061329687fe24e3d63a7-common-args.resp
    
    /Applications/Xcode.app/Contents/Developer/Toolchains/XcodeDefault.xctoolchain/usr/bin/clang -x objective-c -ivfsstatcache /Users/swan/Library/Developer/Xcode/DerivedData/SDKStatCaches.noindex/iphonesimulator26.4-23E237-686eebb5dc1d8ecb277353a59184f4aa.sdkstatcache -target arm64-apple-ios12.0-simulator -fmessage-length\=0 -fdiagnostics-show-note-include-stack -fmacro-backtrace-limit\=0 -fno-color-diagnostics -fmodules-prune-interval\=86400 -fmodules-prune-after\=345600 -fbuild-session-file\=/Users/swan/Library/Developer/Xcode/DerivedData/ModuleCache.noindex/Session.modulevalidation -fmodules-validate-once-per-build-session -Wnon-modular-include-in-framework-module -Werror\=non-modular-include-in-framework-module -Wno-trigraphs -Wno-missing-field-initializers -Wno-missing-prototypes -Werror\=return-type -Wdocumentation -Wunreachable-code -Wno-implicit-atomic-properties -Werror\=deprecated-objc-isa-usage -Wno-objc-interface-ivars -Werror\=objc-root-class -Wno-arc-repeated-use-of-weak -Wimplicit-retain-self -Wduplicate-method-match -Wno-missing-braces -Wparentheses -Wswitch -Wunused-function -Wno-unused-label -Wno-unused-parameter -Wunused-variable -Wunused-value -Wempty-body -Wuninitialized -Wconditional-uninitialized -Wno-unknown-pragmas -Wno-shadow -Wno-four-char-constants -Wno-conversion -Wconstant-conversion -Wint-conversion -Wbool-conversion -Wenum-conversion -Wno-float-conversion -Wnon-literal-null-conversion -Wobjc-literal-conversion -Wshorten-64-to-32 -Wpointer-sign -Wno-newline-eof -Wno-selector -Wno-strict-selector-match -Wundeclared-selector -Wdeprecated-implementations -Wno-implicit-fallthrough -isysroot /Applications/Xcode.app/Contents/Developer/Platforms/iPhoneSimulator.platform/Developer/SDKs/iPhoneSimulator26.4.sdk -fstrict-aliasing -Wprotocol -Wdeprecated-declarations -Wno-sign-conversion -Winfinite-recursion -Wcomma -Wblock-capture-autoreleasing -Wstrict-prototypes -Wno-semicolon-before-method-body -Wunguarded-availability -index-store-path /Users/swan/Library/Developer/Xcode/DerivedData/vantiq-ui-ios-gueetvuzmuxrbegsztzkuatnhugx/Index.noindex/DataStore @/Users/swan/Development/vantiq-ui-ios/Example/build/Pods.build/Debug-iphonesimulator/AppAuth.build/Objects-normal/arm64/e6072d4f65d7061329687fe24e3d63a7-common-args.resp -include /Users/swan/Development/vantiq-ui-ios/Example/Pods/Target\ Support\ Files/AppAuth/AppAuth-prefix.pch -MMD -MT dependencies -MF /Users/swan/Development/vantiq-ui-ios/Example/build/Pods.build/Debug-iphonesimulator/AppAuth.build/Objects-normal/arm64/OIDURLSessionProvider.d --serialize-diagnostics /Users/swan/Development/vantiq-ui-ios/Example/build/Pods.build/Debug-iphonesimulator/AppAuth.build/Objects-normal/arm64/OIDURLSessionProvider.dia -c /Users/swan/Development/vantiq-ui-ios/Example/Pods/AppAuth/Sources/AppAuthCore/OIDURLSessionProvider.m -o /Users/swan/Development/vantiq-ui-ios/Example/build/Pods.build/Debug-iphonesimulator/AppAuth.build/Objects-normal/arm64/OIDURLSessionProvider.o -index-unit-output-path /Pods.build/Debug-iphonesimulator/AppAuth.build/Objects-normal/arm64/OIDURLSessionProvider.o

CompileC /Users/swan/Development/vantiq-ui-ios/Example/build/Pods.build/Debug-iphonesimulator/AppAuth.build/Objects-normal/arm64/OIDURLQueryComponent.o /Users/swan/Development/vantiq-ui-ios/Example/Pods/AppAuth/Sources/AppAuthCore/OIDURLQueryComponent.m normal arm64 objective-c com.apple.compilers.llvm.clang.1_0.compiler (in target 'AppAuth' from project 'Pods')
    cd /Users/swan/Development/vantiq-ui-ios/Example/Pods
    
    Using response file: /Users/swan/Development/vantiq-ui-ios/Example/build/Pods.build/Debug-iphonesimulator/AppAuth.build/Objects-normal/arm64/e6072d4f65d7061329687fe24e3d63a7-common-args.resp
    
    /Applications/Xcode.app/Contents/Developer/Toolchains/XcodeDefault.xctoolchain/usr/bin/clang -x objective-c -ivfsstatcache /Users/swan/Library/Developer/Xcode/DerivedData/SDKStatCaches.noindex/iphonesimulator26.4-23E237-686eebb5dc1d8ecb277353a59184f4aa.sdkstatcache -target arm64-apple-ios12.0-simulator -fmessage-length\=0 -fdiagnostics-show-note-include-stack -fmacro-backtrace-limit\=0 -fno-color-diagnostics -fmodules-prune-interval\=86400 -fmodules-prune-after\=345600 -fbuild-session-file\=/Users/swan/Library/Developer/Xcode/DerivedData/ModuleCache.noindex/Session.modulevalidation -fmodules-validate-once-per-build-session -Wnon-modular-include-in-framework-module -Werror\=non-modular-include-in-framework-module -Wno-trigraphs -Wno-missing-field-initializers -Wno-missing-prototypes -Werror\=return-type -Wdocumentation -Wunreachable-code -Wno-implicit-atomic-properties -Werror\=deprecated-objc-isa-usage -Wno-objc-interface-ivars -Werror\=objc-root-class -Wno-arc-repeated-use-of-weak -Wimplicit-retain-self -Wduplicate-method-match -Wno-missing-braces -Wparentheses -Wswitch -Wunused-function -Wno-unused-label -Wno-unused-parameter -Wunused-variable -Wunused-value -Wempty-body -Wuninitialized -Wconditional-uninitialized -Wno-unknown-pragmas -Wno-shadow -Wno-four-char-constants -Wno-conversion -Wconstant-conversion -Wint-conversion -Wbool-conversion -Wenum-conversion -Wno-float-conversion -Wnon-literal-null-conversion -Wobjc-literal-conversion -Wshorten-64-to-32 -Wpointer-sign -Wno-newline-eof -Wno-selector -Wno-strict-selector-match -Wundeclared-selector -Wdeprecated-implementations -Wno-implicit-fallthrough -isysroot /Applications/Xcode.app/Contents/Developer/Platforms/iPhoneSimulator.platform/Developer/SDKs/iPhoneSimulator26.4.sdk -fstrict-aliasing -Wprotocol -Wdeprecated-declarations -Wno-sign-conversion -Winfinite-recursion -Wcomma -Wblock-capture-autoreleasing -Wstrict-prototypes -Wno-semicolon-before-method-body -Wunguarded-availability -index-store-path /Users/swan/Library/Developer/Xcode/DerivedData/vantiq-ui-ios-gueetvuzmuxrbegsztzkuatnhugx/Index.noindex/DataStore @/Users/swan/Development/vantiq-ui-ios/Example/build/Pods.build/Debug-iphonesimulator/AppAuth.build/Objects-normal/arm64/e6072d4f65d7061329687fe24e3d63a7-common-args.resp -include /Users/swan/Development/vantiq-ui-ios/Example/Pods/Target\ Support\ Files/AppAuth/AppAuth-prefix.pch -MMD -MT dependencies -MF /Users/swan/Development/vantiq-ui-ios/Example/build/Pods.build/Debug-iphonesimulator/AppAuth.build/Objects-normal/arm64/OIDURLQueryComponent.d --serialize-diagnostics /Users/swan/Development/vantiq-ui-ios/Example/build/Pods.build/Debug-iphonesimulator/AppAuth.build/Objects-normal/arm64/OIDURLQueryComponent.dia -c /Users/swan/Development/vantiq-ui-ios/Example/Pods/AppAuth/Sources/AppAuthCore/OIDURLQueryComponent.m -o /Users/swan/Development/vantiq-ui-ios/Example/build/Pods.build/Debug-iphonesimulator/AppAuth.build/Objects-normal/arm64/OIDURLQueryComponent.o -index-unit-output-path /Pods.build/Debug-iphonesimulator/AppAuth.build/Objects-normal/arm64/OIDURLQueryComponent.o

CompileC /Users/swan/Development/vantiq-ui-ios/Example/build/Pods.build/Debug-iphonesimulator/AppAuth.build/Objects-normal/arm64/OIDTokenUtilities.o /Users/swan/Development/vantiq-ui-ios/Example/Pods/AppAuth/Sources/AppAuthCore/OIDTokenUtilities.m normal arm64 objective-c com.apple.compilers.llvm.clang.1_0.compiler (in target 'AppAuth' from project 'Pods')
    cd /Users/swan/Development/vantiq-ui-ios/Example/Pods
    
    Using response file: /Users/swan/Development/vantiq-ui-ios/Example/build/Pods.build/Debug-iphonesimulator/AppAuth.build/Objects-normal/arm64/e6072d4f65d7061329687fe24e3d63a7-common-args.resp
    
    /Applications/Xcode.app/Contents/Developer/Toolchains/XcodeDefault.xctoolchain/usr/bin/clang -x objective-c -ivfsstatcache /Users/swan/Library/Developer/Xcode/DerivedData/SDKStatCaches.noindex/iphonesimulator26.4-23E237-686eebb5dc1d8ecb277353a59184f4aa.sdkstatcache -target arm64-apple-ios12.0-simulator -fmessage-length\=0 -fdiagnostics-show-note-include-stack -fmacro-backtrace-limit\=0 -fno-color-diagnostics -fmodules-prune-interval\=86400 -fmodules-prune-after\=345600 -fbuild-session-file\=/Users/swan/Library/Developer/Xcode/DerivedData/ModuleCache.noindex/Session.modulevalidation -fmodules-validate-once-per-build-session -Wnon-modular-include-in-framework-module -Werror\=non-modular-include-in-framework-module -Wno-trigraphs -Wno-missing-field-initializers -Wno-missing-prototypes -Werror\=return-type -Wdocumentation -Wunreachable-code -Wno-implicit-atomic-properties -Werror\=deprecated-objc-isa-usage -Wno-objc-interface-ivars -Werror\=objc-root-class -Wno-arc-repeated-use-of-weak -Wimplicit-retain-self -Wduplicate-method-match -Wno-missing-braces -Wparentheses -Wswitch -Wunused-function -Wno-unused-label -Wno-unused-parameter -Wunused-variable -Wunused-value -Wempty-body -Wuninitialized -Wconditional-uninitialized -Wno-unknown-pragmas -Wno-shadow -Wno-four-char-constants -Wno-conversion -Wconstant-conversion -Wint-conversion -Wbool-conversion -Wenum-conversion -Wno-float-conversion -Wnon-literal-null-conversion -Wobjc-literal-conversion -Wshorten-64-to-32 -Wpointer-sign -Wno-newline-eof -Wno-selector -Wno-strict-selector-match -Wundeclared-selector -Wdeprecated-implementations -Wno-implicit-fallthrough -isysroot /Applications/Xcode.app/Contents/Developer/Platforms/iPhoneSimulator.platform/Developer/SDKs/iPhoneSimulator26.4.sdk -fstrict-aliasing -Wprotocol -Wdeprecated-declarations -Wno-sign-conversion -Winfinite-recursion -Wcomma -Wblock-capture-autoreleasing -Wstrict-prototypes -Wno-semicolon-before-method-body -Wunguarded-availability -index-store-path /Users/swan/Library/Developer/Xcode/DerivedData/vantiq-ui-ios-gueetvuzmuxrbegsztzkuatnhugx/Index.noindex/DataStore @/Users/swan/Development/vantiq-ui-ios/Example/build/Pods.build/Debug-iphonesimulator/AppAuth.build/Objects-normal/arm64/e6072d4f65d7061329687fe24e3d63a7-common-args.resp -include /Users/swan/Development/vantiq-ui-ios/Example/Pods/Target\ Support\ Files/AppAuth/AppAuth-prefix.pch -MMD -MT dependencies -MF /Users/swan/Development/vantiq-ui-ios/Example/build/Pods.build/Debug-iphonesimulator/AppAuth.build/Objects-normal/arm64/OIDTokenUtilities.d --serialize-diagnostics /Users/swan/Development/vantiq-ui-ios/Example/build/Pods.build/Debug-iphonesimulator/AppAuth.build/Objects-normal/arm64/OIDTokenUtilities.dia -c /Users/swan/Development/vantiq-ui-ios/Example/Pods/AppAuth/Sources/AppAuthCore/OIDTokenUtilities.m -o /Users/swan/Development/vantiq-ui-ios/Example/build/Pods.build/Debug-iphonesimulator/AppAuth.build/Objects-normal/arm64/OIDTokenUtilities.o -index-unit-output-path /Pods.build/Debug-iphonesimulator/AppAuth.build/Objects-normal/arm64/OIDTokenUtilities.o

CompileC /Users/swan/Development/vantiq-ui-ios/Example/build/Pods.build/Debug-iphonesimulator/AppAuth.build/Objects-normal/arm64/OIDTokenResponse.o /Users/swan/Development/vantiq-ui-ios/Example/Pods/AppAuth/Sources/AppAuthCore/OIDTokenResponse.m normal arm64 objective-c com.apple.compilers.llvm.clang.1_0.compiler (in target 'AppAuth' from project 'Pods')
    cd /Users/swan/Development/vantiq-ui-ios/Example/Pods
    
    Using response file: /Users/swan/Development/vantiq-ui-ios/Example/build/Pods.build/Debug-iphonesimulator/AppAuth.build/Objects-normal/arm64/e6072d4f65d7061329687fe24e3d63a7-common-args.resp
    
    /Applications/Xcode.app/Contents/Developer/Toolchains/XcodeDefault.xctoolchain/usr/bin/clang -x objective-c -ivfsstatcache /Users/swan/Library/Developer/Xcode/DerivedData/SDKStatCaches.noindex/iphonesimulator26.4-23E237-686eebb5dc1d8ecb277353a59184f4aa.sdkstatcache -target arm64-apple-ios12.0-simulator -fmessage-length\=0 -fdiagnostics-show-note-include-stack -fmacro-backtrace-limit\=0 -fno-color-diagnostics -fmodules-prune-interval\=86400 -fmodules-prune-after\=345600 -fbuild-session-file\=/Users/swan/Library/Developer/Xcode/DerivedData/ModuleCache.noindex/Session.modulevalidation -fmodules-validate-once-per-build-session -Wnon-modular-include-in-framework-module -Werror\=non-modular-include-in-framework-module -Wno-trigraphs -Wno-missing-field-initializers -Wno-missing-prototypes -Werror\=return-type -Wdocumentation -Wunreachable-code -Wno-implicit-atomic-properties -Werror\=deprecated-objc-isa-usage -Wno-objc-interface-ivars -Werror\=objc-root-class -Wno-arc-repeated-use-of-weak -Wimplicit-retain-self -Wduplicate-method-match -Wno-missing-braces -Wparentheses -Wswitch -Wunused-function -Wno-unused-label -Wno-unused-parameter -Wunused-variable -Wunused-value -Wempty-body -Wuninitialized -Wconditional-uninitialized -Wno-unknown-pragmas -Wno-shadow -Wno-four-char-constants -Wno-conversion -Wconstant-conversion -Wint-conversion -Wbool-conversion -Wenum-conversion -Wno-float-conversion -Wnon-literal-null-conversion -Wobjc-literal-conversion -Wshorten-64-to-32 -Wpointer-sign -Wno-newline-eof -Wno-selector -Wno-strict-selector-match -Wundeclared-selector -Wdeprecated-implementations -Wno-implicit-fallthrough -isysroot /Applications/Xcode.app/Contents/Developer/Platforms/iPhoneSimulator.platform/Developer/SDKs/iPhoneSimulator26.4.sdk -fstrict-aliasing -Wprotocol -Wdeprecated-declarations -Wno-sign-conversion -Winfinite-recursion -Wcomma -Wblock-capture-autoreleasing -Wstrict-prototypes -Wno-semicolon-before-method-body -Wunguarded-availability -index-store-path /Users/swan/Library/Developer/Xcode/DerivedData/vantiq-ui-ios-gueetvuzmuxrbegsztzkuatnhugx/Index.noindex/DataStore @/Users/swan/Development/vantiq-ui-ios/Example/build/Pods.build/Debug-iphonesimulator/AppAuth.build/Objects-normal/arm64/e6072d4f65d7061329687fe24e3d63a7-common-args.resp -include /Users/swan/Development/vantiq-ui-ios/Example/Pods/Target\ Support\ Files/AppAuth/AppAuth-prefix.pch -MMD -MT dependencies -MF /Users/swan/Development/vantiq-ui-ios/Example/build/Pods.build/Debug-iphonesimulator/AppAuth.build/Objects-normal/arm64/OIDTokenResponse.d --serialize-diagnostics /Users/swan/Development/vantiq-ui-ios/Example/build/Pods.build/Debug-iphonesimulator/AppAuth.build/Objects-normal/arm64/OIDTokenResponse.dia -c /Users/swan/Development/vantiq-ui-ios/Example/Pods/AppAuth/Sources/AppAuthCore/OIDTokenResponse.m -o /Users/swan/Development/vantiq-ui-ios/Example/build/Pods.build/Debug-iphonesimulator/AppAuth.build/Objects-normal/arm64/OIDTokenResponse.o -index-unit-output-path /Pods.build/Debug-iphonesimulator/AppAuth.build/Objects-normal/arm64/OIDTokenResponse.o

CompileC /Users/swan/Development/vantiq-ui-ios/Example/build/Pods.build/Debug-iphonesimulator/AppAuth.build/Objects-normal/arm64/OIDTokenRequest.o /Users/swan/Development/vantiq-ui-ios/Example/Pods/AppAuth/Sources/AppAuthCore/OIDTokenRequest.m normal arm64 objective-c com.apple.compilers.llvm.clang.1_0.compiler (in target 'AppAuth' from project 'Pods')
    cd /Users/swan/Development/vantiq-ui-ios/Example/Pods
    
    Using response file: /Users/swan/Development/vantiq-ui-ios/Example/build/Pods.build/Debug-iphonesimulator/AppAuth.build/Objects-normal/arm64/e6072d4f65d7061329687fe24e3d63a7-common-args.resp
    
    /Applications/Xcode.app/Contents/Developer/Toolchains/XcodeDefault.xctoolchain/usr/bin/clang -x objective-c -ivfsstatcache /Users/swan/Library/Developer/Xcode/DerivedData/SDKStatCaches.noindex/iphonesimulator26.4-23E237-686eebb5dc1d8ecb277353a59184f4aa.sdkstatcache -target arm64-apple-ios12.0-simulator -fmessage-length\=0 -fdiagnostics-show-note-include-stack -fmacro-backtrace-limit\=0 -fno-color-diagnostics -fmodules-prune-interval\=86400 -fmodules-prune-after\=345600 -fbuild-session-file\=/Users/swan/Library/Developer/Xcode/DerivedData/ModuleCache.noindex/Session.modulevalidation -fmodules-validate-once-per-build-session -Wnon-modular-include-in-framework-module -Werror\=non-modular-include-in-framework-module -Wno-trigraphs -Wno-missing-field-initializers -Wno-missing-prototypes -Werror\=return-type -Wdocumentation -Wunreachable-code -Wno-implicit-atomic-properties -Werror\=deprecated-objc-isa-usage -Wno-objc-interface-ivars -Werror\=objc-root-class -Wno-arc-repeated-use-of-weak -Wimplicit-retain-self -Wduplicate-method-match -Wno-missing-braces -Wparentheses -Wswitch -Wunused-function -Wno-unused-label -Wno-unused-parameter -Wunused-variable -Wunused-value -Wempty-body -Wuninitialized -Wconditional-uninitialized -Wno-unknown-pragmas -Wno-shadow -Wno-four-char-constants -Wno-conversion -Wconstant-conversion -Wint-conversion -Wbool-conversion -Wenum-conversion -Wno-float-conversion -Wnon-literal-null-conversion -Wobjc-literal-conversion -Wshorten-64-to-32 -Wpointer-sign -Wno-newline-eof -Wno-selector -Wno-strict-selector-match -Wundeclared-selector -Wdeprecated-implementations -Wno-implicit-fallthrough -isysroot /Applications/Xcode.app/Contents/Developer/Platforms/iPhoneSimulator.platform/Developer/SDKs/iPhoneSimulator26.4.sdk -fstrict-aliasing -Wprotocol -Wdeprecated-declarations -Wno-sign-conversion -Winfinite-recursion -Wcomma -Wblock-capture-autoreleasing -Wstrict-prototypes -Wno-semicolon-before-method-body -Wunguarded-availability -index-store-path /Users/swan/Library/Developer/Xcode/DerivedData/vantiq-ui-ios-gueetvuzmuxrbegsztzkuatnhugx/Index.noindex/DataStore @/Users/swan/Development/vantiq-ui-ios/Example/build/Pods.build/Debug-iphonesimulator/AppAuth.build/Objects-normal/arm64/e6072d4f65d7061329687fe24e3d63a7-common-args.resp -include /Users/swan/Development/vantiq-ui-ios/Example/Pods/Target\ Support\ Files/AppAuth/AppAuth-prefix.pch -MMD -MT dependencies -MF /Users/swan/Development/vantiq-ui-ios/Example/build/Pods.build/Debug-iphonesimulator/AppAuth.build/Objects-normal/arm64/OIDTokenRequest.d --serialize-diagnostics /Users/swan/Development/vantiq-ui-ios/Example/build/Pods.build/Debug-iphonesimulator/AppAuth.build/Objects-normal/arm64/OIDTokenRequest.dia -c /Users/swan/Development/vantiq-ui-ios/Example/Pods/AppAuth/Sources/AppAuthCore/OIDTokenRequest.m -o /Users/swan/Development/vantiq-ui-ios/Example/build/Pods.build/Debug-iphonesimulator/AppAuth.build/Objects-normal/arm64/OIDTokenRequest.o -index-unit-output-path /Pods.build/Debug-iphonesimulator/AppAuth.build/Objects-normal/arm64/OIDTokenRequest.o

CompileC /Users/swan/Development/vantiq-ui-ios/Example/build/Pods.build/Debug-iphonesimulator/AppAuth.build/Objects-normal/arm64/OIDServiceDiscovery.o /Users/swan/Development/vantiq-ui-ios/Example/Pods/AppAuth/Sources/AppAuthCore/OIDServiceDiscovery.m normal arm64 objective-c com.apple.compilers.llvm.clang.1_0.compiler (in target 'AppAuth' from project 'Pods')
    cd /Users/swan/Development/vantiq-ui-ios/Example/Pods
    
    Using response file: /Users/swan/Development/vantiq-ui-ios/Example/build/Pods.build/Debug-iphonesimulator/AppAuth.build/Objects-normal/arm64/e6072d4f65d7061329687fe24e3d63a7-common-args.resp
    
    /Applications/Xcode.app/Contents/Developer/Toolchains/XcodeDefault.xctoolchain/usr/bin/clang -x objective-c -ivfsstatcache /Users/swan/Library/Developer/Xcode/DerivedData/SDKStatCaches.noindex/iphonesimulator26.4-23E237-686eebb5dc1d8ecb277353a59184f4aa.sdkstatcache -target arm64-apple-ios12.0-simulator -fmessage-length\=0 -fdiagnostics-show-note-include-stack -fmacro-backtrace-limit\=0 -fno-color-diagnostics -fmodules-prune-interval\=86400 -fmodules-prune-after\=345600 -fbuild-session-file\=/Users/swan/Library/Developer/Xcode/DerivedData/ModuleCache.noindex/Session.modulevalidation -fmodules-validate-once-per-build-session -Wnon-modular-include-in-framework-module -Werror\=non-modular-include-in-framework-module -Wno-trigraphs -Wno-missing-field-initializers -Wno-missing-prototypes -Werror\=return-type -Wdocumentation -Wunreachable-code -Wno-implicit-atomic-properties -Werror\=deprecated-objc-isa-usage -Wno-objc-interface-ivars -Werror\=objc-root-class -Wno-arc-repeated-use-of-weak -Wimplicit-retain-self -Wduplicate-method-match -Wno-missing-braces -Wparentheses -Wswitch -Wunused-function -Wno-unused-label -Wno-unused-parameter -Wunused-variable -Wunused-value -Wempty-body -Wuninitialized -Wconditional-uninitialized -Wno-unknown-pragmas -Wno-shadow -Wno-four-char-constants -Wno-conversion -Wconstant-conversion -Wint-conversion -Wbool-conversion -Wenum-conversion -Wno-float-conversion -Wnon-literal-null-conversion -Wobjc-literal-conversion -Wshorten-64-to-32 -Wpointer-sign -Wno-newline-eof -Wno-selector -Wno-strict-selector-match -Wundeclared-selector -Wdeprecated-implementations -Wno-implicit-fallthrough -isysroot /Applications/Xcode.app/Contents/Developer/Platforms/iPhoneSimulator.platform/Developer/SDKs/iPhoneSimulator26.4.sdk -fstrict-aliasing -Wprotocol -Wdeprecated-declarations -Wno-sign-conversion -Winfinite-recursion -Wcomma -Wblock-capture-autoreleasing -Wstrict-prototypes -Wno-semicolon-before-method-body -Wunguarded-availability -index-store-path /Users/swan/Library/Developer/Xcode/DerivedData/vantiq-ui-ios-gueetvuzmuxrbegsztzkuatnhugx/Index.noindex/DataStore @/Users/swan/Development/vantiq-ui-ios/Example/build/Pods.build/Debug-iphonesimulator/AppAuth.build/Objects-normal/arm64/e6072d4f65d7061329687fe24e3d63a7-common-args.resp -include /Users/swan/Development/vantiq-ui-ios/Example/Pods/Target\ Support\ Files/AppAuth/AppAuth-prefix.pch -MMD -MT dependencies -MF /Users/swan/Development/vantiq-ui-ios/Example/build/Pods.build/Debug-iphonesimulator/AppAuth.build/Objects-normal/arm64/OIDServiceDiscovery.d --serialize-diagnostics /Users/swan/Development/vantiq-ui-ios/Example/build/Pods.build/Debug-iphonesimulator/AppAuth.build/Objects-normal/arm64/OIDServiceDiscovery.dia -c /Users/swan/Development/vantiq-ui-ios/Example/Pods/AppAuth/Sources/AppAuthCore/OIDServiceDiscovery.m -o /Users/swan/Development/vantiq-ui-ios/Example/build/Pods.build/Debug-iphonesimulator/AppAuth.build/Objects-normal/arm64/OIDServiceDiscovery.o -index-unit-output-path /Pods.build/Debug-iphonesimulator/AppAuth.build/Objects-normal/arm64/OIDServiceDiscovery.o

CompileC /Users/swan/Development/vantiq-ui-ios/Example/build/Pods.build/Debug-iphonesimulator/AppAuth.build/Objects-normal/arm64/OIDServiceConfiguration.o /Users/swan/Development/vantiq-ui-ios/Example/Pods/AppAuth/Sources/AppAuthCore/OIDServiceConfiguration.m normal arm64 objective-c com.apple.compilers.llvm.clang.1_0.compiler (in target 'AppAuth' from project 'Pods')
    cd /Users/swan/Development/vantiq-ui-ios/Example/Pods
    
    Using response file: /Users/swan/Development/vantiq-ui-ios/Example/build/Pods.build/Debug-iphonesimulator/AppAuth.build/Objects-normal/arm64/e6072d4f65d7061329687fe24e3d63a7-common-args.resp
    
    /Applications/Xcode.app/Contents/Developer/Toolchains/XcodeDefault.xctoolchain/usr/bin/clang -x objective-c -ivfsstatcache /Users/swan/Library/Developer/Xcode/DerivedData/SDKStatCaches.noindex/iphonesimulator26.4-23E237-686eebb5dc1d8ecb277353a59184f4aa.sdkstatcache -target arm64-apple-ios12.0-simulator -fmessage-length\=0 -fdiagnostics-show-note-include-stack -fmacro-backtrace-limit\=0 -fno-color-diagnostics -fmodules-prune-interval\=86400 -fmodules-prune-after\=345600 -fbuild-session-file\=/Users/swan/Library/Developer/Xcode/DerivedData/ModuleCache.noindex/Session.modulevalidation -fmodules-validate-once-per-build-session -Wnon-modular-include-in-framework-module -Werror\=non-modular-include-in-framework-module -Wno-trigraphs -Wno-missing-field-initializers -Wno-missing-prototypes -Werror\=return-type -Wdocumentation -Wunreachable-code -Wno-implicit-atomic-properties -Werror\=deprecated-objc-isa-usage -Wno-objc-interface-ivars -Werror\=objc-root-class -Wno-arc-repeated-use-of-weak -Wimplicit-retain-self -Wduplicate-method-match -Wno-missing-braces -Wparentheses -Wswitch -Wunused-function -Wno-unused-label -Wno-unused-parameter -Wunused-variable -Wunused-value -Wempty-body -Wuninitialized -Wconditional-uninitialized -Wno-unknown-pragmas -Wno-shadow -Wno-four-char-constants -Wno-conversion -Wconstant-conversion -Wint-conversion -Wbool-conversion -Wenum-conversion -Wno-float-conversion -Wnon-literal-null-conversion -Wobjc-literal-conversion -Wshorten-64-to-32 -Wpointer-sign -Wno-newline-eof -Wno-selector -Wno-strict-selector-match -Wundeclared-selector -Wdeprecated-implementations -Wno-implicit-fallthrough -isysroot /Applications/Xcode.app/Contents/Developer/Platforms/iPhoneSimulator.platform/Developer/SDKs/iPhoneSimulator26.4.sdk -fstrict-aliasing -Wprotocol -Wdeprecated-declarations -Wno-sign-conversion -Winfinite-recursion -Wcomma -Wblock-capture-autoreleasing -Wstrict-prototypes -Wno-semicolon-before-method-body -Wunguarded-availability -index-store-path /Users/swan/Library/Developer/Xcode/DerivedData/vantiq-ui-ios-gueetvuzmuxrbegsztzkuatnhugx/Index.noindex/DataStore @/Users/swan/Development/vantiq-ui-ios/Example/build/Pods.build/Debug-iphonesimulator/AppAuth.build/Objects-normal/arm64/e6072d4f65d7061329687fe24e3d63a7-common-args.resp -include /Users/swan/Development/vantiq-ui-ios/Example/Pods/Target\ Support\ Files/AppAuth/AppAuth-prefix.pch -MMD -MT dependencies -MF /Users/swan/Development/vantiq-ui-ios/Example/build/Pods.build/Debug-iphonesimulator/AppAuth.build/Objects-normal/arm64/OIDServiceConfiguration.d --serialize-diagnostics /Users/swan/Development/vantiq-ui-ios/Example/build/Pods.build/Debug-iphonesimulator/AppAuth.build/Objects-normal/arm64/OIDServiceConfiguration.dia -c /Users/swan/Development/vantiq-ui-ios/Example/Pods/AppAuth/Sources/AppAuthCore/OIDServiceConfiguration.m -o /Users/swan/Development/vantiq-ui-ios/Example/build/Pods.build/Debug-iphonesimulator/AppAuth.build/Objects-normal/arm64/OIDServiceConfiguration.o -index-unit-output-path /Pods.build/Debug-iphonesimulator/AppAuth.build/Objects-normal/arm64/OIDServiceConfiguration.o

CompileC /Users/swan/Development/vantiq-ui-ios/Example/build/Pods.build/Debug-iphonesimulator/AppAuth.build/Objects-normal/arm64/OIDScopes.o /Users/swan/Development/vantiq-ui-ios/Example/Pods/AppAuth/Sources/AppAuthCore/OIDScopes.m normal arm64 objective-c com.apple.compilers.llvm.clang.1_0.compiler (in target 'AppAuth' from project 'Pods')
    cd /Users/swan/Development/vantiq-ui-ios/Example/Pods
    
    Using response file: /Users/swan/Development/vantiq-ui-ios/Example/build/Pods.build/Debug-iphonesimulator/AppAuth.build/Objects-normal/arm64/e6072d4f65d7061329687fe24e3d63a7-common-args.resp
    
    /Applications/Xcode.app/Contents/Developer/Toolchains/XcodeDefault.xctoolchain/usr/bin/clang -x objective-c -ivfsstatcache /Users/swan/Library/Developer/Xcode/DerivedData/SDKStatCaches.noindex/iphonesimulator26.4-23E237-686eebb5dc1d8ecb277353a59184f4aa.sdkstatcache -target arm64-apple-ios12.0-simulator -fmessage-length\=0 -fdiagnostics-show-note-include-stack -fmacro-backtrace-limit\=0 -fno-color-diagnostics -fmodules-prune-interval\=86400 -fmodules-prune-after\=345600 -fbuild-session-file\=/Users/swan/Library/Developer/Xcode/DerivedData/ModuleCache.noindex/Session.modulevalidation -fmodules-validate-once-per-build-session -Wnon-modular-include-in-framework-module -Werror\=non-modular-include-in-framework-module -Wno-trigraphs -Wno-missing-field-initializers -Wno-missing-prototypes -Werror\=return-type -Wdocumentation -Wunreachable-code -Wno-implicit-atomic-properties -Werror\=deprecated-objc-isa-usage -Wno-objc-interface-ivars -Werror\=objc-root-class -Wno-arc-repeated-use-of-weak -Wimplicit-retain-self -Wduplicate-method-match -Wno-missing-braces -Wparentheses -Wswitch -Wunused-function -Wno-unused-label -Wno-unused-parameter -Wunused-variable -Wunused-value -Wempty-body -Wuninitialized -Wconditional-uninitialized -Wno-unknown-pragmas -Wno-shadow -Wno-four-char-constants -Wno-conversion -Wconstant-conversion -Wint-conversion -Wbool-conversion -Wenum-conversion -Wno-float-conversion -Wnon-literal-null-conversion -Wobjc-literal-conversion -Wshorten-64-to-32 -Wpointer-sign -Wno-newline-eof -Wno-selector -Wno-strict-selector-match -Wundeclared-selector -Wdeprecated-implementations -Wno-implicit-fallthrough -isysroot /Applications/Xcode.app/Contents/Developer/Platforms/iPhoneSimulator.platform/Developer/SDKs/iPhoneSimulator26.4.sdk -fstrict-aliasing -Wprotocol -Wdeprecated-declarations -Wno-sign-conversion -Winfinite-recursion -Wcomma -Wblock-capture-autoreleasing -Wstrict-prototypes -Wno-semicolon-before-method-body -Wunguarded-availability -index-store-path /Users/swan/Library/Developer/Xcode/DerivedData/vantiq-ui-ios-gueetvuzmuxrbegsztzkuatnhugx/Index.noindex/DataStore @/Users/swan/Development/vantiq-ui-ios/Example/build/Pods.build/Debug-iphonesimulator/AppAuth.build/Objects-normal/arm64/e6072d4f65d7061329687fe24e3d63a7-common-args.resp -include /Users/swan/Development/vantiq-ui-ios/Example/Pods/Target\ Support\ Files/AppAuth/AppAuth-prefix.pch -MMD -MT dependencies -MF /Users/swan/Development/vantiq-ui-ios/Example/build/Pods.build/Debug-iphonesimulator/AppAuth.build/Objects-normal/arm64/OIDScopes.d --serialize-diagnostics /Users/swan/Development/vantiq-ui-ios/Example/build/Pods.build/Debug-iphonesimulator/AppAuth.build/Objects-normal/arm64/OIDScopes.dia -c /Users/swan/Development/vantiq-ui-ios/Example/Pods/AppAuth/Sources/AppAuthCore/OIDScopes.m -o /Users/swan/Development/vantiq-ui-ios/Example/build/Pods.build/Debug-iphonesimulator/AppAuth.build/Objects-normal/arm64/OIDScopes.o -index-unit-output-path /Pods.build/Debug-iphonesimulator/AppAuth.build/Objects-normal/arm64/OIDScopes.o

CompileC /Users/swan/Development/vantiq-ui-ios/Example/build/Pods.build/Debug-iphonesimulator/AppAuth.build/Objects-normal/arm64/OIDScopeUtilities.o /Users/swan/Development/vantiq-ui-ios/Example/Pods/AppAuth/Sources/AppAuthCore/OIDScopeUtilities.m normal arm64 objective-c com.apple.compilers.llvm.clang.1_0.compiler (in target 'AppAuth' from project 'Pods')
    cd /Users/swan/Development/vantiq-ui-ios/Example/Pods
    
    Using response file: /Users/swan/Development/vantiq-ui-ios/Example/build/Pods.build/Debug-iphonesimulator/AppAuth.build/Objects-normal/arm64/e6072d4f65d7061329687fe24e3d63a7-common-args.resp
    
    /Applications/Xcode.app/Contents/Developer/Toolchains/XcodeDefault.xctoolchain/usr/bin/clang -x objective-c -ivfsstatcache /Users/swan/Library/Developer/Xcode/DerivedData/SDKStatCaches.noindex/iphonesimulator26.4-23E237-686eebb5dc1d8ecb277353a59184f4aa.sdkstatcache -target arm64-apple-ios12.0-simulator -fmessage-length\=0 -fdiagnostics-show-note-include-stack -fmacro-backtrace-limit\=0 -fno-color-diagnostics -fmodules-prune-interval\=86400 -fmodules-prune-after\=345600 -fbuild-session-file\=/Users/swan/Library/Developer/Xcode/DerivedData/ModuleCache.noindex/Session.modulevalidation -fmodules-validate-once-per-build-session -Wnon-modular-include-in-framework-module -Werror\=non-modular-include-in-framework-module -Wno-trigraphs -Wno-missing-field-initializers -Wno-missing-prototypes -Werror\=return-type -Wdocumentation -Wunreachable-code -Wno-implicit-atomic-properties -Werror\=deprecated-objc-isa-usage -Wno-objc-interface-ivars -Werror\=objc-root-class -Wno-arc-repeated-use-of-weak -Wimplicit-retain-self -Wduplicate-method-match -Wno-missing-braces -Wparentheses -Wswitch -Wunused-function -Wno-unused-label -Wno-unused-parameter -Wunused-variable -Wunused-value -Wempty-body -Wuninitialized -Wconditional-uninitialized -Wno-unknown-pragmas -Wno-shadow -Wno-four-char-constants -Wno-conversion -Wconstant-conversion -Wint-conversion -Wbool-conversion -Wenum-conversion -Wno-float-conversion -Wnon-literal-null-conversion -Wobjc-literal-conversion -Wshorten-64-to-32 -Wpointer-sign -Wno-newline-eof -Wno-selector -Wno-strict-selector-match -Wundeclared-selector -Wdeprecated-implementations -Wno-implicit-fallthrough -isysroot /Applications/Xcode.app/Contents/Developer/Platforms/iPhoneSimulator.platform/Developer/SDKs/iPhoneSimulator26.4.sdk -fstrict-aliasing -Wprotocol -Wdeprecated-declarations -Wno-sign-conversion -Winfinite-recursion -Wcomma -Wblock-capture-autoreleasing -Wstrict-prototypes -Wno-semicolon-before-method-body -Wunguarded-availability -index-store-path /Users/swan/Library/Developer/Xcode/DerivedData/vantiq-ui-ios-gueetvuzmuxrbegsztzkuatnhugx/Index.noindex/DataStore @/Users/swan/Development/vantiq-ui-ios/Example/build/Pods.build/Debug-iphonesimulator/AppAuth.build/Objects-normal/arm64/e6072d4f65d7061329687fe24e3d63a7-common-args.resp -include /Users/swan/Development/vantiq-ui-ios/Example/Pods/Target\ Support\ Files/AppAuth/AppAuth-prefix.pch -MMD -MT dependencies -MF /Users/swan/Development/vantiq-ui-ios/Example/build/Pods.build/Debug-iphonesimulator/AppAuth.build/Objects-normal/arm64/OIDScopeUtilities.d --serialize-diagnostics /Users/swan/Development/vantiq-ui-ios/Example/build/Pods.build/Debug-iphonesimulator/AppAuth.build/Objects-normal/arm64/OIDScopeUtilities.dia -c /Users/swan/Development/vantiq-ui-ios/Example/Pods/AppAuth/Sources/AppAuthCore/OIDScopeUtilities.m -o /Users/swan/Development/vantiq-ui-ios/Example/build/Pods.build/Debug-iphonesimulator/AppAuth.build/Objects-normal/arm64/OIDScopeUtilities.o -index-unit-output-path /Pods.build/Debug-iphonesimulator/AppAuth.build/Objects-normal/arm64/OIDScopeUtilities.o

CompileC /Users/swan/Development/vantiq-ui-ios/Example/build/Pods.build/Debug-iphonesimulator/AppAuth.build/Objects-normal/arm64/OIDResponseTypes.o /Users/swan/Development/vantiq-ui-ios/Example/Pods/AppAuth/Sources/AppAuthCore/OIDResponseTypes.m normal arm64 objective-c com.apple.compilers.llvm.clang.1_0.compiler (in target 'AppAuth' from project 'Pods')
    cd /Users/swan/Development/vantiq-ui-ios/Example/Pods
    
    Using response file: /Users/swan/Development/vantiq-ui-ios/Example/build/Pods.build/Debug-iphonesimulator/AppAuth.build/Objects-normal/arm64/e6072d4f65d7061329687fe24e3d63a7-common-args.resp
    
    /Applications/Xcode.app/Contents/Developer/Toolchains/XcodeDefault.xctoolchain/usr/bin/clang -x objective-c -ivfsstatcache /Users/swan/Library/Developer/Xcode/DerivedData/SDKStatCaches.noindex/iphonesimulator26.4-23E237-686eebb5dc1d8ecb277353a59184f4aa.sdkstatcache -target arm64-apple-ios12.0-simulator -fmessage-length\=0 -fdiagnostics-show-note-include-stack -fmacro-backtrace-limit\=0 -fno-color-diagnostics -fmodules-prune-interval\=86400 -fmodules-prune-after\=345600 -fbuild-session-file\=/Users/swan/Library/Developer/Xcode/DerivedData/ModuleCache.noindex/Session.modulevalidation -fmodules-validate-once-per-build-session -Wnon-modular-include-in-framework-module -Werror\=non-modular-include-in-framework-module -Wno-trigraphs -Wno-missing-field-initializers -Wno-missing-prototypes -Werror\=return-type -Wdocumentation -Wunreachable-code -Wno-implicit-atomic-properties -Werror\=deprecated-objc-isa-usage -Wno-objc-interface-ivars -Werror\=objc-root-class -Wno-arc-repeated-use-of-weak -Wimplicit-retain-self -Wduplicate-method-match -Wno-missing-braces -Wparentheses -Wswitch -Wunused-function -Wno-unused-label -Wno-unused-parameter -Wunused-variable -Wunused-value -Wempty-body -Wuninitialized -Wconditional-uninitialized -Wno-unknown-pragmas -Wno-shadow -Wno-four-char-constants -Wno-conversion -Wconstant-conversion -Wint-conversion -Wbool-conversion -Wenum-conversion -Wno-float-conversion -Wnon-literal-null-conversion -Wobjc-literal-conversion -Wshorten-64-to-32 -Wpointer-sign -Wno-newline-eof -Wno-selector -Wno-strict-selector-match -Wundeclared-selector -Wdeprecated-implementations -Wno-implicit-fallthrough -isysroot /Applications/Xcode.app/Contents/Developer/Platforms/iPhoneSimulator.platform/Developer/SDKs/iPhoneSimulator26.4.sdk -fstrict-aliasing -Wprotocol -Wdeprecated-declarations -Wno-sign-conversion -Winfinite-recursion -Wcomma -Wblock-capture-autoreleasing -Wstrict-prototypes -Wno-semicolon-before-method-body -Wunguarded-availability -index-store-path /Users/swan/Library/Developer/Xcode/DerivedData/vantiq-ui-ios-gueetvuzmuxrbegsztzkuatnhugx/Index.noindex/DataStore @/Users/swan/Development/vantiq-ui-ios/Example/build/Pods.build/Debug-iphonesimulator/AppAuth.build/Objects-normal/arm64/e6072d4f65d7061329687fe24e3d63a7-common-args.resp -include /Users/swan/Development/vantiq-ui-ios/Example/Pods/Target\ Support\ Files/AppAuth/AppAuth-prefix.pch -MMD -MT dependencies -MF /Users/swan/Development/vantiq-ui-ios/Example/build/Pods.build/Debug-iphonesimulator/AppAuth.build/Objects-normal/arm64/OIDResponseTypes.d --serialize-diagnostics /Users/swan/Development/vantiq-ui-ios/Example/build/Pods.build/Debug-iphonesimulator/AppAuth.build/Objects-normal/arm64/OIDResponseTypes.dia -c /Users/swan/Development/vantiq-ui-ios/Example/Pods/AppAuth/Sources/AppAuthCore/OIDResponseTypes.m -o /Users/swan/Development/vantiq-ui-ios/Example/build/Pods.build/Debug-iphonesimulator/AppAuth.build/Objects-normal/arm64/OIDResponseTypes.o -index-unit-output-path /Pods.build/Debug-iphonesimulator/AppAuth.build/Objects-normal/arm64/OIDResponseTypes.o

CompileC /Users/swan/Development/vantiq-ui-ios/Example/build/Pods.build/Debug-iphonesimulator/AppAuth.build/Objects-normal/arm64/OIDRegistrationResponse.o /Users/swan/Development/vantiq-ui-ios/Example/Pods/AppAuth/Sources/AppAuthCore/OIDRegistrationResponse.m normal arm64 objective-c com.apple.compilers.llvm.clang.1_0.compiler (in target 'AppAuth' from project 'Pods')
    cd /Users/swan/Development/vantiq-ui-ios/Example/Pods
    
    Using response file: /Users/swan/Development/vantiq-ui-ios/Example/build/Pods.build/Debug-iphonesimulator/AppAuth.build/Objects-normal/arm64/e6072d4f65d7061329687fe24e3d63a7-common-args.resp
    
    /Applications/Xcode.app/Contents/Developer/Toolchains/XcodeDefault.xctoolchain/usr/bin/clang -x objective-c -ivfsstatcache /Users/swan/Library/Developer/Xcode/DerivedData/SDKStatCaches.noindex/iphonesimulator26.4-23E237-686eebb5dc1d8ecb277353a59184f4aa.sdkstatcache -target arm64-apple-ios12.0-simulator -fmessage-length\=0 -fdiagnostics-show-note-include-stack -fmacro-backtrace-limit\=0 -fno-color-diagnostics -fmodules-prune-interval\=86400 -fmodules-prune-after\=345600 -fbuild-session-file\=/Users/swan/Library/Developer/Xcode/DerivedData/ModuleCache.noindex/Session.modulevalidation -fmodules-validate-once-per-build-session -Wnon-modular-include-in-framework-module -Werror\=non-modular-include-in-framework-module -Wno-trigraphs -Wno-missing-field-initializers -Wno-missing-prototypes -Werror\=return-type -Wdocumentation -Wunreachable-code -Wno-implicit-atomic-properties -Werror\=deprecated-objc-isa-usage -Wno-objc-interface-ivars -Werror\=objc-root-class -Wno-arc-repeated-use-of-weak -Wimplicit-retain-self -Wduplicate-method-match -Wno-missing-braces -Wparentheses -Wswitch -Wunused-function -Wno-unused-label -Wno-unused-parameter -Wunused-variable -Wunused-value -Wempty-body -Wuninitialized -Wconditional-uninitialized -Wno-unknown-pragmas -Wno-shadow -Wno-four-char-constants -Wno-conversion -Wconstant-conversion -Wint-conversion -Wbool-conversion -Wenum-conversion -Wno-float-conversion -Wnon-literal-null-conversion -Wobjc-literal-conversion -Wshorten-64-to-32 -Wpointer-sign -Wno-newline-eof -Wno-selector -Wno-strict-selector-match -Wundeclared-selector -Wdeprecated-implementations -Wno-implicit-fallthrough -isysroot /Applications/Xcode.app/Contents/Developer/Platforms/iPhoneSimulator.platform/Developer/SDKs/iPhoneSimulator26.4.sdk -fstrict-aliasing -Wprotocol -Wdeprecated-declarations -Wno-sign-conversion -Winfinite-recursion -Wcomma -Wblock-capture-autoreleasing -Wstrict-prototypes -Wno-semicolon-before-method-body -Wunguarded-availability -index-store-path /Users/swan/Library/Developer/Xcode/DerivedData/vantiq-ui-ios-gueetvuzmuxrbegsztzkuatnhugx/Index.noindex/DataStore @/Users/swan/Development/vantiq-ui-ios/Example/build/Pods.build/Debug-iphonesimulator/AppAuth.build/Objects-normal/arm64/e6072d4f65d7061329687fe24e3d63a7-common-args.resp -include /Users/swan/Development/vantiq-ui-ios/Example/Pods/Target\ Support\ Files/AppAuth/AppAuth-prefix.pch -MMD -MT dependencies -MF /Users/swan/Development/vantiq-ui-ios/Example/build/Pods.build/Debug-iphonesimulator/AppAuth.build/Objects-normal/arm64/OIDRegistrationResponse.d --serialize-diagnostics /Users/swan/Development/vantiq-ui-ios/Example/build/Pods.build/Debug-iphonesimulator/AppAuth.build/Objects-normal/arm64/OIDRegistrationResponse.dia -c /Users/swan/Development/vantiq-ui-ios/Example/Pods/AppAuth/Sources/AppAuthCore/OIDRegistrationResponse.m -o /Users/swan/Development/vantiq-ui-ios/Example/build/Pods.build/Debug-iphonesimulator/AppAuth.build/Objects-normal/arm64/OIDRegistrationResponse.o -index-unit-output-path /Pods.build/Debug-iphonesimulator/AppAuth.build/Objects-normal/arm64/OIDRegistrationResponse.o

CompileC /Users/swan/Development/vantiq-ui-ios/Example/build/Pods.build/Debug-iphonesimulator/AppAuth.build/Objects-normal/arm64/OIDRegistrationRequest.o /Users/swan/Development/vantiq-ui-ios/Example/Pods/AppAuth/Sources/AppAuthCore/OIDRegistrationRequest.m normal arm64 objective-c com.apple.compilers.llvm.clang.1_0.compiler (in target 'AppAuth' from project 'Pods')
    cd /Users/swan/Development/vantiq-ui-ios/Example/Pods
    
    Using response file: /Users/swan/Development/vantiq-ui-ios/Example/build/Pods.build/Debug-iphonesimulator/AppAuth.build/Objects-normal/arm64/e6072d4f65d7061329687fe24e3d63a7-common-args.resp
    
    /Applications/Xcode.app/Contents/Developer/Toolchains/XcodeDefault.xctoolchain/usr/bin/clang -x objective-c -ivfsstatcache /Users/swan/Library/Developer/Xcode/DerivedData/SDKStatCaches.noindex/iphonesimulator26.4-23E237-686eebb5dc1d8ecb277353a59184f4aa.sdkstatcache -target arm64-apple-ios12.0-simulator -fmessage-length\=0 -fdiagnostics-show-note-include-stack -fmacro-backtrace-limit\=0 -fno-color-diagnostics -fmodules-prune-interval\=86400 -fmodules-prune-after\=345600 -fbuild-session-file\=/Users/swan/Library/Developer/Xcode/DerivedData/ModuleCache.noindex/Session.modulevalidation -fmodules-validate-once-per-build-session -Wnon-modular-include-in-framework-module -Werror\=non-modular-include-in-framework-module -Wno-trigraphs -Wno-missing-field-initializers -Wno-missing-prototypes -Werror\=return-type -Wdocumentation -Wunreachable-code -Wno-implicit-atomic-properties -Werror\=deprecated-objc-isa-usage -Wno-objc-interface-ivars -Werror\=objc-root-class -Wno-arc-repeated-use-of-weak -Wimplicit-retain-self -Wduplicate-method-match -Wno-missing-braces -Wparentheses -Wswitch -Wunused-function -Wno-unused-label -Wno-unused-parameter -Wunused-variable -Wunused-value -Wempty-body -Wuninitialized -Wconditional-uninitialized -Wno-unknown-pragmas -Wno-shadow -Wno-four-char-constants -Wno-conversion -Wconstant-conversion -Wint-conversion -Wbool-conversion -Wenum-conversion -Wno-float-conversion -Wnon-literal-null-conversion -Wobjc-literal-conversion -Wshorten-64-to-32 -Wpointer-sign -Wno-newline-eof -Wno-selector -Wno-strict-selector-match -Wundeclared-selector -Wdeprecated-implementations -Wno-implicit-fallthrough -isysroot /Applications/Xcode.app/Contents/Developer/Platforms/iPhoneSimulator.platform/Developer/SDKs/iPhoneSimulator26.4.sdk -fstrict-aliasing -Wprotocol -Wdeprecated-declarations -Wno-sign-conversion -Winfinite-recursion -Wcomma -Wblock-capture-autoreleasing -Wstrict-prototypes -Wno-semicolon-before-method-body -Wunguarded-availability -index-store-path /Users/swan/Library/Developer/Xcode/DerivedData/vantiq-ui-ios-gueetvuzmuxrbegsztzkuatnhugx/Index.noindex/DataStore @/Users/swan/Development/vantiq-ui-ios/Example/build/Pods.build/Debug-iphonesimulator/AppAuth.build/Objects-normal/arm64/e6072d4f65d7061329687fe24e3d63a7-common-args.resp -include /Users/swan/Development/vantiq-ui-ios/Example/Pods/Target\ Support\ Files/AppAuth/AppAuth-prefix.pch -MMD -MT dependencies -MF /Users/swan/Development/vantiq-ui-ios/Example/build/Pods.build/Debug-iphonesimulator/AppAuth.build/Objects-normal/arm64/OIDRegistrationRequest.d --serialize-diagnostics /Users/swan/Development/vantiq-ui-ios/Example/build/Pods.build/Debug-iphonesimulator/AppAuth.build/Objects-normal/arm64/OIDRegistrationRequest.dia -c /Users/swan/Development/vantiq-ui-ios/Example/Pods/AppAuth/Sources/AppAuthCore/OIDRegistrationRequest.m -o /Users/swan/Development/vantiq-ui-ios/Example/build/Pods.build/Debug-iphonesimulator/AppAuth.build/Objects-normal/arm64/OIDRegistrationRequest.o -index-unit-output-path /Pods.build/Debug-iphonesimulator/AppAuth.build/Objects-normal/arm64/OIDRegistrationRequest.o

CompileC /Users/swan/Development/vantiq-ui-ios/Example/build/Pods.build/Debug-iphonesimulator/AppAuth.build/Objects-normal/arm64/OIDIDToken.o /Users/swan/Development/vantiq-ui-ios/Example/Pods/AppAuth/Sources/AppAuthCore/OIDIDToken.m normal arm64 objective-c com.apple.compilers.llvm.clang.1_0.compiler (in target 'AppAuth' from project 'Pods')
    cd /Users/swan/Development/vantiq-ui-ios/Example/Pods
    
    Using response file: /Users/swan/Development/vantiq-ui-ios/Example/build/Pods.build/Debug-iphonesimulator/AppAuth.build/Objects-normal/arm64/e6072d4f65d7061329687fe24e3d63a7-common-args.resp
    
    /Applications/Xcode.app/Contents/Developer/Toolchains/XcodeDefault.xctoolchain/usr/bin/clang -x objective-c -ivfsstatcache /Users/swan/Library/Developer/Xcode/DerivedData/SDKStatCaches.noindex/iphonesimulator26.4-23E237-686eebb5dc1d8ecb277353a59184f4aa.sdkstatcache -target arm64-apple-ios12.0-simulator -fmessage-length\=0 -fdiagnostics-show-note-include-stack -fmacro-backtrace-limit\=0 -fno-color-diagnostics -fmodules-prune-interval\=86400 -fmodules-prune-after\=345600 -fbuild-session-file\=/Users/swan/Library/Developer/Xcode/DerivedData/ModuleCache.noindex/Session.modulevalidation -fmodules-validate-once-per-build-session -Wnon-modular-include-in-framework-module -Werror\=non-modular-include-in-framework-module -Wno-trigraphs -Wno-missing-field-initializers -Wno-missing-prototypes -Werror\=return-type -Wdocumentation -Wunreachable-code -Wno-implicit-atomic-properties -Werror\=deprecated-objc-isa-usage -Wno-objc-interface-ivars -Werror\=objc-root-class -Wno-arc-repeated-use-of-weak -Wimplicit-retain-self -Wduplicate-method-match -Wno-missing-braces -Wparentheses -Wswitch -Wunused-function -Wno-unused-label -Wno-unused-parameter -Wunused-variable -Wunused-value -Wempty-body -Wuninitialized -Wconditional-uninitialized -Wno-unknown-pragmas -Wno-shadow -Wno-four-char-constants -Wno-conversion -Wconstant-conversion -Wint-conversion -Wbool-conversion -Wenum-conversion -Wno-float-conversion -Wnon-literal-null-conversion -Wobjc-literal-conversion -Wshorten-64-to-32 -Wpointer-sign -Wno-newline-eof -Wno-selector -Wno-strict-selector-match -Wundeclared-selector -Wdeprecated-implementations -Wno-implicit-fallthrough -isysroot /Applications/Xcode.app/Contents/Developer/Platforms/iPhoneSimulator.platform/Developer/SDKs/iPhoneSimulator26.4.sdk -fstrict-aliasing -Wprotocol -Wdeprecated-declarations -Wno-sign-conversion -Winfinite-recursion -Wcomma -Wblock-capture-autoreleasing -Wstrict-prototypes -Wno-semicolon-before-method-body -Wunguarded-availability -index-store-path /Users/swan/Library/Developer/Xcode/DerivedData/vantiq-ui-ios-gueetvuzmuxrbegsztzkuatnhugx/Index.noindex/DataStore @/Users/swan/Development/vantiq-ui-ios/Example/build/Pods.build/Debug-iphonesimulator/AppAuth.build/Objects-normal/arm64/e6072d4f65d7061329687fe24e3d63a7-common-args.resp -include /Users/swan/Development/vantiq-ui-ios/Example/Pods/Target\ Support\ Files/AppAuth/AppAuth-prefix.pch -MMD -MT dependencies -MF /Users/swan/Development/vantiq-ui-ios/Example/build/Pods.build/Debug-iphonesimulator/AppAuth.build/Objects-normal/arm64/OIDIDToken.d --serialize-diagnostics /Users/swan/Development/vantiq-ui-ios/Example/build/Pods.build/Debug-iphonesimulator/AppAuth.build/Objects-normal/arm64/OIDIDToken.dia -c /Users/swan/Development/vantiq-ui-ios/Example/Pods/AppAuth/Sources/AppAuthCore/OIDIDToken.m -o /Users/swan/Development/vantiq-ui-ios/Example/build/Pods.build/Debug-iphonesimulator/AppAuth.build/Objects-normal/arm64/OIDIDToken.o -index-unit-output-path /Pods.build/Debug-iphonesimulator/AppAuth.build/Objects-normal/arm64/OIDIDToken.o

Ld /Users/swan/Development/vantiq-ui-ios/Example/build/Debug-iphonesimulator/vantiq-sdk-ios/vantiq_sdk_ios.framework/vantiq_sdk_ios normal (in target 'vantiq-sdk-ios' from project 'Pods')
    cd /Users/swan/Development/vantiq-ui-ios/Example/Pods
    /Applications/Xcode.app/Contents/Developer/Toolchains/XcodeDefault.xctoolchain/usr/bin/clang -Xlinker -reproducible -target arm64-apple-ios12.0-simulator -dynamiclib -isysroot /Applications/Xcode.app/Contents/Developer/Platforms/iPhoneSimulator.platform/Developer/SDKs/iPhoneSimulator26.4.sdk -O0 -L/Users/swan/Development/vantiq-ui-ios/Example/build/EagerLinkingTBDs/Debug-iphonesimulator -L/Users/swan/Development/vantiq-ui-ios/Example/build/Debug-iphonesimulator/vantiq-sdk-ios -F/Users/swan/Development/vantiq-ui-ios/Example/build/EagerLinkingTBDs/Debug-iphonesimulator -F/Users/swan/Development/vantiq-ui-ios/Example/build/Debug-iphonesimulator/vantiq-sdk-ios -filelist /Users/swan/Development/vantiq-ui-ios/Example/build/Pods.build/Debug-iphonesimulator/vantiq-sdk-ios.build/Objects-normal/arm64/vantiq_sdk_ios.LinkFileList -install_name @rpath/vantiq_sdk_ios.framework/vantiq_sdk_ios -Xlinker -rpath -Xlinker @executable_path/Frameworks -Xlinker -rpath -Xlinker @loader_path/Frameworks -Xlinker -dead_strip -Xlinker -object_path_lto -Xlinker /Users/swan/Development/vantiq-ui-ios/Example/build/Pods.build/Debug-iphonesimulator/vantiq-sdk-ios.build/Objects-normal/arm64/vantiq_sdk_ios_lto.o -rdynamic -Xlinker -no_deduplicate -Xlinker -objc_abi_version -Xlinker 2 -Xlinker -dependency_info -Xlinker /Users/swan/Development/vantiq-ui-ios/Example/build/Pods.build/Debug-iphonesimulator/vantiq-sdk-ios.build/Objects-normal/arm64/vantiq_sdk_ios_dependency_info.dat -fobjc-arc -fobjc-link-runtime -framework Foundation -Xlinker -no_adhoc_codesign -compatibility_version 1 -current_version 1 -o /Users/swan/Development/vantiq-ui-ios/Example/build/Debug-iphonesimulator/vantiq-sdk-ios/vantiq_sdk_ios.framework/vantiq_sdk_ios

CompileC /Users/swan/Development/vantiq-ui-ios/Example/build/Pods.build/Debug-iphonesimulator/AppAuth.build/Objects-normal/arm64/OIDGrantTypes.o /Users/swan/Development/vantiq-ui-ios/Example/Pods/AppAuth/Sources/AppAuthCore/OIDGrantTypes.m normal arm64 objective-c com.apple.compilers.llvm.clang.1_0.compiler (in target 'AppAuth' from project 'Pods')
    cd /Users/swan/Development/vantiq-ui-ios/Example/Pods
    
    Using response file: /Users/swan/Development/vantiq-ui-ios/Example/build/Pods.build/Debug-iphonesimulator/AppAuth.build/Objects-normal/arm64/e6072d4f65d7061329687fe24e3d63a7-common-args.resp
    
    /Applications/Xcode.app/Contents/Developer/Toolchains/XcodeDefault.xctoolchain/usr/bin/clang -x objective-c -ivfsstatcache /Users/swan/Library/Developer/Xcode/DerivedData/SDKStatCaches.noindex/iphonesimulator26.4-23E237-686eebb5dc1d8ecb277353a59184f4aa.sdkstatcache -target arm64-apple-ios12.0-simulator -fmessage-length\=0 -fdiagnostics-show-note-include-stack -fmacro-backtrace-limit\=0 -fno-color-diagnostics -fmodules-prune-interval\=86400 -fmodules-prune-after\=345600 -fbuild-session-file\=/Users/swan/Library/Developer/Xcode/DerivedData/ModuleCache.noindex/Session.modulevalidation -fmodules-validate-once-per-build-session -Wnon-modular-include-in-framework-module -Werror\=non-modular-include-in-framework-module -Wno-trigraphs -Wno-missing-field-initializers -Wno-missing-prototypes -Werror\=return-type -Wdocumentation -Wunreachable-code -Wno-implicit-atomic-properties -Werror\=deprecated-objc-isa-usage -Wno-objc-interface-ivars -Werror\=objc-root-class -Wno-arc-repeated-use-of-weak -Wimplicit-retain-self -Wduplicate-method-match -Wno-missing-braces -Wparentheses -Wswitch -Wunused-function -Wno-unused-label -Wno-unused-parameter -Wunused-variable -Wunused-value -Wempty-body -Wuninitialized -Wconditional-uninitialized -Wno-unknown-pragmas -Wno-shadow -Wno-four-char-constants -Wno-conversion -Wconstant-conversion -Wint-conversion -Wbool-conversion -Wenum-conversion -Wno-float-conversion -Wnon-literal-null-conversion -Wobjc-literal-conversion -Wshorten-64-to-32 -Wpointer-sign -Wno-newline-eof -Wno-selector -Wno-strict-selector-match -Wundeclared-selector -Wdeprecated-implementations -Wno-implicit-fallthrough -isysroot /Applications/Xcode.app/Contents/Developer/Platforms/iPhoneSimulator.platform/Developer/SDKs/iPhoneSimulator26.4.sdk -fstrict-aliasing -Wprotocol -Wdeprecated-declarations -Wno-sign-conversion -Winfinite-recursion -Wcomma -Wblock-capture-autoreleasing -Wstrict-prototypes -Wno-semicolon-before-method-body -Wunguarded-availability -index-store-path /Users/swan/Library/Developer/Xcode/DerivedData/vantiq-ui-ios-gueetvuzmuxrbegsztzkuatnhugx/Index.noindex/DataStore @/Users/swan/Development/vantiq-ui-ios/Example/build/Pods.build/Debug-iphonesimulator/AppAuth.build/Objects-normal/arm64/e6072d4f65d7061329687fe24e3d63a7-common-args.resp -include /Users/swan/Development/vantiq-ui-ios/Example/Pods/Target\ Support\ Files/AppAuth/AppAuth-prefix.pch -MMD -MT dependencies -MF /Users/swan/Development/vantiq-ui-ios/Example/build/Pods.build/Debug-iphonesimulator/AppAuth.build/Objects-normal/arm64/OIDGrantTypes.d --serialize-diagnostics /Users/swan/Development/vantiq-ui-ios/Example/build/Pods.build/Debug-iphonesimulator/AppAuth.build/Objects-normal/arm64/OIDGrantTypes.dia -c /Users/swan/Development/vantiq-ui-ios/Example/Pods/AppAuth/Sources/AppAuthCore/OIDGrantTypes.m -o /Users/swan/Development/vantiq-ui-ios/Example/build/Pods.build/Debug-iphonesimulator/AppAuth.build/Objects-normal/arm64/OIDGrantTypes.o -index-unit-output-path /Pods.build/Debug-iphonesimulator/AppAuth.build/Objects-normal/arm64/OIDGrantTypes.o

CompileC /Users/swan/Development/vantiq-ui-ios/Example/build/Pods.build/Debug-iphonesimulator/AppAuth.build/Objects-normal/arm64/OIDEndSessionResponse.o /Users/swan/Development/vantiq-ui-ios/Example/Pods/AppAuth/Sources/AppAuthCore/OIDEndSessionResponse.m normal arm64 objective-c com.apple.compilers.llvm.clang.1_0.compiler (in target 'AppAuth' from project 'Pods')
    cd /Users/swan/Development/vantiq-ui-ios/Example/Pods
    
    Using response file: /Users/swan/Development/vantiq-ui-ios/Example/build/Pods.build/Debug-iphonesimulator/AppAuth.build/Objects-normal/arm64/e6072d4f65d7061329687fe24e3d63a7-common-args.resp
    
    /Applications/Xcode.app/Contents/Developer/Toolchains/XcodeDefault.xctoolchain/usr/bin/clang -x objective-c -ivfsstatcache /Users/swan/Library/Developer/Xcode/DerivedData/SDKStatCaches.noindex/iphonesimulator26.4-23E237-686eebb5dc1d8ecb277353a59184f4aa.sdkstatcache -target arm64-apple-ios12.0-simulator -fmessage-length\=0 -fdiagnostics-show-note-include-stack -fmacro-backtrace-limit\=0 -fno-color-diagnostics -fmodules-prune-interval\=86400 -fmodules-prune-after\=345600 -fbuild-session-file\=/Users/swan/Library/Developer/Xcode/DerivedData/ModuleCache.noindex/Session.modulevalidation -fmodules-validate-once-per-build-session -Wnon-modular-include-in-framework-module -Werror\=non-modular-include-in-framework-module -Wno-trigraphs -Wno-missing-field-initializers -Wno-missing-prototypes -Werror\=return-type -Wdocumentation -Wunreachable-code -Wno-implicit-atomic-properties -Werror\=deprecated-objc-isa-usage -Wno-objc-interface-ivars -Werror\=objc-root-class -Wno-arc-repeated-use-of-weak -Wimplicit-retain-self -Wduplicate-method-match -Wno-missing-braces -Wparentheses -Wswitch -Wunused-function -Wno-unused-label -Wno-unused-parameter -Wunused-variable -Wunused-value -Wempty-body -Wuninitialized -Wconditional-uninitialized -Wno-unknown-pragmas -Wno-shadow -Wno-four-char-constants -Wno-conversion -Wconstant-conversion -Wint-conversion -Wbool-conversion -Wenum-conversion -Wno-float-conversion -Wnon-literal-null-conversion -Wobjc-literal-conversion -Wshorten-64-to-32 -Wpointer-sign -Wno-newline-eof -Wno-selector -Wno-strict-selector-match -Wundeclared-selector -Wdeprecated-implementations -Wno-implicit-fallthrough -isysroot /Applications/Xcode.app/Contents/Developer/Platforms/iPhoneSimulator.platform/Developer/SDKs/iPhoneSimulator26.4.sdk -fstrict-aliasing -Wprotocol -Wdeprecated-declarations -Wno-sign-conversion -Winfinite-recursion -Wcomma -Wblock-capture-autoreleasing -Wstrict-prototypes -Wno-semicolon-before-method-body -Wunguarded-availability -index-store-path /Users/swan/Library/Developer/Xcode/DerivedData/vantiq-ui-ios-gueetvuzmuxrbegsztzkuatnhugx/Index.noindex/DataStore @/Users/swan/Development/vantiq-ui-ios/Example/build/Pods.build/Debug-iphonesimulator/AppAuth.build/Objects-normal/arm64/e6072d4f65d7061329687fe24e3d63a7-common-args.resp -include /Users/swan/Development/vantiq-ui-ios/Example/Pods/Target\ Support\ Files/AppAuth/AppAuth-prefix.pch -MMD -MT dependencies -MF /Users/swan/Development/vantiq-ui-ios/Example/build/Pods.build/Debug-iphonesimulator/AppAuth.build/Objects-normal/arm64/OIDEndSessionResponse.d --serialize-diagnostics /Users/swan/Development/vantiq-ui-ios/Example/build/Pods.build/Debug-iphonesimulator/AppAuth.build/Objects-normal/arm64/OIDEndSessionResponse.dia -c /Users/swan/Development/vantiq-ui-ios/Example/Pods/AppAuth/Sources/AppAuthCore/OIDEndSessionResponse.m -o /Users/swan/Development/vantiq-ui-ios/Example/build/Pods.build/Debug-iphonesimulator/AppAuth.build/Objects-normal/arm64/OIDEndSessionResponse.o -index-unit-output-path /Pods.build/Debug-iphonesimulator/AppAuth.build/Objects-normal/arm64/OIDEndSessionResponse.o

CompileC /Users/swan/Development/vantiq-ui-ios/Example/build/Pods.build/Debug-iphonesimulator/AppAuth.build/Objects-normal/arm64/OIDEndSessionRequest.o /Users/swan/Development/vantiq-ui-ios/Example/Pods/AppAuth/Sources/AppAuthCore/OIDEndSessionRequest.m normal arm64 objective-c com.apple.compilers.llvm.clang.1_0.compiler (in target 'AppAuth' from project 'Pods')
    cd /Users/swan/Development/vantiq-ui-ios/Example/Pods
    
    Using response file: /Users/swan/Development/vantiq-ui-ios/Example/build/Pods.build/Debug-iphonesimulator/AppAuth.build/Objects-normal/arm64/e6072d4f65d7061329687fe24e3d63a7-common-args.resp
    
    /Applications/Xcode.app/Contents/Developer/Toolchains/XcodeDefault.xctoolchain/usr/bin/clang -x objective-c -ivfsstatcache /Users/swan/Library/Developer/Xcode/DerivedData/SDKStatCaches.noindex/iphonesimulator26.4-23E237-686eebb5dc1d8ecb277353a59184f4aa.sdkstatcache -target arm64-apple-ios12.0-simulator -fmessage-length\=0 -fdiagnostics-show-note-include-stack -fmacro-backtrace-limit\=0 -fno-color-diagnostics -fmodules-prune-interval\=86400 -fmodules-prune-after\=345600 -fbuild-session-file\=/Users/swan/Library/Developer/Xcode/DerivedData/ModuleCache.noindex/Session.modulevalidation -fmodules-validate-once-per-build-session -Wnon-modular-include-in-framework-module -Werror\=non-modular-include-in-framework-module -Wno-trigraphs -Wno-missing-field-initializers -Wno-missing-prototypes -Werror\=return-type -Wdocumentation -Wunreachable-code -Wno-implicit-atomic-properties -Werror\=deprecated-objc-isa-usage -Wno-objc-interface-ivars -Werror\=objc-root-class -Wno-arc-repeated-use-of-weak -Wimplicit-retain-self -Wduplicate-method-match -Wno-missing-braces -Wparentheses -Wswitch -Wunused-function -Wno-unused-label -Wno-unused-parameter -Wunused-variable -Wunused-value -Wempty-body -Wuninitialized -Wconditional-uninitialized -Wno-unknown-pragmas -Wno-shadow -Wno-four-char-constants -Wno-conversion -Wconstant-conversion -Wint-conversion -Wbool-conversion -Wenum-conversion -Wno-float-conversion -Wnon-literal-null-conversion -Wobjc-literal-conversion -Wshorten-64-to-32 -Wpointer-sign -Wno-newline-eof -Wno-selector -Wno-strict-selector-match -Wundeclared-selector -Wdeprecated-implementations -Wno-implicit-fallthrough -isysroot /Applications/Xcode.app/Contents/Developer/Platforms/iPhoneSimulator.platform/Developer/SDKs/iPhoneSimulator26.4.sdk -fstrict-aliasing -Wprotocol -Wdeprecated-declarations -Wno-sign-conversion -Winfinite-recursion -Wcomma -Wblock-capture-autoreleasing -Wstrict-prototypes -Wno-semicolon-before-method-body -Wunguarded-availability -index-store-path /Users/swan/Library/Developer/Xcode/DerivedData/vantiq-ui-ios-gueetvuzmuxrbegsztzkuatnhugx/Index.noindex/DataStore @/Users/swan/Development/vantiq-ui-ios/Example/build/Pods.build/Debug-iphonesimulator/AppAuth.build/Objects-normal/arm64/e6072d4f65d7061329687fe24e3d63a7-common-args.resp -include /Users/swan/Development/vantiq-ui-ios/Example/Pods/Target\ Support\ Files/AppAuth/AppAuth-prefix.pch -MMD -MT dependencies -MF /Users/swan/Development/vantiq-ui-ios/Example/build/Pods.build/Debug-iphonesimulator/AppAuth.build/Objects-normal/arm64/OIDEndSessionRequest.d --serialize-diagnostics /Users/swan/Development/vantiq-ui-ios/Example/build/Pods.build/Debug-iphonesimulator/AppAuth.build/Objects-normal/arm64/OIDEndSessionRequest.dia -c /Users/swan/Development/vantiq-ui-ios/Example/Pods/AppAuth/Sources/AppAuthCore/OIDEndSessionRequest.m -o /Users/swan/Development/vantiq-ui-ios/Example/build/Pods.build/Debug-iphonesimulator/AppAuth.build/Objects-normal/arm64/OIDEndSessionRequest.o -index-unit-output-path /Pods.build/Debug-iphonesimulator/AppAuth.build/Objects-normal/arm64/OIDEndSessionRequest.o

CompileC /Users/swan/Development/vantiq-ui-ios/Example/build/Pods.build/Debug-iphonesimulator/AppAuth.build/Objects-normal/arm64/OIDClientMetadataParameters.o /Users/swan/Development/vantiq-ui-ios/Example/Pods/AppAuth/Sources/AppAuthCore/OIDClientMetadataParameters.m normal arm64 objective-c com.apple.compilers.llvm.clang.1_0.compiler (in target 'AppAuth' from project 'Pods')
    cd /Users/swan/Development/vantiq-ui-ios/Example/Pods
    
    Using response file: /Users/swan/Development/vantiq-ui-ios/Example/build/Pods.build/Debug-iphonesimulator/AppAuth.build/Objects-normal/arm64/e6072d4f65d7061329687fe24e3d63a7-common-args.resp
    
    /Applications/Xcode.app/Contents/Developer/Toolchains/XcodeDefault.xctoolchain/usr/bin/clang -x objective-c -ivfsstatcache /Users/swan/Library/Developer/Xcode/DerivedData/SDKStatCaches.noindex/iphonesimulator26.4-23E237-686eebb5dc1d8ecb277353a59184f4aa.sdkstatcache -target arm64-apple-ios12.0-simulator -fmessage-length\=0 -fdiagnostics-show-note-include-stack -fmacro-backtrace-limit\=0 -fno-color-diagnostics -fmodules-prune-interval\=86400 -fmodules-prune-after\=345600 -fbuild-session-file\=/Users/swan/Library/Developer/Xcode/DerivedData/ModuleCache.noindex/Session.modulevalidation -fmodules-validate-once-per-build-session -Wnon-modular-include-in-framework-module -Werror\=non-modular-include-in-framework-module -Wno-trigraphs -Wno-missing-field-initializers -Wno-missing-prototypes -Werror\=return-type -Wdocumentation -Wunreachable-code -Wno-implicit-atomic-properties -Werror\=deprecated-objc-isa-usage -Wno-objc-interface-ivars -Werror\=objc-root-class -Wno-arc-repeated-use-of-weak -Wimplicit-retain-self -Wduplicate-method-match -Wno-missing-braces -Wparentheses -Wswitch -Wunused-function -Wno-unused-label -Wno-unused-parameter -Wunused-variable -Wunused-value -Wempty-body -Wuninitialized -Wconditional-uninitialized -Wno-unknown-pragmas -Wno-shadow -Wno-four-char-constants -Wno-conversion -Wconstant-conversion -Wint-conversion -Wbool-conversion -Wenum-conversion -Wno-float-conversion -Wnon-literal-null-conversion -Wobjc-literal-conversion -Wshorten-64-to-32 -Wpointer-sign -Wno-newline-eof -Wno-selector -Wno-strict-selector-match -Wundeclared-selector -Wdeprecated-implementations -Wno-implicit-fallthrough -isysroot /Applications/Xcode.app/Contents/Developer/Platforms/iPhoneSimulator.platform/Developer/SDKs/iPhoneSimulator26.4.sdk -fstrict-aliasing -Wprotocol -Wdeprecated-declarations -Wno-sign-conversion -Winfinite-recursion -Wcomma -Wblock-capture-autoreleasing -Wstrict-prototypes -Wno-semicolon-before-method-body -Wunguarded-availability -index-store-path /Users/swan/Library/Developer/Xcode/DerivedData/vantiq-ui-ios-gueetvuzmuxrbegsztzkuatnhugx/Index.noindex/DataStore @/Users/swan/Development/vantiq-ui-ios/Example/build/Pods.build/Debug-iphonesimulator/AppAuth.build/Objects-normal/arm64/e6072d4f65d7061329687fe24e3d63a7-common-args.resp -include /Users/swan/Development/vantiq-ui-ios/Example/Pods/Target\ Support\ Files/AppAuth/AppAuth-prefix.pch -MMD -MT dependencies -MF /Users/swan/Development/vantiq-ui-ios/Example/build/Pods.build/Debug-iphonesimulator/AppAuth.build/Objects-normal/arm64/OIDClientMetadataParameters.d --serialize-diagnostics /Users/swan/Development/vantiq-ui-ios/Example/build/Pods.build/Debug-iphonesimulator/AppAuth.build/Objects-normal/arm64/OIDClientMetadataParameters.dia -c /Users/swan/Development/vantiq-ui-ios/Example/Pods/AppAuth/Sources/AppAuthCore/OIDClientMetadataParameters.m -o /Users/swan/Development/vantiq-ui-ios/Example/build/Pods.build/Debug-iphonesimulator/AppAuth.build/Objects-normal/arm64/OIDClientMetadataParameters.o -index-unit-output-path /Pods.build/Debug-iphonesimulator/AppAuth.build/Objects-normal/arm64/OIDClientMetadataParameters.o

CompileC /Users/swan/Development/vantiq-ui-ios/Example/build/Pods.build/Debug-iphonesimulator/AppAuth.build/Objects-normal/arm64/OIDAuthorizationService+IOS.o /Users/swan/Development/vantiq-ui-ios/Example/Pods/AppAuth/Sources/AppAuth/iOS/OIDAuthorizationService+IOS.m normal arm64 objective-c com.apple.compilers.llvm.clang.1_0.compiler (in target 'AppAuth' from project 'Pods')
    cd /Users/swan/Development/vantiq-ui-ios/Example/Pods
    
    Using response file: /Users/swan/Development/vantiq-ui-ios/Example/build/Pods.build/Debug-iphonesimulator/AppAuth.build/Objects-normal/arm64/e6072d4f65d7061329687fe24e3d63a7-common-args.resp
    
    /Applications/Xcode.app/Contents/Developer/Toolchains/XcodeDefault.xctoolchain/usr/bin/clang -x objective-c -ivfsstatcache /Users/swan/Library/Developer/Xcode/DerivedData/SDKStatCaches.noindex/iphonesimulator26.4-23E237-686eebb5dc1d8ecb277353a59184f4aa.sdkstatcache -target arm64-apple-ios12.0-simulator -fmessage-length\=0 -fdiagnostics-show-note-include-stack -fmacro-backtrace-limit\=0 -fno-color-diagnostics -fmodules-prune-interval\=86400 -fmodules-prune-after\=345600 -fbuild-session-file\=/Users/swan/Library/Developer/Xcode/DerivedData/ModuleCache.noindex/Session.modulevalidation -fmodules-validate-once-per-build-session -Wnon-modular-include-in-framework-module -Werror\=non-modular-include-in-framework-module -Wno-trigraphs -Wno-missing-field-initializers -Wno-missing-prototypes -Werror\=return-type -Wdocumentation -Wunreachable-code -Wno-implicit-atomic-properties -Werror\=deprecated-objc-isa-usage -Wno-objc-interface-ivars -Werror\=objc-root-class -Wno-arc-repeated-use-of-weak -Wimplicit-retain-self -Wduplicate-method-match -Wno-missing-braces -Wparentheses -Wswitch -Wunused-function -Wno-unused-label -Wno-unused-parameter -Wunused-variable -Wunused-value -Wempty-body -Wuninitialized -Wconditional-uninitialized -Wno-unknown-pragmas -Wno-shadow -Wno-four-char-constants -Wno-conversion -Wconstant-conversion -Wint-conversion -Wbool-conversion -Wenum-conversion -Wno-float-conversion -Wnon-literal-null-conversion -Wobjc-literal-conversion -Wshorten-64-to-32 -Wpointer-sign -Wno-newline-eof -Wno-selector -Wno-strict-selector-match -Wundeclared-selector -Wdeprecated-implementations -Wno-implicit-fallthrough -isysroot /Applications/Xcode.app/Contents/Developer/Platforms/iPhoneSimulator.platform/Developer/SDKs/iPhoneSimulator26.4.sdk -fstrict-aliasing -Wprotocol -Wdeprecated-declarations -Wno-sign-conversion -Winfinite-recursion -Wcomma -Wblock-capture-autoreleasing -Wstrict-prototypes -Wno-semicolon-before-method-body -Wunguarded-availability -index-store-path /Users/swan/Library/Developer/Xcode/DerivedData/vantiq-ui-ios-gueetvuzmuxrbegsztzkuatnhugx/Index.noindex/DataStore @/Users/swan/Development/vantiq-ui-ios/Example/build/Pods.build/Debug-iphonesimulator/AppAuth.build/Objects-normal/arm64/e6072d4f65d7061329687fe24e3d63a7-common-args.resp -include /Users/swan/Development/vantiq-ui-ios/Example/Pods/Target\ Support\ Files/AppAuth/AppAuth-prefix.pch -MMD -MT dependencies -MF /Users/swan/Development/vantiq-ui-ios/Example/build/Pods.build/Debug-iphonesimulator/AppAuth.build/Objects-normal/arm64/OIDAuthorizationService+IOS.d --serialize-diagnostics /Users/swan/Development/vantiq-ui-ios/Example/build/Pods.build/Debug-iphonesimulator/AppAuth.build/Objects-normal/arm64/OIDAuthorizationService+IOS.dia -c /Users/swan/Development/vantiq-ui-ios/Example/Pods/AppAuth/Sources/AppAuth/iOS/OIDAuthorizationService+IOS.m -o /Users/swan/Development/vantiq-ui-ios/Example/build/Pods.build/Debug-iphonesimulator/AppAuth.build/Objects-normal/arm64/OIDAuthorizationService+IOS.o -index-unit-output-path /Pods.build/Debug-iphonesimulator/AppAuth.build/Objects-normal/arm64/OIDAuthorizationService+IOS.o

CompileC /Users/swan/Development/vantiq-ui-ios/Example/build/Pods.build/Debug-iphonesimulator/AppAuth.build/Objects-normal/arm64/OIDExternalUserAgentIOS.o /Users/swan/Development/vantiq-ui-ios/Example/Pods/AppAuth/Sources/AppAuth/iOS/OIDExternalUserAgentIOS.m normal arm64 objective-c com.apple.compilers.llvm.clang.1_0.compiler (in target 'AppAuth' from project 'Pods')
    cd /Users/swan/Development/vantiq-ui-ios/Example/Pods
    
    Using response file: /Users/swan/Development/vantiq-ui-ios/Example/build/Pods.build/Debug-iphonesimulator/AppAuth.build/Objects-normal/arm64/e6072d4f65d7061329687fe24e3d63a7-common-args.resp
    
    /Applications/Xcode.app/Contents/Developer/Toolchains/XcodeDefault.xctoolchain/usr/bin/clang -x objective-c -ivfsstatcache /Users/swan/Library/Developer/Xcode/DerivedData/SDKStatCaches.noindex/iphonesimulator26.4-23E237-686eebb5dc1d8ecb277353a59184f4aa.sdkstatcache -target arm64-apple-ios12.0-simulator -fmessage-length\=0 -fdiagnostics-show-note-include-stack -fmacro-backtrace-limit\=0 -fno-color-diagnostics -fmodules-prune-interval\=86400 -fmodules-prune-after\=345600 -fbuild-session-file\=/Users/swan/Library/Developer/Xcode/DerivedData/ModuleCache.noindex/Session.modulevalidation -fmodules-validate-once-per-build-session -Wnon-modular-include-in-framework-module -Werror\=non-modular-include-in-framework-module -Wno-trigraphs -Wno-missing-field-initializers -Wno-missing-prototypes -Werror\=return-type -Wdocumentation -Wunreachable-code -Wno-implicit-atomic-properties -Werror\=deprecated-objc-isa-usage -Wno-objc-interface-ivars -Werror\=objc-root-class -Wno-arc-repeated-use-of-weak -Wimplicit-retain-self -Wduplicate-method-match -Wno-missing-braces -Wparentheses -Wswitch -Wunused-function -Wno-unused-label -Wno-unused-parameter -Wunused-variable -Wunused-value -Wempty-body -Wuninitialized -Wconditional-uninitialized -Wno-unknown-pragmas -Wno-shadow -Wno-four-char-constants -Wno-conversion -Wconstant-conversion -Wint-conversion -Wbool-conversion -Wenum-conversion -Wno-float-conversion -Wnon-literal-null-conversion -Wobjc-literal-conversion -Wshorten-64-to-32 -Wpointer-sign -Wno-newline-eof -Wno-selector -Wno-strict-selector-match -Wundeclared-selector -Wdeprecated-implementations -Wno-implicit-fallthrough -isysroot /Applications/Xcode.app/Contents/Developer/Platforms/iPhoneSimulator.platform/Developer/SDKs/iPhoneSimulator26.4.sdk -fstrict-aliasing -Wprotocol -Wdeprecated-declarations -Wno-sign-conversion -Winfinite-recursion -Wcomma -Wblock-capture-autoreleasing -Wstrict-prototypes -Wno-semicolon-before-method-body -Wunguarded-availability -index-store-path /Users/swan/Library/Developer/Xcode/DerivedData/vantiq-ui-ios-gueetvuzmuxrbegsztzkuatnhugx/Index.noindex/DataStore @/Users/swan/Development/vantiq-ui-ios/Example/build/Pods.build/Debug-iphonesimulator/AppAuth.build/Objects-normal/arm64/e6072d4f65d7061329687fe24e3d63a7-common-args.resp -include /Users/swan/Development/vantiq-ui-ios/Example/Pods/Target\ Support\ Files/AppAuth/AppAuth-prefix.pch -MMD -MT dependencies -MF /Users/swan/Development/vantiq-ui-ios/Example/build/Pods.build/Debug-iphonesimulator/AppAuth.build/Objects-normal/arm64/OIDExternalUserAgentIOS.d --serialize-diagnostics /Users/swan/Development/vantiq-ui-ios/Example/build/Pods.build/Debug-iphonesimulator/AppAuth.build/Objects-normal/arm64/OIDExternalUserAgentIOS.dia -c /Users/swan/Development/vantiq-ui-ios/Example/Pods/AppAuth/Sources/AppAuth/iOS/OIDExternalUserAgentIOS.m -o /Users/swan/Development/vantiq-ui-ios/Example/build/Pods.build/Debug-iphonesimulator/AppAuth.build/Objects-normal/arm64/OIDExternalUserAgentIOS.o -index-unit-output-path /Pods.build/Debug-iphonesimulator/AppAuth.build/Objects-normal/arm64/OIDExternalUserAgentIOS.o
/Users/swan/Development/vantiq-ui-ios/Example/Pods/AppAuth/Sources/AppAuth/iOS/OIDExternalUserAgentIOS.m:53:3: warning: 'SFAuthenticationSession' is deprecated: first deprecated in iOS 12.0 [-Wdeprecated-declarations]
   53 |   SFAuthenticationSession *_authenticationVC;
      |   ^~~~~~~~~~~~~~~~~~~~~~~
      |   ASWebAuthenticationSession
In module 'SafariServices' imported from /Users/swan/Development/vantiq-ui-ios/Example/Pods/AppAuth/Sources/AppAuth/iOS/OIDExternalUserAgentIOS.m:25:
/Applications/Xcode.app/Contents/Developer/Platforms/iPhoneSimulator.platform/Developer/SDKs/iPhoneSimulator26.4.sdk/System/Library/Frameworks/SafariServices.framework/Headers/SFAuthenticationSession.h:63:12: note: 'SFAuthenticationSession' has been explicitly marked deprecated here
   63 | @interface SFAuthenticationSession : NSObject
      |            ^
/Users/swan/Development/vantiq-ui-ios/Example/Pods/AppAuth/Sources/AppAuth/iOS/OIDExternalUserAgentIOS.m:143:7: warning: 'SFAuthenticationSession' is deprecated: first deprecated in iOS 12.0 [-Wdeprecated-declarations]
  143 |       SFAuthenticationSession *authenticationVC =
      |       ^~~~~~~~~~~~~~~~~~~~~~~
      |       ASWebAuthenticationSession
In module 'SafariServices' imported from /Users/swan/Development/vantiq-ui-ios/Example/Pods/AppAuth/Sources/AppAuth/iOS/OIDExternalUserAgentIOS.m:25:
/Applications/Xcode.app/Contents/Developer/Platforms/iPhoneSimulator.platform/Developer/SDKs/iPhoneSimulator26.4.sdk/System/Library/Frameworks/SafariServices.framework/Headers/SFAuthenticationSession.h:63:12: note: 'SFAuthenticationSession' has been explicitly marked deprecated here
   63 | @interface SFAuthenticationSession : NSObject
      |            ^
/Users/swan/Development/vantiq-ui-ios/Example/Pods/AppAuth/Sources/AppAuth/iOS/OIDExternalUserAgentIOS.m:144:37: warning: 'SFAuthenticationSession' is deprecated: first deprecated in iOS 12.0 [-Wdeprecated-declarations]
  144 |           [[SFAuthenticationSession alloc] initWithURL:requestURL
      |                                     ^~~~~
      |                                     ASWebAuthenticationSession
In module 'SafariServices' imported from /Users/swan/Development/vantiq-ui-ios/Example/Pods/AppAuth/Sources/AppAuth/iOS/OIDExternalUserAgentIOS.m:25:
/Applications/Xcode.app/Contents/Developer/Platforms/iPhoneSimulator.platform/Developer/SDKs/iPhoneSimulator26.4.sdk/System/Library/Frameworks/SafariServices.framework/Headers/SFAuthenticationSession.h:63:12: note: 'SFAuthenticationSession' has been explicitly marked deprecated here
   63 | @interface SFAuthenticationSession : NSObject
      |            ^
/Users/swan/Development/vantiq-ui-ios/Example/Pods/AppAuth/Sources/AppAuth/iOS/OIDExternalUserAgentIOS.m:180:58: warning: 'openURL:' is deprecated: first deprecated in iOS 10.0 [-Wdeprecated-declarations]
  180 |     openedUserAgent = [[UIApplication sharedApplication] openURL:requestURL];
      |                                                          ^~~~~~~
      |                                                          openURL:options:completionHandler:
In module 'UIKit' imported from /Users/swan/Development/vantiq-ui-ios/Example/Pods/Target Support Files/AppAuth/AppAuth-prefix.pch:2:
/Applications/Xcode.app/Contents/Developer/Platforms/iPhoneSimulator.platform/Developer/SDKs/iPhoneSimulator26.4.sdk/System/Library/Frameworks/UIKit.framework/Headers/UIApplication.h:97:1: note: 'openURL:' has been explicitly marked deprecated here
   97 | - (BOOL)openURL:(NSURL*)url API_DEPRECATED_WITH_REPLACEMENT("openURL:options:completionHandler:", ios(2.0, 10.0)) API_UNAVAILABLE(visionos, watchos);
      | ^
/Users/swan/Development/vantiq-ui-ios/Example/Pods/AppAuth/Sources/AppAuth/iOS/OIDExternalUserAgentIOS.m:203:3: warning: 'SFAuthenticationSession' is deprecated: first deprecated in iOS 12.0 [-Wdeprecated-declarations]
  203 |   SFAuthenticationSession *authenticationVC = _authenticationVC;
      |   ^~~~~~~~~~~~~~~~~~~~~~~
      |   ASWebAuthenticationSession
In module 'SafariServices' imported from /Users/swan/Development/vantiq-ui-ios/Example/Pods/AppAuth/Sources/AppAuth/iOS/OIDExternalUserAgentIOS.m:25:
/Applications/Xcode.app/Contents/Developer/Platforms/iPhoneSimulator.platform/Developer/SDKs/iPhoneSimulator26.4.sdk/System/Library/Frameworks/SafariServices.framework/Headers/SFAuthenticationSession.h:63:12: note: 'SFAuthenticationSession' has been explicitly marked deprecated here
   63 | @interface SFAuthenticationSession : NSObject
      |            ^
5 warnings generated.

CompileC /Users/swan/Development/vantiq-ui-ios/Example/build/Pods.build/Debug-iphonesimulator/AppAuth.build/Objects-normal/arm64/OIDExternalUserAgentCatalyst.o /Users/swan/Development/vantiq-ui-ios/Example/Pods/AppAuth/Sources/AppAuth/iOS/OIDExternalUserAgentCatalyst.m normal arm64 objective-c com.apple.compilers.llvm.clang.1_0.compiler (in target 'AppAuth' from project 'Pods')
    cd /Users/swan/Development/vantiq-ui-ios/Example/Pods
    
    Using response file: /Users/swan/Development/vantiq-ui-ios/Example/build/Pods.build/Debug-iphonesimulator/AppAuth.build/Objects-normal/arm64/e6072d4f65d7061329687fe24e3d63a7-common-args.resp
    
    /Applications/Xcode.app/Contents/Developer/Toolchains/XcodeDefault.xctoolchain/usr/bin/clang -x objective-c -ivfsstatcache /Users/swan/Library/Developer/Xcode/DerivedData/SDKStatCaches.noindex/iphonesimulator26.4-23E237-686eebb5dc1d8ecb277353a59184f4aa.sdkstatcache -target arm64-apple-ios12.0-simulator -fmessage-length\=0 -fdiagnostics-show-note-include-stack -fmacro-backtrace-limit\=0 -fno-color-diagnostics -fmodules-prune-interval\=86400 -fmodules-prune-after\=345600 -fbuild-session-file\=/Users/swan/Library/Developer/Xcode/DerivedData/ModuleCache.noindex/Session.modulevalidation -fmodules-validate-once-per-build-session -Wnon-modular-include-in-framework-module -Werror\=non-modular-include-in-framework-module -Wno-trigraphs -Wno-missing-field-initializers -Wno-missing-prototypes -Werror\=return-type -Wdocumentation -Wunreachable-code -Wno-implicit-atomic-properties -Werror\=deprecated-objc-isa-usage -Wno-objc-interface-ivars -Werror\=objc-root-class -Wno-arc-repeated-use-of-weak -Wimplicit-retain-self -Wduplicate-method-match -Wno-missing-braces -Wparentheses -Wswitch -Wunused-function -Wno-unused-label -Wno-unused-parameter -Wunused-variable -Wunused-value -Wempty-body -Wuninitialized -Wconditional-uninitialized -Wno-unknown-pragmas -Wno-shadow -Wno-four-char-constants -Wno-conversion -Wconstant-conversion -Wint-conversion -Wbool-conversion -Wenum-conversion -Wno-float-conversion -Wnon-literal-null-conversion -Wobjc-literal-conversion -Wshorten-64-to-32 -Wpointer-sign -Wno-newline-eof -Wno-selector -Wno-strict-selector-match -Wundeclared-selector -Wdeprecated-implementations -Wno-implicit-fallthrough -isysroot /Applications/Xcode.app/Contents/Developer/Platforms/iPhoneSimulator.platform/Developer/SDKs/iPhoneSimulator26.4.sdk -fstrict-aliasing -Wprotocol -Wdeprecated-declarations -Wno-sign-conversion -Winfinite-recursion -Wcomma -Wblock-capture-autoreleasing -Wstrict-prototypes -Wno-semicolon-before-method-body -Wunguarded-availability -index-store-path /Users/swan/Library/Developer/Xcode/DerivedData/vantiq-ui-ios-gueetvuzmuxrbegsztzkuatnhugx/Index.noindex/DataStore @/Users/swan/Development/vantiq-ui-ios/Example/build/Pods.build/Debug-iphonesimulator/AppAuth.build/Objects-normal/arm64/e6072d4f65d7061329687fe24e3d63a7-common-args.resp -include /Users/swan/Development/vantiq-ui-ios/Example/Pods/Target\ Support\ Files/AppAuth/AppAuth-prefix.pch -MMD -MT dependencies -MF /Users/swan/Development/vantiq-ui-ios/Example/build/Pods.build/Debug-iphonesimulator/AppAuth.build/Objects-normal/arm64/OIDExternalUserAgentCatalyst.d --serialize-diagnostics /Users/swan/Development/vantiq-ui-ios/Example/build/Pods.build/Debug-iphonesimulator/AppAuth.build/Objects-normal/arm64/OIDExternalUserAgentCatalyst.dia -c /Users/swan/Development/vantiq-ui-ios/Example/Pods/AppAuth/Sources/AppAuth/iOS/OIDExternalUserAgentCatalyst.m -o /Users/swan/Development/vantiq-ui-ios/Example/build/Pods.build/Debug-iphonesimulator/AppAuth.build/Objects-normal/arm64/OIDExternalUserAgentCatalyst.o -index-unit-output-path /Pods.build/Debug-iphonesimulator/AppAuth.build/Objects-normal/arm64/OIDExternalUserAgentCatalyst.o

PrecompileModule /Users/swan/Development/vantiq-ui-ios/Example/build/ExplicitPrecompiledModules/JWT-APF403CUT0UMZ9ZB0ZG6FOJIR.scan
    cd /
    builtin-precompileModule /Users/swan/Development/vantiq-ui-ios/Example/build/ExplicitPrecompiledModules/JWT-APF403CUT0UMZ9ZB0ZG6FOJIR.scan
While building module 'JWT':
In file included from <module-includes>:1:
In file included from /Users/swan/Development/vantiq-ui-ios/Example/Pods/Target Support Files/JWT/JWT-umbrella.h:28:
/Users/swan/Development/vantiq-ui-ios/Example/Pods/JWT/Classes/Coding/JWTCoding.h:296:110: warning: a block declaration without a prototype is deprecated  [-Wstrict-prototypes]
  296 | @property (copy, nonatomic, readonly) JWTBuilder * (^constructDataHolder)(id<JWTAlgorithmDataHolder> (^block)()) __available_in_release_version(JWTVersion_3_0_0);
      |                                                                                                              ^
      |                                                                                                               void
1 warning generated.

PrecompileModule /Users/swan/Development/vantiq-ui-ios/Example/build/ExplicitPrecompiledModules/Base64-1L1KMP6TOPUMK87V053MQBC1V.scan
    cd /
    builtin-precompileModule /Users/swan/Development/vantiq-ui-ios/Example/build/ExplicitPrecompiledModules/Base64-1L1KMP6TOPUMK87V053MQBC1V.scan

PrecompileModule /Users/swan/Development/vantiq-ui-ios/Example/build/ExplicitPrecompiledModules/AppAuth-56OBH6B7XRD4SY5UZE5MLQT39.scan
    cd /
    builtin-precompileModule /Users/swan/Development/vantiq-ui-ios/Example/build/ExplicitPrecompiledModules/AppAuth-56OBH6B7XRD4SY5UZE5MLQT39.scan

PrecompileModule /Users/swan/Development/vantiq-ui-ios/Example/build/ExplicitPrecompiledModules/WebKit-E74S6ELB4XHJU33VS3ORPX340.scan
    cd /
    builtin-precompileModule /Users/swan/Development/vantiq-ui-ios/Example/build/ExplicitPrecompiledModules/WebKit-E74S6ELB4XHJU33VS3ORPX340.scan

PrecompileModule /Users/swan/Development/vantiq-ui-ios/Example/build/ExplicitPrecompiledModules/vantiq_sdk_ios-9H8CG26T5W9AI30GCA3KSPQJ2.scan
    cd /
    builtin-precompileModule /Users/swan/Development/vantiq-ui-ios/Example/build/ExplicitPrecompiledModules/vantiq_sdk_ios-9H8CG26T5W9AI30GCA3KSPQJ2.scan

GenerateTAPI /Users/swan/Development/vantiq-ui-ios/Example/build/EagerLinkingTBDs/Debug-iphonesimulator/Base64.framework/Base64.tbd (in target 'Base64' from project 'Pods')
    cd /Users/swan/Development/vantiq-ui-ios/Example/Pods
    /Applications/Xcode.app/Contents/Developer/Toolchains/XcodeDefault.xctoolchain/usr/bin/tapi stubify -isysroot /Applications/Xcode.app/Contents/Developer/Platforms/iPhoneSimulator.platform/Developer/SDKs/iPhoneSimulator26.4.sdk -F/Users/swan/Development/vantiq-ui-ios/Example/build/Debug-iphonesimulator/Base64 -L/Users/swan/Development/vantiq-ui-ios/Example/build/Debug-iphonesimulator/Base64 /Users/swan/Development/vantiq-ui-ios/Example/build/Debug-iphonesimulator/Base64/Base64.framework/Base64 -o /Users/swan/Development/vantiq-ui-ios/Example/build/EagerLinkingTBDs/Debug-iphonesimulator/Base64.framework/Base64.tbd

CompileC /Users/swan/Development/vantiq-ui-ios/Example/build/Pods.build/Debug-iphonesimulator/JWT.build/Objects-normal/arm64/JWTBase64Coder.o /Users/swan/Development/vantiq-ui-ios/Example/Pods/JWT/Classes/Supplement/JWTBase64Coder.m normal arm64 objective-c com.apple.compilers.llvm.clang.1_0.compiler (in target 'JWT' from project 'Pods')
    cd /Users/swan/Development/vantiq-ui-ios/Example/Pods
    
    Using response file: /Users/swan/Development/vantiq-ui-ios/Example/build/Pods.build/Debug-iphonesimulator/JWT.build/Objects-normal/arm64/e6072d4f65d7061329687fe24e3d63a7-common-args.resp
    
    /Applications/Xcode.app/Contents/Developer/Toolchains/XcodeDefault.xctoolchain/usr/bin/clang -x objective-c -ivfsstatcache /Users/swan/Library/Developer/Xcode/DerivedData/SDKStatCaches.noindex/iphonesimulator26.4-23E237-686eebb5dc1d8ecb277353a59184f4aa.sdkstatcache -target arm64-apple-ios12.0-simulator -fmessage-length\=0 -fdiagnostics-show-note-include-stack -fmacro-backtrace-limit\=0 -fno-color-diagnostics -fmodules-prune-interval\=86400 -fmodules-prune-after\=345600 -fbuild-session-file\=/Users/swan/Library/Developer/Xcode/DerivedData/ModuleCache.noindex/Session.modulevalidation -fmodules-validate-once-per-build-session -Wnon-modular-include-in-framework-module -Werror\=non-modular-include-in-framework-module -Wno-trigraphs -Wno-missing-field-initializers -Wno-missing-prototypes -Werror\=return-type -Wdocumentation -Wunreachable-code -Wno-implicit-atomic-properties -Werror\=deprecated-objc-isa-usage -Wno-objc-interface-ivars -Werror\=objc-root-class -Wno-arc-repeated-use-of-weak -Wimplicit-retain-self -Wduplicate-method-match -Wno-missing-braces -Wparentheses -Wswitch -Wunused-function -Wno-unused-label -Wno-unused-parameter -Wunused-variable -Wunused-value -Wempty-body -Wuninitialized -Wconditional-uninitialized -Wno-unknown-pragmas -Wno-shadow -Wno-four-char-constants -Wno-conversion -Wconstant-conversion -Wint-conversion -Wbool-conversion -Wenum-conversion -Wno-float-conversion -Wnon-literal-null-conversion -Wobjc-literal-conversion -Wshorten-64-to-32 -Wpointer-sign -Wno-newline-eof -Wno-selector -Wno-strict-selector-match -Wundeclared-selector -Wdeprecated-implementations -Wno-implicit-fallthrough -isysroot /Applications/Xcode.app/Contents/Developer/Platforms/iPhoneSimulator.platform/Developer/SDKs/iPhoneSimulator26.4.sdk -fstrict-aliasing -Wprotocol -Wdeprecated-declarations -Wno-sign-conversion -Winfinite-recursion -Wcomma -Wblock-capture-autoreleasing -Wstrict-prototypes -Wno-semicolon-before-method-body -Wunguarded-availability -index-store-path /Users/swan/Library/Developer/Xcode/DerivedData/vantiq-ui-ios-gueetvuzmuxrbegsztzkuatnhugx/Index.noindex/DataStore @/Users/swan/Development/vantiq-ui-ios/Example/build/Pods.build/Debug-iphonesimulator/JWT.build/Objects-normal/arm64/e6072d4f65d7061329687fe24e3d63a7-common-args.resp -include /Users/swan/Development/vantiq-ui-ios/Example/Pods/Target\ Support\ Files/JWT/JWT-prefix.pch -MMD -MT dependencies -MF /Users/swan/Development/vantiq-ui-ios/Example/build/Pods.build/Debug-iphonesimulator/JWT.build/Objects-normal/arm64/JWTBase64Coder.d --serialize-diagnostics /Users/swan/Development/vantiq-ui-ios/Example/build/Pods.build/Debug-iphonesimulator/JWT.build/Objects-normal/arm64/JWTBase64Coder.dia -c /Users/swan/Development/vantiq-ui-ios/Example/Pods/JWT/Classes/Supplement/JWTBase64Coder.m -o /Users/swan/Development/vantiq-ui-ios/Example/build/Pods.build/Debug-iphonesimulator/JWT.build/Objects-normal/arm64/JWTBase64Coder.o -index-unit-output-path /Pods.build/Debug-iphonesimulator/JWT.build/Objects-normal/arm64/JWTBase64Coder.o

CodeSign /Users/swan/Development/vantiq-ui-ios/Example/build/Debug-iphonesimulator/Base64/Base64.framework (in target 'Base64' from project 'Pods')
    cd /Users/swan/Development/vantiq-ui-ios/Example/Pods
    
    Signing Identity:     "Sign to Run Locally"
    
    /usr/bin/codesign --force --sign - --timestamp\=none --generate-entitlement-der /Users/swan/Development/vantiq-ui-ios/Example/build/Debug-iphonesimulator/Base64/Base64.framework

Ld /Users/swan/Development/vantiq-ui-ios/Example/build/Debug-iphonesimulator/AppAuth/AppAuth.framework/AppAuth normal (in target 'AppAuth' from project 'Pods')
    cd /Users/swan/Development/vantiq-ui-ios/Example/Pods
    /Applications/Xcode.app/Contents/Developer/Toolchains/XcodeDefault.xctoolchain/usr/bin/clang -Xlinker -reproducible -target arm64-apple-ios12.0-simulator -dynamiclib -isysroot /Applications/Xcode.app/Contents/Developer/Platforms/iPhoneSimulator.platform/Developer/SDKs/iPhoneSimulator26.4.sdk -O0 -L/Users/swan/Development/vantiq-ui-ios/Example/build/EagerLinkingTBDs/Debug-iphonesimulator -L/Users/swan/Development/vantiq-ui-ios/Example/build/Debug-iphonesimulator/AppAuth -F/Users/swan/Development/vantiq-ui-ios/Example/build/EagerLinkingTBDs/Debug-iphonesimulator -F/Users/swan/Development/vantiq-ui-ios/Example/build/Debug-iphonesimulator/AppAuth -filelist /Users/swan/Development/vantiq-ui-ios/Example/build/Pods.build/Debug-iphonesimulator/AppAuth.build/Objects-normal/arm64/AppAuth.LinkFileList -install_name @rpath/AppAuth.framework/AppAuth -Xlinker -rpath -Xlinker @executable_path/Frameworks -Xlinker -rpath -Xlinker @loader_path/Frameworks -Xlinker -dead_strip -Xlinker -object_path_lto -Xlinker /Users/swan/Development/vantiq-ui-ios/Example/build/Pods.build/Debug-iphonesimulator/AppAuth.build/Objects-normal/arm64/AppAuth_lto.o -rdynamic -Xlinker -no_deduplicate -Xlinker -objc_abi_version -Xlinker 2 -Xlinker -dependency_info -Xlinker /Users/swan/Development/vantiq-ui-ios/Example/build/Pods.build/Debug-iphonesimulator/AppAuth.build/Objects-normal/arm64/AppAuth_dependency_info.dat -fobjc-arc -fobjc-link-runtime -framework SafariServices -weak_framework AuthenticationServices -framework Foundation -framework SafariServices -Xlinker -no_adhoc_codesign -compatibility_version 1 -current_version 1 -o /Users/swan/Development/vantiq-ui-ios/Example/build/Debug-iphonesimulator/AppAuth/AppAuth.framework/AppAuth

RegisterExecutionPolicyException /Users/swan/Development/vantiq-ui-ios/Example/build/Debug-iphonesimulator/Base64/Base64.framework (in target 'Base64' from project 'Pods')
    cd /Users/swan/Development/vantiq-ui-ios/Example/Pods
    builtin-RegisterExecutionPolicyException /Users/swan/Development/vantiq-ui-ios/Example/build/Debug-iphonesimulator/Base64/Base64.framework

Touch /Users/swan/Development/vantiq-ui-ios/Example/build/Debug-iphonesimulator/Base64/Base64.framework (in target 'Base64' from project 'Pods')
    cd /Users/swan/Development/vantiq-ui-ios/Example/Pods
    /usr/bin/touch -c /Users/swan/Development/vantiq-ui-ios/Example/build/Debug-iphonesimulator/Base64/Base64.framework

ProcessInfoPlistFile /Users/swan/Development/vantiq-ui-ios/Example/build/Debug-iphonesimulator/JWT/JWT.framework/Info.plist /Users/swan/Development/vantiq-ui-ios/Example/Pods/Target\ Support\ Files/JWT/JWT-Info.plist (in target 'JWT' from project 'Pods')
    cd /Users/swan/Development/vantiq-ui-ios/Example/Pods
    builtin-infoPlistUtility /Users/swan/Development/vantiq-ui-ios/Example/Pods/Target\ Support\ Files/JWT/JWT-Info.plist -producttype com.apple.product-type.framework -expandbuildsettings -format binary -platform iphonesimulator -o /Users/swan/Development/vantiq-ui-ios/Example/build/Debug-iphonesimulator/JWT/JWT.framework/Info.plist

Ld /Users/swan/Development/vantiq-ui-ios/Example/build/Debug-iphonesimulator/JWT/JWT.framework/JWT normal (in target 'JWT' from project 'Pods')
    cd /Users/swan/Development/vantiq-ui-ios/Example/Pods
    /Applications/Xcode.app/Contents/Developer/Toolchains/XcodeDefault.xctoolchain/usr/bin/clang -Xlinker -reproducible -target arm64-apple-ios12.0-simulator -dynamiclib -isysroot /Applications/Xcode.app/Contents/Developer/Platforms/iPhoneSimulator.platform/Developer/SDKs/iPhoneSimulator26.4.sdk -O0 -L/Users/swan/Development/vantiq-ui-ios/Example/build/EagerLinkingTBDs/Debug-iphonesimulator -L/Users/swan/Development/vantiq-ui-ios/Example/build/Debug-iphonesimulator/JWT -F/Users/swan/Development/vantiq-ui-ios/Example/build/EagerLinkingTBDs/Debug-iphonesimulator -F/Users/swan/Development/vantiq-ui-ios/Example/build/Debug-iphonesimulator/JWT -F/Users/swan/Development/vantiq-ui-ios/Example/build/Debug-iphonesimulator/Base64 -filelist /Users/swan/Development/vantiq-ui-ios/Example/build/Pods.build/Debug-iphonesimulator/JWT.build/Objects-normal/arm64/JWT.LinkFileList -install_name @rpath/JWT.framework/JWT -Xlinker -rpath -Xlinker @executable_path/Frameworks -Xlinker -rpath -Xlinker @loader_path/Frameworks -Xlinker -dead_strip -Xlinker -object_path_lto -Xlinker /Users/swan/Development/vantiq-ui-ios/Example/build/Pods.build/Debug-iphonesimulator/JWT.build/Objects-normal/arm64/JWT_lto.o -rdynamic -Xlinker -no_deduplicate -Xlinker -objc_abi_version -Xlinker 2 -Xlinker -dependency_info -Xlinker /Users/swan/Development/vantiq-ui-ios/Example/build/Pods.build/Debug-iphonesimulator/JWT.build/Objects-normal/arm64/JWT_dependency_info.dat -fobjc-arc -fobjc-link-runtime -framework Base64 -framework Security -framework Foundation -framework Security -Xlinker -no_adhoc_codesign -compatibility_version 1 -current_version 1 -o /Users/swan/Development/vantiq-ui-ios/Example/build/Debug-iphonesimulator/JWT/JWT.framework/JWT

GenerateTAPI /Users/swan/Development/vantiq-ui-ios/Example/build/EagerLinkingTBDs/Debug-iphonesimulator/vantiq_sdk_ios.framework/vantiq_sdk_ios.tbd (in target 'vantiq-sdk-ios' from project 'Pods')
    cd /Users/swan/Development/vantiq-ui-ios/Example/Pods
    /Applications/Xcode.app/Contents/Developer/Toolchains/XcodeDefault.xctoolchain/usr/bin/tapi stubify -isysroot /Applications/Xcode.app/Contents/Developer/Platforms/iPhoneSimulator.platform/Developer/SDKs/iPhoneSimulator26.4.sdk -F/Users/swan/Development/vantiq-ui-ios/Example/build/Debug-iphonesimulator/vantiq-sdk-ios -L/Users/swan/Development/vantiq-ui-ios/Example/build/Debug-iphonesimulator/vantiq-sdk-ios /Users/swan/Development/vantiq-ui-ios/Example/build/Debug-iphonesimulator/vantiq-sdk-ios/vantiq_sdk_ios.framework/vantiq_sdk_ios -o /Users/swan/Development/vantiq-ui-ios/Example/build/EagerLinkingTBDs/Debug-iphonesimulator/vantiq_sdk_ios.framework/vantiq_sdk_ios.tbd

CodeSign /Users/swan/Development/vantiq-ui-ios/Example/build/Debug-iphonesimulator/vantiq-sdk-ios/vantiq_sdk_ios.framework (in target 'vantiq-sdk-ios' from project 'Pods')
    cd /Users/swan/Development/vantiq-ui-ios/Example/Pods
    
    Signing Identity:     "Sign to Run Locally"
    
    /usr/bin/codesign --force --sign - --timestamp\=none --generate-entitlement-der /Users/swan/Development/vantiq-ui-ios/Example/build/Debug-iphonesimulator/vantiq-sdk-ios/vantiq_sdk_ios.framework

CompileC /Users/swan/Development/vantiq-ui-ios/Example/build/Pods.build/Debug-iphonesimulator/vantiq-ui-ios.build/Objects-normal/arm64/VantiqUI.o /Users/swan/Development/vantiq-ui-ios/vantiq-ui-ios/Classes/VantiqUI.m normal arm64 objective-c com.apple.compilers.llvm.clang.1_0.compiler (in target 'vantiq-ui-ios' from project 'Pods')
    cd /Users/swan/Development/vantiq-ui-ios/Example/Pods
    
    Using response file: /Users/swan/Development/vantiq-ui-ios/Example/build/Pods.build/Debug-iphonesimulator/vantiq-ui-ios.build/Objects-normal/arm64/e6072d4f65d7061329687fe24e3d63a7-common-args.resp
    
    /Applications/Xcode.app/Contents/Developer/Toolchains/XcodeDefault.xctoolchain/usr/bin/clang -x objective-c -ivfsstatcache /Users/swan/Library/Developer/Xcode/DerivedData/SDKStatCaches.noindex/iphonesimulator26.4-23E237-686eebb5dc1d8ecb277353a59184f4aa.sdkstatcache -target arm64-apple-ios12.0-simulator -fmessage-length\=0 -fdiagnostics-show-note-include-stack -fmacro-backtrace-limit\=0 -fno-color-diagnostics -fmodules-prune-interval\=86400 -fmodules-prune-after\=345600 -fbuild-session-file\=/Users/swan/Library/Developer/Xcode/DerivedData/ModuleCache.noindex/Session.modulevalidation -fmodules-validate-once-per-build-session -Wnon-modular-include-in-framework-module -Werror\=non-modular-include-in-framework-module -Wno-trigraphs -Wno-missing-field-initializers -Wno-missing-prototypes -Werror\=return-type -Wdocumentation -Wunreachable-code -Wno-implicit-atomic-properties -Werror\=deprecated-objc-isa-usage -Wno-objc-interface-ivars -Werror\=objc-root-class -Wno-arc-repeated-use-of-weak -Wimplicit-retain-self -Wduplicate-method-match -Wno-missing-braces -Wparentheses -Wswitch -Wunused-function -Wno-unused-label -Wno-unused-parameter -Wunused-variable -Wunused-value -Wempty-body -Wuninitialized -Wconditional-uninitialized -Wno-unknown-pragmas -Wno-shadow -Wno-four-char-constants -Wno-conversion -Wconstant-conversion -Wint-conversion -Wbool-conversion -Wenum-conversion -Wno-float-conversion -Wnon-literal-null-conversion -Wobjc-literal-conversion -Wshorten-64-to-32 -Wpointer-sign -Wno-newline-eof -Wno-selector -Wno-strict-selector-match -Wundeclared-selector -Wdeprecated-implementations -Wno-implicit-fallthrough -isysroot /Applications/Xcode.app/Contents/Developer/Platforms/iPhoneSimulator.platform/Developer/SDKs/iPhoneSimulator26.4.sdk -fstrict-aliasing -Wprotocol -Wdeprecated-declarations -Wno-sign-conversion -Winfinite-recursion -Wcomma -Wblock-capture-autoreleasing -Wstrict-prototypes -Wno-semicolon-before-method-body -Wunguarded-availability -index-store-path /Users/swan/Library/Developer/Xcode/DerivedData/vantiq-ui-ios-gueetvuzmuxrbegsztzkuatnhugx/Index.noindex/DataStore @/Users/swan/Development/vantiq-ui-ios/Example/build/Pods.build/Debug-iphonesimulator/vantiq-ui-ios.build/Objects-normal/arm64/e6072d4f65d7061329687fe24e3d63a7-common-args.resp -include /Users/swan/Development/vantiq-ui-ios/Example/Pods/Target\ Support\ Files/vantiq-ui-ios/vantiq-ui-ios-prefix.pch -MMD -MT dependencies -MF /Users/swan/Development/vantiq-ui-ios/Example/build/Pods.build/Debug-iphonesimulator/vantiq-ui-ios.build/Objects-normal/arm64/VantiqUI.d --serialize-diagnostics /Users/swan/Development/vantiq-ui-ios/Example/build/Pods.build/Debug-iphonesimulator/vantiq-ui-ios.build/Objects-normal/arm64/VantiqUI.dia -c /Users/swan/Development/vantiq-ui-ios/vantiq-ui-ios/Classes/VantiqUI.m -o /Users/swan/Development/vantiq-ui-ios/Example/build/Pods.build/Debug-iphonesimulator/vantiq-ui-ios.build/Objects-normal/arm64/VantiqUI.o -index-unit-output-path /Pods.build/Debug-iphonesimulator/vantiq-ui-ios.build/Objects-normal/arm64/VantiqUI.o
In file included from /Users/swan/Development/vantiq-ui-ios/vantiq-ui-ios/Classes/VantiqUI.m:8:
/Users/swan/Development/vantiq-ui-ios/vantiq-ui-ios/Classes/VantiqUI.h:123:33: warning: pointer is missing a nullability type specifier (_Nonnull, _Nullable, or _Null_unspecified) [-Wnullability-completeness]
  123 | - (void)authWithOAuth:(NSString *)urlScheme clientId:(NSString *)clientId completionHandler:(void (^_Nonnull)(NSDictionary *response))handler;
      |                                 ^
/Users/swan/Development/vantiq-ui-ios/vantiq-ui-ios/Classes/VantiqUI.h:123:33: note: insert '_Nullable' if the pointer may be null
  123 | - (void)authWithOAuth:(NSString *)urlScheme clientId:(NSString *)clientId completionHandler:(void (^_Nonnull)(NSDictionary *response))handler;
      |                                 ^
      |                                  _Nullable
/Users/swan/Development/vantiq-ui-ios/vantiq-ui-ios/Classes/VantiqUI.h:123:33: note: insert '_Nonnull' if the pointer should never be null
  123 | - (void)authWithOAuth:(NSString *)urlScheme clientId:(NSString *)clientId completionHandler:(void (^_Nonnull)(NSDictionary *response))handler;
      |                                 ^
      |                                  _Nonnull
/Users/swan/Development/vantiq-ui-ios/vantiq-ui-ios/Classes/VantiqUI.h:123:64: warning: pointer is missing a nullability type specifier (_Nonnull, _Nullable, or _Null_unspecified) [-Wnullability-completeness]
  123 | - (void)authWithOAuth:(NSString *)urlScheme clientId:(NSString *)clientId completionHandler:(void (^_Nonnull)(NSDictionary *response))handler;
      |                                                                ^
/Users/swan/Development/vantiq-ui-ios/vantiq-ui-ios/Classes/VantiqUI.h:123:64: note: insert '_Nullable' if the pointer may be null
  123 | - (void)authWithOAuth:(NSString *)urlScheme clientId:(NSString *)clientId completionHandler:(void (^_Nonnull)(NSDictionary *response))handler;
      |                                                                ^
      |                                                                 _Nullable
/Users/swan/Development/vantiq-ui-ios/vantiq-ui-ios/Classes/VantiqUI.h:123:64: note: insert '_Nonnull' if the pointer should never be null
  123 | - (void)authWithOAuth:(NSString *)urlScheme clientId:(NSString *)clientId completionHandler:(void (^_Nonnull)(NSDictionary *response))handler;
      |                                                                ^
      |                                                                 _Nonnull
/Users/swan/Development/vantiq-ui-ios/vantiq-ui-ios/Classes/VantiqUI.h:123:124: warning: pointer is missing a nullability type specifier (_Nonnull, _Nullable, or _Null_unspecified) [-Wnullability-completeness]
  123 | - (void)authWithOAuth:(NSString *)urlScheme clientId:(NSString *)clientId completionHandler:(void (^_Nonnull)(NSDictionary *response))handler;
      |                                                                                                                            ^
/Users/swan/Development/vantiq-ui-ios/vantiq-ui-ios/Classes/VantiqUI.h:123:124: note: insert '_Nullable' if the pointer may be null
  123 | - (void)authWithOAuth:(NSString *)urlScheme clientId:(NSString *)clientId completionHandler:(void (^_Nonnull)(NSDictionary *response))handler;
      |                                                                                                                            ^
      |                                                                                                                              _Nullable 
/Users/swan/Development/vantiq-ui-ios/vantiq-ui-ios/Classes/VantiqUI.h:123:124: note: insert '_Nonnull' if the pointer should never be null
  123 | - (void)authWithOAuth:(NSString *)urlScheme clientId:(NSString *)clientId completionHandler:(void (^_Nonnull)(NSDictionary *response))handler;
      |                                                                                                                            ^
      |                                                                                                                              _Nonnull 
/Users/swan/Development/vantiq-ui-ios/vantiq-ui-ios/Classes/VantiqUI.h:143:36: warning: pointer is missing a nullability type specifier (_Nonnull, _Nullable, or _Null_unspecified) [-Wnullability-completeness]
  143 | - (void)authWithInternal:(NSString *)username password:(NSString *)password completionHandler:(void (^_Nonnull)(NSDictionary *response))handler;
      |                                    ^
/Users/swan/Development/vantiq-ui-ios/vantiq-ui-ios/Classes/VantiqUI.h:143:36: note: insert '_Nullable' if the pointer may be null
  143 | - (void)authWithInternal:(NSString *)username password:(NSString *)password completionHandler:(void (^_Nonnull)(NSDictionary *response))handler;
      |                                    ^
      |                                     _Nullable
/Users/swan/Development/vantiq-ui-ios/vantiq-ui-ios/Classes/VantiqUI.h:143:36: note: insert '_Nonnull' if the pointer should never be null
  143 | - (void)authWithInternal:(NSString *)username password:(NSString *)password completionHandler:(void (^_Nonnull)(NSDictionary *response))handler;
      |                                    ^
      |                                     _Nonnull
/Users/swan/Development/vantiq-ui-ios/vantiq-ui-ios/Classes/VantiqUI.h:143:66: warning: pointer is missing a nullability type specifier (_Nonnull, _Nullable, or _Null_unspecified) [-Wnullability-completeness]
  143 | - (void)authWithInternal:(NSString *)username password:(NSString *)password completionHandler:(void (^_Nonnull)(NSDictionary *response))handler;
      |                                                                  ^
/Users/swan/Development/vantiq-ui-ios/vantiq-ui-ios/Classes/VantiqUI.h:143:66: note: insert '_Nullable' if the pointer may be null
  143 | - (void)authWithInternal:(NSString *)username password:(NSString *)password completionHandler:(void (^_Nonnull)(NSDictionary *response))handler;
      |                                                                  ^
      |                                                                   _Nullable
/Users/swan/Development/vantiq-ui-ios/vantiq-ui-ios/Classes/VantiqUI.h:143:66: note: insert '_Nonnull' if the pointer should never be null
  143 | - (void)authWithInternal:(NSString *)username password:(NSString *)password completionHandler:(void (^_Nonnull)(NSDictionary *response))handler;
      |                                                                  ^
      |                                                                   _Nonnull
/Users/swan/Development/vantiq-ui-ios/vantiq-ui-ios/Classes/VantiqUI.h:143:126: warning: pointer is missing a nullability type specifier (_Nonnull, _Nullable, or _Null_unspecified) [-Wnullability-completeness]
  143 | - (void)authWithInternal:(NSString *)username password:(NSString *)password completionHandler:(void (^_Nonnull)(NSDictionary *response))handler;
      |                                                                                                                              ^
/Users/swan/Development/vantiq-ui-ios/vantiq-ui-ios/Classes/VantiqUI.h:143:126: note: insert '_Nullable' if the pointer may be null
  143 | - (void)authWithInternal:(NSString *)username password:(NSString *)password completionHandler:(void (^_Nonnull)(NSDictionary *response))handler;
      |                                                                                                                              ^
      |                                                                                                                                _Nullable 
/Users/swan/Development/vantiq-ui-ios/vantiq-ui-ios/Classes/VantiqUI.h:143:126: note: insert '_Nonnull' if the pointer should never be null
  143 | - (void)authWithInternal:(NSString *)username password:(NSString *)password completionHandler:(void (^_Nonnull)(NSDictionary *response))handler;
      |                                                                                                                              ^
      |                                                                                                                                _Nonnull 
6 warnings generated.

CompileC /Users/swan/Development/vantiq-ui-ios/Example/build/Pods.build/Debug-iphonesimulator/vantiq-ui-ios.build/Objects-normal/arm64/WebViewController.o /Users/swan/Development/vantiq-ui-ios/vantiq-ui-ios/Classes/WebViewController.m normal arm64 objective-c com.apple.compilers.llvm.clang.1_0.compiler (in target 'vantiq-ui-ios' from project 'Pods')
    cd /Users/swan/Development/vantiq-ui-ios/Example/Pods
    
    Using response file: /Users/swan/Development/vantiq-ui-ios/Example/build/Pods.build/Debug-iphonesimulator/vantiq-ui-ios.build/Objects-normal/arm64/e6072d4f65d7061329687fe24e3d63a7-common-args.resp
    
    /Applications/Xcode.app/Contents/Developer/Toolchains/XcodeDefault.xctoolchain/usr/bin/clang -x objective-c -ivfsstatcache /Users/swan/Library/Developer/Xcode/DerivedData/SDKStatCaches.noindex/iphonesimulator26.4-23E237-686eebb5dc1d8ecb277353a59184f4aa.sdkstatcache -target arm64-apple-ios12.0-simulator -fmessage-length\=0 -fdiagnostics-show-note-include-stack -fmacro-backtrace-limit\=0 -fno-color-diagnostics -fmodules-prune-interval\=86400 -fmodules-prune-after\=345600 -fbuild-session-file\=/Users/swan/Library/Developer/Xcode/DerivedData/ModuleCache.noindex/Session.modulevalidation -fmodules-validate-once-per-build-session -Wnon-modular-include-in-framework-module -Werror\=non-modular-include-in-framework-module -Wno-trigraphs -Wno-missing-field-initializers -Wno-missing-prototypes -Werror\=return-type -Wdocumentation -Wunreachable-code -Wno-implicit-atomic-properties -Werror\=deprecated-objc-isa-usage -Wno-objc-interface-ivars -Werror\=objc-root-class -Wno-arc-repeated-use-of-weak -Wimplicit-retain-self -Wduplicate-method-match -Wno-missing-braces -Wparentheses -Wswitch -Wunused-function -Wno-unused-label -Wno-unused-parameter -Wunused-variable -Wunused-value -Wempty-body -Wuninitialized -Wconditional-uninitialized -Wno-unknown-pragmas -Wno-shadow -Wno-four-char-constants -Wno-conversion -Wconstant-conversion -Wint-conversion -Wbool-conversion -Wenum-conversion -Wno-float-conversion -Wnon-literal-null-conversion -Wobjc-literal-conversion -Wshorten-64-to-32 -Wpointer-sign -Wno-newline-eof -Wno-selector -Wno-strict-selector-match -Wundeclared-selector -Wdeprecated-implementations -Wno-implicit-fallthrough -isysroot /Applications/Xcode.app/Contents/Developer/Platforms/iPhoneSimulator.platform/Developer/SDKs/iPhoneSimulator26.4.sdk -fstrict-aliasing -Wprotocol -Wdeprecated-declarations -Wno-sign-conversion -Winfinite-recursion -Wcomma -Wblock-capture-autoreleasing -Wstrict-prototypes -Wno-semicolon-before-method-body -Wunguarded-availability -index-store-path /Users/swan/Library/Developer/Xcode/DerivedData/vantiq-ui-ios-gueetvuzmuxrbegsztzkuatnhugx/Index.noindex/DataStore @/Users/swan/Development/vantiq-ui-ios/Example/build/Pods.build/Debug-iphonesimulator/vantiq-ui-ios.build/Objects-normal/arm64/e6072d4f65d7061329687fe24e3d63a7-common-args.resp -include /Users/swan/Development/vantiq-ui-ios/Example/Pods/Target\ Support\ Files/vantiq-ui-ios/vantiq-ui-ios-prefix.pch -MMD -MT dependencies -MF /Users/swan/Development/vantiq-ui-ios/Example/build/Pods.build/Debug-iphonesimulator/vantiq-ui-ios.build/Objects-normal/arm64/WebViewController.d --serialize-diagnostics /Users/swan/Development/vantiq-ui-ios/Example/build/Pods.build/Debug-iphonesimulator/vantiq-ui-ios.build/Objects-normal/arm64/WebViewController.dia -c /Users/swan/Development/vantiq-ui-ios/vantiq-ui-ios/Classes/WebViewController.m -o /Users/swan/Development/vantiq-ui-ios/Example/build/Pods.build/Debug-iphonesimulator/vantiq-ui-ios.build/Objects-normal/arm64/WebViewController.o -index-unit-output-path /Pods.build/Debug-iphonesimulator/vantiq-ui-ios.build/Objects-normal/arm64/WebViewController.o
In file included from /Users/swan/Development/vantiq-ui-ios/vantiq-ui-ios/Classes/WebViewController.m:8:
In file included from /Users/swan/Development/vantiq-ui-ios/vantiq-ui-ios/Classes/WebViewController.h:9:
/Users/swan/Development/vantiq-ui-ios/vantiq-ui-ios/Classes/VantiqUI.h:123:33: warning: pointer is missing a nullability type specifier (_Nonnull, _Nullable, or _Null_unspecified) [-Wnullability-completeness]
  123 | - (void)authWithOAuth:(NSString *)urlScheme clientId:(NSString *)clientId completionHandler:(void (^_Nonnull)(NSDictionary *response))handler;
      |                                 ^
/Users/swan/Development/vantiq-ui-ios/vantiq-ui-ios/Classes/VantiqUI.h:123:33: note: insert '_Nullable' if the pointer may be null
  123 | - (void)authWithOAuth:(NSString *)urlScheme clientId:(NSString *)clientId completionHandler:(void (^_Nonnull)(NSDictionary *response))handler;
      |                                 ^
      |                                  _Nullable
/Users/swan/Development/vantiq-ui-ios/vantiq-ui-ios/Classes/VantiqUI.h:123:33: note: insert '_Nonnull' if the pointer should never be null
  123 | - (void)authWithOAuth:(NSString *)urlScheme clientId:(NSString *)clientId completionHandler:(void (^_Nonnull)(NSDictionary *response))handler;
      |                                 ^
      |                                  _Nonnull
/Users/swan/Development/vantiq-ui-ios/vantiq-ui-ios/Classes/VantiqUI.h:123:64: warning: pointer is missing a nullability type specifier (_Nonnull, _Nullable, or _Null_unspecified) [-Wnullability-completeness]
  123 | - (void)authWithOAuth:(NSString *)urlScheme clientId:(NSString *)clientId completionHandler:(void (^_Nonnull)(NSDictionary *response))handler;
      |                                                                ^
/Users/swan/Development/vantiq-ui-ios/vantiq-ui-ios/Classes/VantiqUI.h:123:64: note: insert '_Nullable' if the pointer may be null
  123 | - (void)authWithOAuth:(NSString *)urlScheme clientId:(NSString *)clientId completionHandler:(void (^_Nonnull)(NSDictionary *response))handler;
      |                                                                ^
      |                                                                 _Nullable
/Users/swan/Development/vantiq-ui-ios/vantiq-ui-ios/Classes/VantiqUI.h:123:64: note: insert '_Nonnull' if the pointer should never be null
  123 | - (void)authWithOAuth:(NSString *)urlScheme clientId:(NSString *)clientId completionHandler:(void (^_Nonnull)(NSDictionary *response))handler;
      |                                                                ^
      |                                                                 _Nonnull
/Users/swan/Development/vantiq-ui-ios/vantiq-ui-ios/Classes/VantiqUI.h:123:124: warning: pointer is missing a nullability type specifier (_Nonnull, _Nullable, or _Null_unspecified) [-Wnullability-completeness]
  123 | - (void)authWithOAuth:(NSString *)urlScheme clientId:(NSString *)clientId completionHandler:(void (^_Nonnull)(NSDictionary *response))handler;
      |                                                                                                                            ^
/Users/swan/Development/vantiq-ui-ios/vantiq-ui-ios/Classes/VantiqUI.h:123:124: note: insert '_Nullable' if the pointer may be null
  123 | - (void)authWithOAuth:(NSString *)urlScheme clientId:(NSString *)clientId completionHandler:(void (^_Nonnull)(NSDictionary *response))handler;
      |                                                                                                                            ^
      |                                                                                                                              _Nullable 
/Users/swan/Development/vantiq-ui-ios/vantiq-ui-ios/Classes/VantiqUI.h:123:124: note: insert '_Nonnull' if the pointer should never be null
  123 | - (void)authWithOAuth:(NSString *)urlScheme clientId:(NSString *)clientId completionHandler:(void (^_Nonnull)(NSDictionary *response))handler;
      |                                                                                                                            ^
      |                                                                                                                              _Nonnull 
/Users/swan/Development/vantiq-ui-ios/vantiq-ui-ios/Classes/VantiqUI.h:143:36: warning: pointer is missing a nullability type specifier (_Nonnull, _Nullable, or _Null_unspecified) [-Wnullability-completeness]
  143 | - (void)authWithInternal:(NSString *)username password:(NSString *)password completionHandler:(void (^_Nonnull)(NSDictionary *response))handler;
      |                                    ^
/Users/swan/Development/vantiq-ui-ios/vantiq-ui-ios/Classes/VantiqUI.h:143:36: note: insert '_Nullable' if the pointer may be null
  143 | - (void)authWithInternal:(NSString *)username password:(NSString *)password completionHandler:(void (^_Nonnull)(NSDictionary *response))handler;
      |                                    ^
      |                                     _Nullable
/Users/swan/Development/vantiq-ui-ios/vantiq-ui-ios/Classes/VantiqUI.h:143:36: note: insert '_Nonnull' if the pointer should never be null
  143 | - (void)authWithInternal:(NSString *)username password:(NSString *)password completionHandler:(void (^_Nonnull)(NSDictionary *response))handler;
      |                                    ^
      |                                     _Nonnull
/Users/swan/Development/vantiq-ui-ios/vantiq-ui-ios/Classes/VantiqUI.h:143:66: warning: pointer is missing a nullability type specifier (_Nonnull, _Nullable, or _Null_unspecified) [-Wnullability-completeness]
  143 | - (void)authWithInternal:(NSString *)username password:(NSString *)password completionHandler:(void (^_Nonnull)(NSDictionary *response))handler;
      |                                                                  ^
/Users/swan/Development/vantiq-ui-ios/vantiq-ui-ios/Classes/VantiqUI.h:143:66: note: insert '_Nullable' if the pointer may be null
  143 | - (void)authWithInternal:(NSString *)username password:(NSString *)password completionHandler:(void (^_Nonnull)(NSDictionary *response))handler;
      |                                                                  ^
      |                                                                   _Nullable
/Users/swan/Development/vantiq-ui-ios/vantiq-ui-ios/Classes/VantiqUI.h:143:66: note: insert '_Nonnull' if the pointer should never be null
  143 | - (void)authWithInternal:(NSString *)username password:(NSString *)password completionHandler:(void (^_Nonnull)(NSDictionary *response))handler;
      |                                                                  ^
      |                                                                   _Nonnull
/Users/swan/Development/vantiq-ui-ios/vantiq-ui-ios/Classes/VantiqUI.h:143:126: warning: pointer is missing a nullability type specifier (_Nonnull, _Nullable, or _Null_unspecified) [-Wnullability-completeness]
  143 | - (void)authWithInternal:(NSString *)username password:(NSString *)password completionHandler:(void (^_Nonnull)(NSDictionary *response))handler;
      |                                                                                                                              ^
/Users/swan/Development/vantiq-ui-ios/vantiq-ui-ios/Classes/VantiqUI.h:143:126: note: insert '_Nullable' if the pointer may be null
  143 | - (void)authWithInternal:(NSString *)username password:(NSString *)password completionHandler:(void (^_Nonnull)(NSDictionary *response))handler;
      |                                                                                                                              ^
      |                                                                                                                                _Nullable 
/Users/swan/Development/vantiq-ui-ios/vantiq-ui-ios/Classes/VantiqUI.h:143:126: note: insert '_Nonnull' if the pointer should never be null
  143 | - (void)authWithInternal:(NSString *)username password:(NSString *)password completionHandler:(void (^_Nonnull)(NSDictionary *response))handler;
      |                                                                                                                              ^
      |                                                                                                                                _Nonnull 
6 warnings generated.

RegisterExecutionPolicyException /Users/swan/Development/vantiq-ui-ios/Example/build/Debug-iphonesimulator/vantiq-sdk-ios/vantiq_sdk_ios.framework (in target 'vantiq-sdk-ios' from project 'Pods')
    cd /Users/swan/Development/vantiq-ui-ios/Example/Pods
    builtin-RegisterExecutionPolicyException /Users/swan/Development/vantiq-ui-ios/Example/build/Debug-iphonesimulator/vantiq-sdk-ios/vantiq_sdk_ios.framework

Touch /Users/swan/Development/vantiq-ui-ios/Example/build/Debug-iphonesimulator/vantiq-sdk-ios/vantiq_sdk_ios.framework (in target 'vantiq-sdk-ios' from project 'Pods')
    cd /Users/swan/Development/vantiq-ui-ios/Example/Pods
    /usr/bin/touch -c /Users/swan/Development/vantiq-ui-ios/Example/build/Debug-iphonesimulator/vantiq-sdk-ios/vantiq_sdk_ios.framework

GenerateTAPI /Users/swan/Development/vantiq-ui-ios/Example/build/EagerLinkingTBDs/Debug-iphonesimulator/JWT.framework/JWT.tbd (in target 'JWT' from project 'Pods')
    cd /Users/swan/Development/vantiq-ui-ios/Example/Pods
    /Applications/Xcode.app/Contents/Developer/Toolchains/XcodeDefault.xctoolchain/usr/bin/tapi stubify -isysroot /Applications/Xcode.app/Contents/Developer/Platforms/iPhoneSimulator.platform/Developer/SDKs/iPhoneSimulator26.4.sdk -F/Users/swan/Development/vantiq-ui-ios/Example/build/Debug-iphonesimulator/JWT -F/Users/swan/Development/vantiq-ui-ios/Example/build/Debug-iphonesimulator/Base64 -L/Users/swan/Development/vantiq-ui-ios/Example/build/Debug-iphonesimulator/JWT /Users/swan/Development/vantiq-ui-ios/Example/build/Debug-iphonesimulator/JWT/JWT.framework/JWT -o /Users/swan/Development/vantiq-ui-ios/Example/build/EagerLinkingTBDs/Debug-iphonesimulator/JWT.framework/JWT.tbd

CodeSign /Users/swan/Development/vantiq-ui-ios/Example/build/Debug-iphonesimulator/JWT/JWT.framework (in target 'JWT' from project 'Pods')
    cd /Users/swan/Development/vantiq-ui-ios/Example/Pods
    
    Signing Identity:     "Sign to Run Locally"
    
    /usr/bin/codesign --force --sign - --timestamp\=none --generate-entitlement-der /Users/swan/Development/vantiq-ui-ios/Example/build/Debug-iphonesimulator/JWT/JWT.framework

RegisterExecutionPolicyException /Users/swan/Development/vantiq-ui-ios/Example/build/Debug-iphonesimulator/JWT/JWT.framework (in target 'JWT' from project 'Pods')
    cd /Users/swan/Development/vantiq-ui-ios/Example/Pods
    builtin-RegisterExecutionPolicyException /Users/swan/Development/vantiq-ui-ios/Example/build/Debug-iphonesimulator/JWT/JWT.framework

Touch /Users/swan/Development/vantiq-ui-ios/Example/build/Debug-iphonesimulator/JWT/JWT.framework (in target 'JWT' from project 'Pods')
    cd /Users/swan/Development/vantiq-ui-ios/Example/Pods
    /usr/bin/touch -c /Users/swan/Development/vantiq-ui-ios/Example/build/Debug-iphonesimulator/JWT/JWT.framework

GenerateTAPI /Users/swan/Development/vantiq-ui-ios/Example/build/EagerLinkingTBDs/Debug-iphonesimulator/AppAuth.framework/AppAuth.tbd (in target 'AppAuth' from project 'Pods')
    cd /Users/swan/Development/vantiq-ui-ios/Example/Pods
    /Applications/Xcode.app/Contents/Developer/Toolchains/XcodeDefault.xctoolchain/usr/bin/tapi stubify -isysroot /Applications/Xcode.app/Contents/Developer/Platforms/iPhoneSimulator.platform/Developer/SDKs/iPhoneSimulator26.4.sdk -F/Users/swan/Development/vantiq-ui-ios/Example/build/Debug-iphonesimulator/AppAuth -L/Users/swan/Development/vantiq-ui-ios/Example/build/Debug-iphonesimulator/AppAuth /Users/swan/Development/vantiq-ui-ios/Example/build/Debug-iphonesimulator/AppAuth/AppAuth.framework/AppAuth -o /Users/swan/Development/vantiq-ui-ios/Example/build/EagerLinkingTBDs/Debug-iphonesimulator/AppAuth.framework/AppAuth.tbd

CodeSign /Users/swan/Development/vantiq-ui-ios/Example/build/Debug-iphonesimulator/AppAuth/AppAuth.framework (in target 'AppAuth' from project 'Pods')
    cd /Users/swan/Development/vantiq-ui-ios/Example/Pods
    
    Signing Identity:     "Sign to Run Locally"
    
    /usr/bin/codesign --force --sign - --timestamp\=none --generate-entitlement-der /Users/swan/Development/vantiq-ui-ios/Example/build/Debug-iphonesimulator/AppAuth/AppAuth.framework

RegisterExecutionPolicyException /Users/swan/Development/vantiq-ui-ios/Example/build/Debug-iphonesimulator/AppAuth/AppAuth.framework (in target 'AppAuth' from project 'Pods')
    cd /Users/swan/Development/vantiq-ui-ios/Example/Pods
    builtin-RegisterExecutionPolicyException /Users/swan/Development/vantiq-ui-ios/Example/build/Debug-iphonesimulator/AppAuth/AppAuth.framework

Touch /Users/swan/Development/vantiq-ui-ios/Example/build/Debug-iphonesimulator/AppAuth/AppAuth.framework (in target 'AppAuth' from project 'Pods')
    cd /Users/swan/Development/vantiq-ui-ios/Example/Pods
    /usr/bin/touch -c /Users/swan/Development/vantiq-ui-ios/Example/build/Debug-iphonesimulator/AppAuth/AppAuth.framework

ProcessInfoPlistFile /Users/swan/Development/vantiq-ui-ios/Example/build/Debug-iphonesimulator/vantiq-ui-ios/vantiq_ui_ios.framework/Info.plist /Users/swan/Development/vantiq-ui-ios/Example/Pods/Target\ Support\ Files/vantiq-ui-ios/vantiq-ui-ios-Info.plist (in target 'vantiq-ui-ios' from project 'Pods')
    cd /Users/swan/Development/vantiq-ui-ios/Example/Pods
    builtin-infoPlistUtility /Users/swan/Development/vantiq-ui-ios/Example/Pods/Target\ Support\ Files/vantiq-ui-ios/vantiq-ui-ios-Info.plist -producttype com.apple.product-type.framework -expandbuildsettings -format binary -platform iphonesimulator -o /Users/swan/Development/vantiq-ui-ios/Example/build/Debug-iphonesimulator/vantiq-ui-ios/vantiq_ui_ios.framework/Info.plist

Ld /Users/swan/Development/vantiq-ui-ios/Example/build/Debug-iphonesimulator/vantiq-ui-ios/vantiq_ui_ios.framework/vantiq_ui_ios normal (in target 'vantiq-ui-ios' from project 'Pods')
    cd /Users/swan/Development/vantiq-ui-ios/Example/Pods
    /Applications/Xcode.app/Contents/Developer/Toolchains/XcodeDefault.xctoolchain/usr/bin/clang -Xlinker -reproducible -target arm64-apple-ios12.0-simulator -dynamiclib -isysroot /Applications/Xcode.app/Contents/Developer/Platforms/iPhoneSimulator.platform/Developer/SDKs/iPhoneSimulator26.4.sdk -O0 -L/Users/swan/Development/vantiq-ui-ios/Example/build/EagerLinkingTBDs/Debug-iphonesimulator -L/Users/swan/Development/vantiq-ui-ios/Example/build/Debug-iphonesimulator/vantiq-ui-ios -F/Users/swan/Development/vantiq-ui-ios/Example/build/EagerLinkingTBDs/Debug-iphonesimulator -F/Users/swan/Development/vantiq-ui-ios/Example/build/Debug-iphonesimulator/vantiq-ui-ios -F/Users/swan/Development/vantiq-ui-ios/Example/build/Debug-iphonesimulator/AppAuth -F/Users/swan/Development/vantiq-ui-ios/Example/build/Debug-iphonesimulator/Base64 -F/Users/swan/Development/vantiq-ui-ios/Example/build/Debug-iphonesimulator/JWT -F/Users/swan/Development/vantiq-ui-ios/Example/build/Debug-iphonesimulator/vantiq-sdk-ios -filelist /Users/swan/Development/vantiq-ui-ios/Example/build/Pods.build/Debug-iphonesimulator/vantiq-ui-ios.build/Objects-normal/arm64/vantiq_ui_ios.LinkFileList -install_name @rpath/vantiq_ui_ios.framework/vantiq_ui_ios -Xlinker -rpath -Xlinker @executable_path/Frameworks -Xlinker -rpath -Xlinker @loader_path/Frameworks -Xlinker -dead_strip -Xlinker -object_path_lto -Xlinker /Users/swan/Development/vantiq-ui-ios/Example/build/Pods.build/Debug-iphonesimulator/vantiq-ui-ios.build/Objects-normal/arm64/vantiq_ui_ios_lto.o -rdynamic -Xlinker -no_deduplicate -Xlinker -objc_abi_version -Xlinker 2 -Xlinker -dependency_info -Xlinker /Users/swan/Development/vantiq-ui-ios/Example/build/Pods.build/Debug-iphonesimulator/vantiq-ui-ios.build/Objects-normal/arm64/vantiq_ui_ios_dependency_info.dat -fobjc-arc -fobjc-link-runtime -framework AppAuth -framework Base64 -framework JWT -framework SafariServices -framework Security -framework vantiq_sdk_ios -weak_framework AuthenticationServices -framework Foundation -Xlinker -no_adhoc_codesign -compatibility_version 1 -current_version 1 -o /Users/swan/Development/vantiq-ui-ios/Example/build/Debug-iphonesimulator/vantiq-ui-ios/vantiq_ui_ios.framework/vantiq_ui_ios

GenerateTAPI /Users/swan/Development/vantiq-ui-ios/Example/build/EagerLinkingTBDs/Debug-iphonesimulator/vantiq_ui_ios.framework/vantiq_ui_ios.tbd (in target 'vantiq-ui-ios' from project 'Pods')
    cd /Users/swan/Development/vantiq-ui-ios/Example/Pods
    /Applications/Xcode.app/Contents/Developer/Toolchains/XcodeDefault.xctoolchain/usr/bin/tapi stubify -isysroot /Applications/Xcode.app/Contents/Developer/Platforms/iPhoneSimulator.platform/Developer/SDKs/iPhoneSimulator26.4.sdk -F/Users/swan/Development/vantiq-ui-ios/Example/build/Debug-iphonesimulator/vantiq-ui-ios -F/Users/swan/Development/vantiq-ui-ios/Example/build/Debug-iphonesimulator/AppAuth -F/Users/swan/Development/vantiq-ui-ios/Example/build/Debug-iphonesimulator/Base64 -F/Users/swan/Development/vantiq-ui-ios/Example/build/Debug-iphonesimulator/JWT -F/Users/swan/Development/vantiq-ui-ios/Example/build/Debug-iphonesimulator/vantiq-sdk-ios -L/Users/swan/Development/vantiq-ui-ios/Example/build/Debug-iphonesimulator/vantiq-ui-ios /Users/swan/Development/vantiq-ui-ios/Example/build/Debug-iphonesimulator/vantiq-ui-ios/vantiq_ui_ios.framework/vantiq_ui_ios -o /Users/swan/Development/vantiq-ui-ios/Example/build/EagerLinkingTBDs/Debug-iphonesimulator/vantiq_ui_ios.framework/vantiq_ui_ios.tbd

CodeSign /Users/swan/Development/vantiq-ui-ios/Example/build/Debug-iphonesimulator/vantiq-ui-ios/vantiq_ui_ios.framework (in target 'vantiq-ui-ios' from project 'Pods')
    cd /Users/swan/Development/vantiq-ui-ios/Example/Pods
    
    Signing Identity:     "Sign to Run Locally"
    
    /usr/bin/codesign --force --sign - --timestamp\=none --generate-entitlement-der /Users/swan/Development/vantiq-ui-ios/Example/build/Debug-iphonesimulator/vantiq-ui-ios/vantiq_ui_ios.framework

RegisterExecutionPolicyException /Users/swan/Development/vantiq-ui-ios/Example/build/Debug-iphonesimulator/vantiq-ui-ios/vantiq_ui_ios.framework (in target 'vantiq-ui-ios' from project 'Pods')
    cd /Users/swan/Development/vantiq-ui-ios/Example/Pods
    builtin-RegisterExecutionPolicyException /Users/swan/Development/vantiq-ui-ios/Example/build/Debug-iphonesimulator/vantiq-ui-ios/vantiq_ui_ios.framework

Touch /Users/swan/Development/vantiq-ui-ios/Example/build/Debug-iphonesimulator/vantiq-ui-ios/vantiq_ui_ios.framework (in target 'vantiq-ui-ios' from project 'Pods')
    cd /Users/swan/Development/vantiq-ui-ios/Example/Pods
    /usr/bin/touch -c /Users/swan/Development/vantiq-ui-ios/Example/build/Debug-iphonesimulator/vantiq-ui-ios/vantiq_ui_ios.framework

ProcessInfoPlistFile /Users/swan/Development/vantiq-ui-ios/Example/build/Debug-iphonesimulator/Pods_vantiq_ui_ios_Example.framework/Info.plist /Users/swan/Development/vantiq-ui-ios/Example/Pods/Target\ Support\ Files/Pods-vantiq-ui-ios_Example/Pods-vantiq-ui-ios_Example-Info.plist (in target 'Pods-vantiq-ui-ios_Example' from project 'Pods')
    cd /Users/swan/Development/vantiq-ui-ios/Example/Pods
    builtin-infoPlistUtility /Users/swan/Development/vantiq-ui-ios/Example/Pods/Target\ Support\ Files/Pods-vantiq-ui-ios_Example/Pods-vantiq-ui-ios_Example-Info.plist -producttype com.apple.product-type.framework -expandbuildsettings -format binary -platform iphonesimulator -o /Users/swan/Development/vantiq-ui-ios/Example/build/Debug-iphonesimulator/Pods_vantiq_ui_ios_Example.framework/Info.plist

Libtool /Users/swan/Development/vantiq-ui-ios/Example/build/Debug-iphonesimulator/Pods_vantiq_ui_ios_Example.framework/Pods_vantiq_ui_ios_Example normal (in target 'Pods-vantiq-ui-ios_Example' from project 'Pods')
    cd /Users/swan/Development/vantiq-ui-ios/Example/Pods
    /Applications/Xcode.app/Contents/Developer/Toolchains/XcodeDefault.xctoolchain/usr/bin/libtool -static -arch_only arm64 -D -syslibroot /Applications/Xcode.app/Contents/Developer/Platforms/iPhoneSimulator.platform/Developer/SDKs/iPhoneSimulator26.4.sdk -L/Users/swan/Development/vantiq-ui-ios/Example/build/Debug-iphonesimulator -filelist /Users/swan/Development/vantiq-ui-ios/Example/build/Pods.build/Debug-iphonesimulator/Pods-vantiq-ui-ios_Example.build/Objects-normal/arm64/Pods_vantiq_ui_ios_Example.LinkFileList -dependency_info /Users/swan/Development/vantiq-ui-ios/Example/build/Pods.build/Debug-iphonesimulator/Pods-vantiq-ui-ios_Example.build/Objects-normal/arm64/Pods_vantiq_ui_ios_Example_libtool_dependency_info.dat -o /Users/swan/Development/vantiq-ui-ios/Example/build/Debug-iphonesimulator/Pods_vantiq_ui_ios_Example.framework/Pods_vantiq_ui_ios_Example

CodeSign /Users/swan/Development/vantiq-ui-ios/Example/build/Debug-iphonesimulator/Pods_vantiq_ui_ios_Example.framework (in target 'Pods-vantiq-ui-ios_Example' from project 'Pods')
    cd /Users/swan/Development/vantiq-ui-ios/Example/Pods
    
    Signing Identity:     "Sign to Run Locally"
    
    /usr/bin/codesign --force --sign - --timestamp\=none --generate-entitlement-der /Users/swan/Development/vantiq-ui-ios/Example/build/Debug-iphonesimulator/Pods_vantiq_ui_ios_Example.framework
note: Signing static framework with --generate-pre-encrypt-hashes (in target 'Pods-vantiq-ui-ios_Example' from project 'Pods')

RegisterExecutionPolicyException /Users/swan/Development/vantiq-ui-ios/Example/build/Debug-iphonesimulator/Pods_vantiq_ui_ios_Example.framework (in target 'Pods-vantiq-ui-ios_Example' from project 'Pods')
    cd /Users/swan/Development/vantiq-ui-ios/Example/Pods
    builtin-RegisterExecutionPolicyException /Users/swan/Development/vantiq-ui-ios/Example/build/Debug-iphonesimulator/Pods_vantiq_ui_ios_Example.framework

Touch /Users/swan/Development/vantiq-ui-ios/Example/build/Debug-iphonesimulator/Pods_vantiq_ui_ios_Example.framework (in target 'Pods-vantiq-ui-ios_Example' from project 'Pods')
    cd /Users/swan/Development/vantiq-ui-ios/Example/Pods
    /usr/bin/touch -c /Users/swan/Development/vantiq-ui-ios/Example/build/Debug-iphonesimulator/Pods_vantiq_ui_ios_Example.framework

PhaseScriptExecution [CP]\ Check\ Pods\ Manifest.lock /Users/swan/Development/vantiq-ui-ios/Example/build/vantiq-ui-ios.build/Debug-iphonesimulator/vantiq-ui-ios_Example.build/Script-CE01D42CAA736759B04B9B06.sh (in target 'vantiq-ui-ios_Example' from project 'vantiq-ui-ios')
    cd /Users/swan/Development/vantiq-ui-ios/Example
    /bin/sh -c /Users/swan/Development/vantiq-ui-ios/Example/build/vantiq-ui-ios.build/Debug-iphonesimulator/vantiq-ui-ios_Example.build/Script-CE01D42CAA736759B04B9B06.sh

GenerateAssetSymbols /Users/swan/Development/vantiq-ui-ios/Example/vantiq-ui-ios/Images.xcassets (in target 'vantiq-ui-ios_Example' from project 'vantiq-ui-ios')
    cd /Users/swan/Development/vantiq-ui-ios/Example
    /Applications/Xcode.app/Contents/Developer/usr/bin/actool /Users/swan/Development/vantiq-ui-ios/Example/vantiq-ui-ios/Images.xcassets --compile /Users/swan/Development/vantiq-ui-ios/Example/build/Debug-iphonesimulator/vantiq-ui-ios_Example.app --output-format human-readable-text --notices --warnings --export-dependency-info /Users/swan/Development/vantiq-ui-ios/Example/build/vantiq-ui-ios.build/Debug-iphonesimulator/vantiq-ui-ios_Example.build/assetcatalog_dependencies --output-partial-info-plist /Users/swan/Development/vantiq-ui-ios/Example/build/vantiq-ui-ios.build/Debug-iphonesimulator/vantiq-ui-ios_Example.build/assetcatalog_generated_info.plist --app-icon AppIcon --compress-pngs --enable-on-demand-resources YES --development-region English --target-device iphone --target-device ipad --minimum-deployment-target 15.6 --platform iphonesimulator --bundle-identifier com.vantiq.uiexample --generate-objc-asset-symbols /Users/swan/Development/vantiq-ui-ios/Example/build/vantiq-ui-ios.build/Debug-iphonesimulator/vantiq-ui-ios_Example.build/DerivedSources/GeneratedAssetSymbols.h --generate-asset-symbol-index /Users/swan/Development/vantiq-ui-ios/Example/build/vantiq-ui-ios.build/Debug-iphonesimulator/vantiq-ui-ios_Example.build/DerivedSources/GeneratedAssetSymbols-Index.plist
/* com.apple.actool.compilation-results */
/Users/swan/Development/vantiq-ui-ios/Example/build/vantiq-ui-ios.build/Debug-iphonesimulator/vantiq-ui-ios_Example.build/DerivedSources/GeneratedAssetSymbols-Index.plist
/Users/swan/Development/vantiq-ui-ios/Example/build/vantiq-ui-ios.build/Debug-iphonesimulator/vantiq-ui-ios_Example.build/DerivedSources/GeneratedAssetSymbols.h


MkDir /Users/swan/Development/vantiq-ui-ios/Example/build/vantiq-ui-ios.build/Debug-iphonesimulator/vantiq-ui-ios_Example.build/assetcatalog_output/unthinned (in target 'vantiq-ui-ios_Example' from project 'vantiq-ui-ios')
    cd /Users/swan/Development/vantiq-ui-ios/Example
    /bin/mkdir -p /Users/swan/Development/vantiq-ui-ios/Example/build/vantiq-ui-ios.build/Debug-iphonesimulator/vantiq-ui-ios_Example.build/assetcatalog_output/unthinned

MkDir /Users/swan/Development/vantiq-ui-ios/Example/build/vantiq-ui-ios.build/Debug-iphonesimulator/vantiq-ui-ios_Example.build/assetcatalog_output/thinned (in target 'vantiq-ui-ios_Example' from project 'vantiq-ui-ios')
    cd /Users/swan/Development/vantiq-ui-ios/Example
    /bin/mkdir -p /Users/swan/Development/vantiq-ui-ios/Example/build/vantiq-ui-ios.build/Debug-iphonesimulator/vantiq-ui-ios_Example.build/assetcatalog_output/thinned

CompileStoryboard /Users/swan/Development/vantiq-ui-ios/Example/vantiq-ui-ios/Base.lproj/LaunchScreen.storyboard (in target 'vantiq-ui-ios_Example' from project 'vantiq-ui-ios')
    cd /Users/swan/Development/vantiq-ui-ios/Example
    /Applications/Xcode.app/Contents/Developer/usr/bin/ibtool --errors --warnings --notices --module vantiq_ui_ios_Example --output-partial-info-plist /Users/swan/Development/vantiq-ui-ios/Example/build/vantiq-ui-ios.build/Debug-iphonesimulator/vantiq-ui-ios_Example.build/Base.lproj/LaunchScreen-SBPartialInfo.plist --auto-activate-custom-fonts --target-device iphone --target-device ipad --minimum-deployment-target 15.6 --output-format human-readable-text /Users/swan/Development/vantiq-ui-ios/Example/vantiq-ui-ios/Base.lproj/LaunchScreen.storyboard --compilation-directory /Users/swan/Development/vantiq-ui-ios/Example/build/vantiq-ui-ios.build/Debug-iphonesimulator/vantiq-ui-ios_Example.build/Base.lproj

CompileStoryboard /Users/swan/Development/vantiq-ui-ios/Example/vantiq-ui-ios/Base.lproj/Main.storyboard (in target 'vantiq-ui-ios_Example' from project 'vantiq-ui-ios')
    cd /Users/swan/Development/vantiq-ui-ios/Example
    /Applications/Xcode.app/Contents/Developer/usr/bin/ibtool --errors --warnings --notices --module vantiq_ui_ios_Example --output-partial-info-plist /Users/swan/Development/vantiq-ui-ios/Example/build/vantiq-ui-ios.build/Debug-iphonesimulator/vantiq-ui-ios_Example.build/Base.lproj/Main-SBPartialInfo.plist --auto-activate-custom-fonts --target-device iphone --target-device ipad --minimum-deployment-target 15.6 --output-format human-readable-text /Users/swan/Development/vantiq-ui-ios/Example/vantiq-ui-ios/Base.lproj/Main.storyboard --compilation-directory /Users/swan/Development/vantiq-ui-ios/Example/build/vantiq-ui-ios.build/Debug-iphonesimulator/vantiq-ui-ios_Example.build/Base.lproj

CopyStringsFile /Users/swan/Development/vantiq-ui-ios/Example/build/Debug-iphonesimulator/vantiq-ui-ios_Example.app/en.lproj/InfoPlist.strings /Users/swan/Development/vantiq-ui-ios/Example/vantiq-ui-ios/en.lproj/InfoPlist.strings (in target 'vantiq-ui-ios_Example' from project 'vantiq-ui-ios')
    cd /Users/swan/Development/vantiq-ui-ios/Example
    builtin-copyStrings --validate --outputencoding binary --outfilename InfoPlist.strings --outdir /Users/swan/Development/vantiq-ui-ios/Example/build/Debug-iphonesimulator/vantiq-ui-ios_Example.app/en.lproj -- /Users/swan/Development/vantiq-ui-ios/Example/vantiq-ui-ios/en.lproj/InfoPlist.strings
/Users/swan/Development/vantiq-ui-ios/Example/vantiq-ui-ios/en.lproj/InfoPlist.strings:1:1: note: detected encoding of input file as Unicode (UTF-8) (in target 'vantiq-ui-ios_Example' from project 'vantiq-ui-ios')

CompileAssetCatalogVariant thinned /Users/swan/Development/vantiq-ui-ios/Example/build/Debug-iphonesimulator/vantiq-ui-ios_Example.app /Users/swan/Development/vantiq-ui-ios/Example/vantiq-ui-ios/Images.xcassets (in target 'vantiq-ui-ios_Example' from project 'vantiq-ui-ios')
    cd /Users/swan/Development/vantiq-ui-ios/Example
    /Applications/Xcode.app/Contents/Developer/usr/bin/actool /Users/swan/Development/vantiq-ui-ios/Example/vantiq-ui-ios/Images.xcassets --compile /Users/swan/Development/vantiq-ui-ios/Example/build/vantiq-ui-ios.build/Debug-iphonesimulator/vantiq-ui-ios_Example.build/assetcatalog_output/thinned --output-format human-readable-text --notices --warnings --export-dependency-info /Users/swan/Development/vantiq-ui-ios/Example/build/vantiq-ui-ios.build/Debug-iphonesimulator/vantiq-ui-ios_Example.build/assetcatalog_dependencies_thinned --output-partial-info-plist /Users/swan/Development/vantiq-ui-ios/Example/build/vantiq-ui-ios.build/Debug-iphonesimulator/vantiq-ui-ios_Example.build/assetcatalog_generated_info.plist_thinned --app-icon AppIcon --compress-pngs --enable-on-demand-resources YES --filter-for-thinning-device-configuration iPhone18,3 --filter-for-device-os-version 26.4 --development-region English --target-device iphone --target-device ipad --minimum-deployment-target 15.6 --platform iphonesimulator
/* com.apple.actool.compilation-results */
/Users/swan/Development/vantiq-ui-ios/Example/build/vantiq-ui-ios.build/Debug-iphonesimulator/vantiq-ui-ios_Example.build/assetcatalog_generated_info.plist_thinned


ScanDependencies /Users/swan/Development/vantiq-ui-ios/Example/build/SharedPrecompiledHeaders/SharedPrecompiledHeaders/6622370725475042639/vantiq-ui-ios-Prefix.pch.gch /Users/swan/Development/vantiq-ui-ios/Example/vantiq-ui-ios/vantiq-ui-ios-Prefix.pch normal arm64 objective-c com.apple.compilers.llvm.clang.1_0.compiler (in target 'vantiq-ui-ios_Example' from project 'vantiq-ui-ios')
    cd /Users/swan/Development/vantiq-ui-ios/Example
    
    Using response file: /Users/swan/Development/vantiq-ui-ios/Example/build/vantiq-ui-ios.build/Debug-iphonesimulator/vantiq-ui-ios_Example.build/Objects-normal/arm64/e6072d4f65d7061329687fe24e3d63a7-common-args.resp
    
    builtin-ScanDependencies -o /Users/swan/Development/vantiq-ui-ios/Example/build/SharedPrecompiledHeaders/SharedPrecompiledHeaders/6622370725475042639/vantiq-ui-ios-Prefix.pchscan.gch -- /Applications/Xcode.app/Contents/Developer/Toolchains/XcodeDefault.xctoolchain/usr/bin/clang -x objective-c-header -target arm64-apple-ios15.6-simulator -fmessage-length\=0 -fdiagnostics-show-note-include-stack -fmacro-backtrace-limit\=0 -fno-color-diagnostics -fmodules-prune-interval\=86400 -fmodules-prune-after\=345600 -fbuild-session-file\=/Users/swan/Library/Developer/Xcode/DerivedData/ModuleCache.noindex/Session.modulevalidation -fmodules-validate-once-per-build-session -Wnon-modular-include-in-framework-module -Werror\=non-modular-include-in-framework-module -Wno-trigraphs -Wno-missing-field-initializers -Wno-missing-prototypes -Werror\=return-type -Wunreachable-code -Wno-implicit-atomic-properties -Werror\=deprecated-objc-isa-usage -Wno-objc-interface-ivars -Werror\=objc-root-class -Wno-arc-repeated-use-of-weak -Wimplicit-retain-self -Wduplicate-method-match -Wno-missing-braces -Wparentheses -Wswitch -Wunused-function -Wno-unused-label -Wno-unused-parameter -Wunused-variable -Wunused-value -Wempty-body -Wuninitialized -Wconditional-uninitialized -Wno-unknown-pragmas -Wno-shadow -Wno-four-char-constants -Wno-conversion -Wconstant-conversion -Wint-conversion -Wbool-conversion -Wenum-conversion -Wno-float-conversion -Wnon-literal-null-conversion -Wobjc-literal-conversion -Wshorten-64-to-32 -Wpointer-sign -Wno-newline-eof -Wno-selector -Wno-strict-selector-match -Wundeclared-selector -Wdeprecated-implementations -Wno-implicit-fallthrough -isysroot /Applications/Xcode.app/Contents/Developer/Platforms/iPhoneSimulator.platform/Developer/SDKs/iPhoneSimulator26.4.sdk -fstrict-aliasing -Wprotocol -Wdeprecated-declarations -Wno-sign-conversion -Winfinite-recursion -Wcomma -Wblock-capture-autoreleasing -Wstrict-prototypes -Wno-semicolon-before-method-body -index-store-path /Users/swan/Library/Developer/Xcode/DerivedData/vantiq-ui-ios-gueetvuzmuxrbegsztzkuatnhugx/Index.noindex/DataStore @/Users/swan/Development/vantiq-ui-ios/Example/build/vantiq-ui-ios.build/Debug-iphonesimulator/vantiq-ui-ios_Example.build/Objects-normal/arm64/e6072d4f65d7061329687fe24e3d63a7-common-args.resp -c /Users/swan/Development/vantiq-ui-ios/Example/vantiq-ui-ios/vantiq-ui-ios-Prefix.pch -MD -MT dependencies -MF /Users/swan/Development/vantiq-ui-ios/Example/build/SharedPrecompiledHeaders/SharedPrecompiledHeaders/6622370725475042639/vantiq-ui-ios-Prefix.pch.d -o /Users/swan/Development/vantiq-ui-ios/Example/build/SharedPrecompiledHeaders/SharedPrecompiledHeaders/6622370725475042639/vantiq-ui-ios-Prefix.pch.gch --serialize-diagnostics /Users/swan/Development/vantiq-ui-ios/Example/build/SharedPrecompiledHeaders/SharedPrecompiledHeaders/6622370725475042639/vantiq-ui-ios-Prefix.pch.dia

LinkAssetCatalog /Users/swan/Development/vantiq-ui-ios/Example/vantiq-ui-ios/Images.xcassets (in target 'vantiq-ui-ios_Example' from project 'vantiq-ui-ios')
    cd /Users/swan/Development/vantiq-ui-ios/Example
    builtin-linkAssetCatalog --thinned /Users/swan/Development/vantiq-ui-ios/Example/build/vantiq-ui-ios.build/Debug-iphonesimulator/vantiq-ui-ios_Example.build/assetcatalog_output/thinned --thinned-dependencies /Users/swan/Development/vantiq-ui-ios/Example/build/vantiq-ui-ios.build/Debug-iphonesimulator/vantiq-ui-ios_Example.build/assetcatalog_dependencies_thinned --thinned-info-plist-content /Users/swan/Development/vantiq-ui-ios/Example/build/vantiq-ui-ios.build/Debug-iphonesimulator/vantiq-ui-ios_Example.build/assetcatalog_generated_info.plist_thinned --unthinned /Users/swan/Development/vantiq-ui-ios/Example/build/vantiq-ui-ios.build/Debug-iphonesimulator/vantiq-ui-ios_Example.build/assetcatalog_output/unthinned --unthinned-dependencies /Users/swan/Development/vantiq-ui-ios/Example/build/vantiq-ui-ios.build/Debug-iphonesimulator/vantiq-ui-ios_Example.build/assetcatalog_dependencies_unthinned --unthinned-info-plist-content /Users/swan/Development/vantiq-ui-ios/Example/build/vantiq-ui-ios.build/Debug-iphonesimulator/vantiq-ui-ios_Example.build/assetcatalog_generated_info.plist_unthinned --output /Users/swan/Development/vantiq-ui-ios/Example/build/Debug-iphonesimulator/vantiq-ui-ios_Example.app --plist-output /Users/swan/Development/vantiq-ui-ios/Example/build/vantiq-ui-ios.build/Debug-iphonesimulator/vantiq-ui-ios_Example.build/assetcatalog_generated_info.plist

PrecompileModule /Users/swan/Development/vantiq-ui-ios/Example/build/ExplicitPrecompiledModules/_Builtin_stdarg-AH6IITRYLHK35W322HXMBCU8G.scan
    cd /
    builtin-precompileModule /Users/swan/Development/vantiq-ui-ios/Example/build/ExplicitPrecompiledModules/_Builtin_stdarg-AH6IITRYLHK35W322HXMBCU8G.scan

PrecompileModule /Users/swan/Development/vantiq-ui-ios/Example/build/ExplicitPrecompiledModules/ptrcheck-1NBCNA0J1DGNRKMOHQ8UIZHDB.scan
    cd /
    builtin-precompileModule /Users/swan/Development/vantiq-ui-ios/Example/build/ExplicitPrecompiledModules/ptrcheck-1NBCNA0J1DGNRKMOHQ8UIZHDB.scan

PrecompileModule /Users/swan/Development/vantiq-ui-ios/Example/build/ExplicitPrecompiledModules/_AvailabilityInternal-8GBD3RI90VG9QRPN4BZQJZ8R9.scan
    cd /
    builtin-precompileModule /Users/swan/Development/vantiq-ui-ios/Example/build/ExplicitPrecompiledModules/_AvailabilityInternal-8GBD3RI90VG9QRPN4BZQJZ8R9.scan

PrecompileModule /Users/swan/Development/vantiq-ui-ios/Example/build/ExplicitPrecompiledModules/_Builtin_stddef-B4C82MDRP3M490NCMBAVSZ3NL.scan
    cd /
    builtin-precompileModule /Users/swan/Development/vantiq-ui-ios/Example/build/ExplicitPrecompiledModules/_Builtin_stddef-B4C82MDRP3M490NCMBAVSZ3NL.scan

PrecompileModule /Users/swan/Development/vantiq-ui-ios/Example/build/ExplicitPrecompiledModules/_Builtin_float-7QFVMTL1J52LY28GXE7A7HQR3.scan
    cd /
    builtin-precompileModule /Users/swan/Development/vantiq-ui-ios/Example/build/ExplicitPrecompiledModules/_Builtin_float-7QFVMTL1J52LY28GXE7A7HQR3.scan

PrecompileModule /Users/swan/Development/vantiq-ui-ios/Example/build/ExplicitPrecompiledModules/_Builtin_stdbool-RCQOS6Q3YSGO668RBFDZJ9CW.scan
    cd /
    builtin-precompileModule /Users/swan/Development/vantiq-ui-ios/Example/build/ExplicitPrecompiledModules/_Builtin_stdbool-RCQOS6Q3YSGO668RBFDZJ9CW.scan

PrecompileModule /Users/swan/Development/vantiq-ui-ios/Example/build/ExplicitPrecompiledModules/ptrauth-A98D7R9Z6UW7WAWSWNEZK1967.scan
    cd /
    builtin-precompileModule /Users/swan/Development/vantiq-ui-ios/Example/build/ExplicitPrecompiledModules/ptrauth-A98D7R9Z6UW7WAWSWNEZK1967.scan

PrecompileModule /Users/swan/Development/vantiq-ui-ios/Example/build/ExplicitPrecompiledModules/_DarwinFoundation1-6IOUQ9QXQ1OZRYSP2V78YHCF4.scan
    cd /
    builtin-precompileModule /Users/swan/Development/vantiq-ui-ios/Example/build/ExplicitPrecompiledModules/_DarwinFoundation1-6IOUQ9QXQ1OZRYSP2V78YHCF4.scan

PrecompileModule /Users/swan/Development/vantiq-ui-ios/Example/build/ExplicitPrecompiledModules/_Builtin_limits-4K108APL9J9Y98JYALNRBAMCZ.scan
    cd /
    builtin-precompileModule /Users/swan/Development/vantiq-ui-ios/Example/build/ExplicitPrecompiledModules/_Builtin_limits-4K108APL9J9Y98JYALNRBAMCZ.scan

PrecompileModule /Users/swan/Development/vantiq-ui-ios/Example/build/ExplicitPrecompiledModules/_DarwinFoundation2-8EAO2T4RPLPAUTL1ZOTI82OPK.scan
    cd /
    builtin-precompileModule /Users/swan/Development/vantiq-ui-ios/Example/build/ExplicitPrecompiledModules/_DarwinFoundation2-8EAO2T4RPLPAUTL1ZOTI82OPK.scan

PrecompileModule /Users/swan/Development/vantiq-ui-ios/Example/build/ExplicitPrecompiledModules/_Builtin_stdint-4IYU7S82K7CGQ4SOGHZW23PZR.scan
    cd /
    builtin-precompileModule /Users/swan/Development/vantiq-ui-ios/Example/build/ExplicitPrecompiledModules/_Builtin_stdint-4IYU7S82K7CGQ4SOGHZW23PZR.scan

PrecompileModule /Users/swan/Development/vantiq-ui-ios/Example/build/ExplicitPrecompiledModules/_DarwinFoundation3-2AO72UYV9FXZJ8SLQ64OC98QQ.scan
    cd /
    builtin-precompileModule /Users/swan/Development/vantiq-ui-ios/Example/build/ExplicitPrecompiledModules/_DarwinFoundation3-2AO72UYV9FXZJ8SLQ64OC98QQ.scan

PrecompileModule /Users/swan/Development/vantiq-ui-ios/Example/build/ExplicitPrecompiledModules/_Builtin_inttypes-90YSG9EFSKD6VZ4AVDWBPAGIY.scan
    cd /
    builtin-precompileModule /Users/swan/Development/vantiq-ui-ios/Example/build/ExplicitPrecompiledModules/_Builtin_inttypes-90YSG9EFSKD6VZ4AVDWBPAGIY.scan

PrecompileModule /Users/swan/Development/vantiq-ui-ios/Example/build/ExplicitPrecompiledModules/Darwin-2VEB9ETB9TJDPBUESDRCYN3IW.scan
    cd /
    builtin-precompileModule /Users/swan/Development/vantiq-ui-ios/Example/build/ExplicitPrecompiledModules/Darwin-2VEB9ETB9TJDPBUESDRCYN3IW.scan

PrecompileModule /Users/swan/Development/vantiq-ui-ios/Example/build/ExplicitPrecompiledModules/ObjectiveC-6WJCIOIJFWIS1K0D6QW4ND2WQ.scan
    cd /
    builtin-precompileModule /Users/swan/Development/vantiq-ui-ios/Example/build/ExplicitPrecompiledModules/ObjectiveC-6WJCIOIJFWIS1K0D6QW4ND2WQ.scan

PrecompileModule /Users/swan/Development/vantiq-ui-ios/Example/build/ExplicitPrecompiledModules/os_object-BDULR0VTC38EP9XF09179ZEOG.scan
    cd /
    builtin-precompileModule /Users/swan/Development/vantiq-ui-ios/Example/build/ExplicitPrecompiledModules/os_object-BDULR0VTC38EP9XF09179ZEOG.scan

PrecompileModule /Users/swan/Development/vantiq-ui-ios/Example/build/ExplicitPrecompiledModules/os_workgroup-2CIORZ1GZL56FM6W8RJG1BGW1.scan
    cd /
    builtin-precompileModule /Users/swan/Development/vantiq-ui-ios/Example/build/ExplicitPrecompiledModules/os_workgroup-2CIORZ1GZL56FM6W8RJG1BGW1.scan

PrecompileModule /Users/swan/Development/vantiq-ui-ios/Example/build/ExplicitPrecompiledModules/Dispatch-EEZ62AETDA9764Y07B45MRKGJ.scan
    cd /
    builtin-precompileModule /Users/swan/Development/vantiq-ui-ios/Example/build/ExplicitPrecompiledModules/Dispatch-EEZ62AETDA9764Y07B45MRKGJ.scan

PrecompileModule /Users/swan/Development/vantiq-ui-ios/Example/build/ExplicitPrecompiledModules/XPC-1IVL7F5617GPCDCN8CBMMK1OP.scan
    cd /
    builtin-precompileModule /Users/swan/Development/vantiq-ui-ios/Example/build/ExplicitPrecompiledModules/XPC-1IVL7F5617GPCDCN8CBMMK1OP.scan

PrecompileModule /Users/swan/Development/vantiq-ui-ios/Example/build/ExplicitPrecompiledModules/CoreFoundation-EEW5JQGYEM14NKEDEEKKOP97E.scan
    cd /
    builtin-precompileModule /Users/swan/Development/vantiq-ui-ios/Example/build/ExplicitPrecompiledModules/CoreFoundation-EEW5JQGYEM14NKEDEEKKOP97E.scan

PrecompileModule /Users/swan/Development/vantiq-ui-ios/Example/build/ExplicitPrecompiledModules/CFNetwork-6OGA0QS8UFZ3OCP1L8F74O0P9.scan
    cd /
    builtin-precompileModule /Users/swan/Development/vantiq-ui-ios/Example/build/ExplicitPrecompiledModules/CFNetwork-6OGA0QS8UFZ3OCP1L8F74O0P9.scan

PrecompileModule /Users/swan/Development/vantiq-ui-ios/Example/build/ExplicitPrecompiledModules/CoreGraphics-95HYKFS45DILPAO9LKVQSUBW5.scan
    cd /
    builtin-precompileModule /Users/swan/Development/vantiq-ui-ios/Example/build/ExplicitPrecompiledModules/CoreGraphics-95HYKFS45DILPAO9LKVQSUBW5.scan

PrecompileModule /Users/swan/Development/vantiq-ui-ios/Example/build/ExplicitPrecompiledModules/Security-767XS59JW5L0EJUZUGR6KI4L3.scan
    cd /
    builtin-precompileModule /Users/swan/Development/vantiq-ui-ios/Example/build/ExplicitPrecompiledModules/Security-767XS59JW5L0EJUZUGR6KI4L3.scan

PrecompileModule /Users/swan/Development/vantiq-ui-ios/Example/build/ExplicitPrecompiledModules/Foundation-NQ6KJ6ICCT709F2HFAY8IOOA.scan
    cd /
    builtin-precompileModule /Users/swan/Development/vantiq-ui-ios/Example/build/ExplicitPrecompiledModules/Foundation-NQ6KJ6ICCT709F2HFAY8IOOA.scan

PrecompileModule /Users/swan/Development/vantiq-ui-ios/Example/build/ExplicitPrecompiledModules/ImageIO-RCRBUDTRAV2QCIE1W0ZE6Y77.scan
    cd /
    builtin-precompileModule /Users/swan/Development/vantiq-ui-ios/Example/build/ExplicitPrecompiledModules/ImageIO-RCRBUDTRAV2QCIE1W0ZE6Y77.scan

PrecompileModule /Users/swan/Development/vantiq-ui-ios/Example/build/ExplicitPrecompiledModules/CoreText-E0CGMURVX0097CGLBQ18A6LHZ.scan
    cd /
    builtin-precompileModule /Users/swan/Development/vantiq-ui-ios/Example/build/ExplicitPrecompiledModules/CoreText-E0CGMURVX0097CGLBQ18A6LHZ.scan

PrecompileModule /Users/swan/Development/vantiq-ui-ios/Example/build/ExplicitPrecompiledModules/OpenGLES-85JHAS91ILQ778HHPY09FBU8N.scan
    cd /
    builtin-precompileModule /Users/swan/Development/vantiq-ui-ios/Example/build/ExplicitPrecompiledModules/OpenGLES-85JHAS91ILQ778HHPY09FBU8N.scan

PrecompileModule /Users/swan/Development/vantiq-ui-ios/Example/build/ExplicitPrecompiledModules/UserNotifications-LJZEWD7EF9AYTFWVE2SQYO3H.scan
    cd /
    builtin-precompileModule /Users/swan/Development/vantiq-ui-ios/Example/build/ExplicitPrecompiledModules/UserNotifications-LJZEWD7EF9AYTFWVE2SQYO3H.scan

PrecompileModule /Users/swan/Development/vantiq-ui-ios/Example/build/ExplicitPrecompiledModules/IOSurface-265SJMRICDTO80LPO5J9DESFK.scan
    cd /
    builtin-precompileModule /Users/swan/Development/vantiq-ui-ios/Example/build/ExplicitPrecompiledModules/IOSurface-265SJMRICDTO80LPO5J9DESFK.scan

PrecompileModule /Users/swan/Development/vantiq-ui-ios/Example/build/ExplicitPrecompiledModules/UIUtilities-7NMFUFQK3SCAZUV8D6M7NPEZV.scan
    cd /
    builtin-precompileModule /Users/swan/Development/vantiq-ui-ios/Example/build/ExplicitPrecompiledModules/UIUtilities-7NMFUFQK3SCAZUV8D6M7NPEZV.scan

PrecompileModule /Users/swan/Development/vantiq-ui-ios/Example/build/ExplicitPrecompiledModules/FileProvider-3M3ZXRDLRS2YFB6837RUL60VN.scan
    cd /
    builtin-precompileModule /Users/swan/Development/vantiq-ui-ios/Example/build/ExplicitPrecompiledModules/FileProvider-3M3ZXRDLRS2YFB6837RUL60VN.scan

PrecompileModule /Users/swan/Development/vantiq-ui-ios/Example/build/ExplicitPrecompiledModules/Symbols-B5X5SRGCQNC67MOS279DILSUU.scan
    cd /
    builtin-precompileModule /Users/swan/Development/vantiq-ui-ios/Example/build/ExplicitPrecompiledModules/Symbols-B5X5SRGCQNC67MOS279DILSUU.scan

PrecompileModule /Users/swan/Development/vantiq-ui-ios/Example/build/ExplicitPrecompiledModules/Metal-5ATZHBMVKHTEPRHXNFTEXQASQ.scan
    cd /
    builtin-precompileModule /Users/swan/Development/vantiq-ui-ios/Example/build/ExplicitPrecompiledModules/Metal-5ATZHBMVKHTEPRHXNFTEXQASQ.scan

PrecompileModule /Users/swan/Development/vantiq-ui-ios/Example/build/ExplicitPrecompiledModules/CoreVideo-30GHOUBNHEPE6DY4U2TRH0PN0.scan
    cd /
    builtin-precompileModule /Users/swan/Development/vantiq-ui-ios/Example/build/ExplicitPrecompiledModules/CoreVideo-30GHOUBNHEPE6DY4U2TRH0PN0.scan

PrecompileModule /Users/swan/Development/vantiq-ui-ios/Example/build/ExplicitPrecompiledModules/QuartzCore-EA1NQNG81EXSPAFR80XFCEIZ.scan
    cd /
    builtin-precompileModule /Users/swan/Development/vantiq-ui-ios/Example/build/ExplicitPrecompiledModules/QuartzCore-EA1NQNG81EXSPAFR80XFCEIZ.scan

PrecompileModule /Users/swan/Development/vantiq-ui-ios/Example/build/ExplicitPrecompiledModules/CoreImage-EZ6T15E4VLH2VVL3E5GJNU2GS.scan
    cd /
    builtin-precompileModule /Users/swan/Development/vantiq-ui-ios/Example/build/ExplicitPrecompiledModules/CoreImage-EZ6T15E4VLH2VVL3E5GJNU2GS.scan

PrecompileModule /Users/swan/Development/vantiq-ui-ios/Example/build/ExplicitPrecompiledModules/UIKit-D6XZ2HEPLU9JOJDKZC7B3YRFX.scan
    cd /
    builtin-precompileModule /Users/swan/Development/vantiq-ui-ios/Example/build/ExplicitPrecompiledModules/UIKit-D6XZ2HEPLU9JOJDKZC7B3YRFX.scan

ProcessPCH /Users/swan/Development/vantiq-ui-ios/Example/build/SharedPrecompiledHeaders/SharedPrecompiledHeaders/6622370725475042639/vantiq-ui-ios-Prefix.pch.gch /Users/swan/Development/vantiq-ui-ios/Example/vantiq-ui-ios/vantiq-ui-ios-Prefix.pch normal arm64 objective-c com.apple.compilers.llvm.clang.1_0.compiler (in target 'vantiq-ui-ios_Example' from project 'vantiq-ui-ios')
    cd /Users/swan/Development/vantiq-ui-ios/Example
    
    Precompile of '/Users/swan/Development/vantiq-ui-ios/Example/vantiq-ui-ios/vantiq-ui-ios-Prefix.pch' required by '/Users/swan/Development/vantiq-ui-ios/Example/vantiq-ui-ios/VANTIQUIAppDelegate.m'
    Using response file: /Users/swan/Development/vantiq-ui-ios/Example/build/vantiq-ui-ios.build/Debug-iphonesimulator/vantiq-ui-ios_Example.build/Objects-normal/arm64/e6072d4f65d7061329687fe24e3d63a7-common-args.resp
    
    /Applications/Xcode.app/Contents/Developer/Toolchains/XcodeDefault.xctoolchain/usr/bin/clang -x objective-c-header -target arm64-apple-ios15.6-simulator -fmessage-length\=0 -fdiagnostics-show-note-include-stack -fmacro-backtrace-limit\=0 -fno-color-diagnostics -fmodules-prune-interval\=86400 -fmodules-prune-after\=345600 -fbuild-session-file\=/Users/swan/Library/Developer/Xcode/DerivedData/ModuleCache.noindex/Session.modulevalidation -fmodules-validate-once-per-build-session -Wnon-modular-include-in-framework-module -Werror\=non-modular-include-in-framework-module -Wno-trigraphs -Wno-missing-field-initializers -Wno-missing-prototypes -Werror\=return-type -Wunreachable-code -Wno-implicit-atomic-properties -Werror\=deprecated-objc-isa-usage -Wno-objc-interface-ivars -Werror\=objc-root-class -Wno-arc-repeated-use-of-weak -Wimplicit-retain-self -Wduplicate-method-match -Wno-missing-braces -Wparentheses -Wswitch -Wunused-function -Wno-unused-label -Wno-unused-parameter -Wunused-variable -Wunused-value -Wempty-body -Wuninitialized -Wconditional-uninitialized -Wno-unknown-pragmas -Wno-shadow -Wno-four-char-constants -Wno-conversion -Wconstant-conversion -Wint-conversion -Wbool-conversion -Wenum-conversion -Wno-float-conversion -Wnon-literal-null-conversion -Wobjc-literal-conversion -Wshorten-64-to-32 -Wpointer-sign -Wno-newline-eof -Wno-selector -Wno-strict-selector-match -Wundeclared-selector -Wdeprecated-implementations -Wno-implicit-fallthrough -isysroot /Applications/Xcode.app/Contents/Developer/Platforms/iPhoneSimulator.platform/Developer/SDKs/iPhoneSimulator26.4.sdk -fstrict-aliasing -Wprotocol -Wdeprecated-declarations -Wno-sign-conversion -Winfinite-recursion -Wcomma -Wblock-capture-autoreleasing -Wstrict-prototypes -Wno-semicolon-before-method-body -index-store-path /Users/swan/Library/Developer/Xcode/DerivedData/vantiq-ui-ios-gueetvuzmuxrbegsztzkuatnhugx/Index.noindex/DataStore @/Users/swan/Development/vantiq-ui-ios/Example/build/vantiq-ui-ios.build/Debug-iphonesimulator/vantiq-ui-ios_Example.build/Objects-normal/arm64/e6072d4f65d7061329687fe24e3d63a7-common-args.resp -c /Users/swan/Development/vantiq-ui-ios/Example/vantiq-ui-ios/vantiq-ui-ios-Prefix.pch -MD -MT dependencies -MF /Users/swan/Development/vantiq-ui-ios/Example/build/SharedPrecompiledHeaders/SharedPrecompiledHeaders/6622370725475042639/vantiq-ui-ios-Prefix.pch.d -o /Users/swan/Development/vantiq-ui-ios/Example/build/SharedPrecompiledHeaders/SharedPrecompiledHeaders/6622370725475042639/vantiq-ui-ios-Prefix.pch.gch --serialize-diagnostics /Users/swan/Development/vantiq-ui-ios/Example/build/SharedPrecompiledHeaders/SharedPrecompiledHeaders/6622370725475042639/vantiq-ui-ios-Prefix.pch.dia

ScanDependencies /Users/swan/Development/vantiq-ui-ios/Example/build/vantiq-ui-ios.build/Debug-iphonesimulator/vantiq-ui-ios_Example.build/Objects-normal/arm64/main.o /Users/swan/Development/vantiq-ui-ios/Example/vantiq-ui-ios/main.m normal arm64 objective-c com.apple.compilers.llvm.clang.1_0.compiler (in target 'vantiq-ui-ios_Example' from project 'vantiq-ui-ios')
    cd /Users/swan/Development/vantiq-ui-ios/Example
    
    Using response file: /Users/swan/Development/vantiq-ui-ios/Example/build/vantiq-ui-ios.build/Debug-iphonesimulator/vantiq-ui-ios_Example.build/Objects-normal/arm64/e6072d4f65d7061329687fe24e3d63a7-common-args.resp
    
    builtin-ScanDependencies -o /Users/swan/Development/vantiq-ui-ios/Example/build/vantiq-ui-ios.build/Debug-iphonesimulator/vantiq-ui-ios_Example.build/Objects-normal/arm64/main.o.scan -- /Applications/Xcode.app/Contents/Developer/Toolchains/XcodeDefault.xctoolchain/usr/bin/clang -x objective-c -ivfsstatcache /Users/swan/Library/Developer/Xcode/DerivedData/SDKStatCaches.noindex/iphonesimulator26.4-23E237-686eebb5dc1d8ecb277353a59184f4aa.sdkstatcache -target arm64-apple-ios15.6-simulator -fmessage-length\=0 -fdiagnostics-show-note-include-stack -fmacro-backtrace-limit\=0 -fno-color-diagnostics -fmodules-prune-interval\=86400 -fmodules-prune-after\=345600 -fbuild-session-file\=/Users/swan/Library/Developer/Xcode/DerivedData/ModuleCache.noindex/Session.modulevalidation -fmodules-validate-once-per-build-session -Wnon-modular-include-in-framework-module -Werror\=non-modular-include-in-framework-module -Wno-trigraphs -Wno-missing-field-initializers -Wno-missing-prototypes -Werror\=return-type -Wunreachable-code -Wno-implicit-atomic-properties -Werror\=deprecated-objc-isa-usage -Wno-objc-interface-ivars -Werror\=objc-root-class -Wno-arc-repeated-use-of-weak -Wimplicit-retain-self -Wduplicate-method-match -Wno-missing-braces -Wparentheses -Wswitch -Wunused-function -Wno-unused-label -Wno-unused-parameter -Wunused-variable -Wunused-value -Wempty-body -Wuninitialized -Wconditional-uninitialized -Wno-unknown-pragmas -Wno-shadow -Wno-four-char-constants -Wno-conversion -Wconstant-conversion -Wint-conversion -Wbool-conversion -Wenum-conversion -Wno-float-conversion -Wnon-literal-null-conversion -Wobjc-literal-conversion -Wshorten-64-to-32 -Wpointer-sign -Wno-newline-eof -Wno-selector -Wno-strict-selector-match -Wundeclared-selector -Wdeprecated-implementations -Wno-implicit-fallthrough -isysroot /Applications/Xcode.app/Contents/Developer/Platforms/iPhoneSimulator.platform/Developer/SDKs/iPhoneSimulator26.4.sdk -fstrict-aliasing -Wprotocol -Wdeprecated-declarations -Wno-sign-conversion -Winfinite-recursion -Wcomma -Wblock-capture-autoreleasing -Wstrict-prototypes -Wno-semicolon-before-method-body -index-store-path /Users/swan/Library/Developer/Xcode/DerivedData/vantiq-ui-ios-gueetvuzmuxrbegsztzkuatnhugx/Index.noindex/DataStore @/Users/swan/Development/vantiq-ui-ios/Example/build/vantiq-ui-ios.build/Debug-iphonesimulator/vantiq-ui-ios_Example.build/Objects-normal/arm64/e6072d4f65d7061329687fe24e3d63a7-common-args.resp -include /Users/swan/Development/vantiq-ui-ios/Example/build/SharedPrecompiledHeaders/SharedPrecompiledHeaders/6622370725475042639/vantiq-ui-ios-Prefix.pch -MMD -MT dependencies -MF /Users/swan/Development/vantiq-ui-ios/Example/build/vantiq-ui-ios.build/Debug-iphonesimulator/vantiq-ui-ios_Example.build/Objects-normal/arm64/main.d --serialize-diagnostics /Users/swan/Development/vantiq-ui-ios/Example/build/vantiq-ui-ios.build/Debug-iphonesimulator/vantiq-ui-ios_Example.build/Objects-normal/arm64/main.dia -c /Users/swan/Development/vantiq-ui-ios/Example/vantiq-ui-ios/main.m -o /Users/swan/Development/vantiq-ui-ios/Example/build/vantiq-ui-ios.build/Debug-iphonesimulator/vantiq-ui-ios_Example.build/Objects-normal/arm64/main.o -index-unit-output-path /vantiq-ui-ios.build/Debug-iphonesimulator/vantiq-ui-ios_Example.build/Objects-normal/arm64/main.o

ScanDependencies /Users/swan/Development/vantiq-ui-ios/Example/build/vantiq-ui-ios.build/Debug-iphonesimulator/vantiq-ui-ios_Example.build/Objects-normal/arm64/VANTIQUIViewController.o /Users/swan/Development/vantiq-ui-ios/Example/vantiq-ui-ios/VANTIQUIViewController.m normal arm64 objective-c com.apple.compilers.llvm.clang.1_0.compiler (in target 'vantiq-ui-ios_Example' from project 'vantiq-ui-ios')
    cd /Users/swan/Development/vantiq-ui-ios/Example
    
    Using response file: /Users/swan/Development/vantiq-ui-ios/Example/build/vantiq-ui-ios.build/Debug-iphonesimulator/vantiq-ui-ios_Example.build/Objects-normal/arm64/e6072d4f65d7061329687fe24e3d63a7-common-args.resp
    
    builtin-ScanDependencies -o /Users/swan/Development/vantiq-ui-ios/Example/build/vantiq-ui-ios.build/Debug-iphonesimulator/vantiq-ui-ios_Example.build/Objects-normal/arm64/VANTIQUIViewController.o.scan -- /Applications/Xcode.app/Contents/Developer/Toolchains/XcodeDefault.xctoolchain/usr/bin/clang -x objective-c -ivfsstatcache /Users/swan/Library/Developer/Xcode/DerivedData/SDKStatCaches.noindex/iphonesimulator26.4-23E237-686eebb5dc1d8ecb277353a59184f4aa.sdkstatcache -target arm64-apple-ios15.6-simulator -fmessage-length\=0 -fdiagnostics-show-note-include-stack -fmacro-backtrace-limit\=0 -fno-color-diagnostics -fmodules-prune-interval\=86400 -fmodules-prune-after\=345600 -fbuild-session-file\=/Users/swan/Library/Developer/Xcode/DerivedData/ModuleCache.noindex/Session.modulevalidation -fmodules-validate-once-per-build-session -Wnon-modular-include-in-framework-module -Werror\=non-modular-include-in-framework-module -Wno-trigraphs -Wno-missing-field-initializers -Wno-missing-prototypes -Werror\=return-type -Wunreachable-code -Wno-implicit-atomic-properties -Werror\=deprecated-objc-isa-usage -Wno-objc-interface-ivars -Werror\=objc-root-class -Wno-arc-repeated-use-of-weak -Wimplicit-retain-self -Wduplicate-method-match -Wno-missing-braces -Wparentheses -Wswitch -Wunused-function -Wno-unused-label -Wno-unused-parameter -Wunused-variable -Wunused-value -Wempty-body -Wuninitialized -Wconditional-uninitialized -Wno-unknown-pragmas -Wno-shadow -Wno-four-char-constants -Wno-conversion -Wconstant-conversion -Wint-conversion -Wbool-conversion -Wenum-conversion -Wno-float-conversion -Wnon-literal-null-conversion -Wobjc-literal-conversion -Wshorten-64-to-32 -Wpointer-sign -Wno-newline-eof -Wno-selector -Wno-strict-selector-match -Wundeclared-selector -Wdeprecated-implementations -Wno-implicit-fallthrough -isysroot /Applications/Xcode.app/Contents/Developer/Platforms/iPhoneSimulator.platform/Developer/SDKs/iPhoneSimulator26.4.sdk -fstrict-aliasing -Wprotocol -Wdeprecated-declarations -Wno-sign-conversion -Winfinite-recursion -Wcomma -Wblock-capture-autoreleasing -Wstrict-prototypes -Wno-semicolon-before-method-body -index-store-path /Users/swan/Library/Developer/Xcode/DerivedData/vantiq-ui-ios-gueetvuzmuxrbegsztzkuatnhugx/Index.noindex/DataStore @/Users/swan/Development/vantiq-ui-ios/Example/build/vantiq-ui-ios.build/Debug-iphonesimulator/vantiq-ui-ios_Example.build/Objects-normal/arm64/e6072d4f65d7061329687fe24e3d63a7-common-args.resp -include /Users/swan/Development/vantiq-ui-ios/Example/build/SharedPrecompiledHeaders/SharedPrecompiledHeaders/6622370725475042639/vantiq-ui-ios-Prefix.pch -MMD -MT dependencies -MF /Users/swan/Development/vantiq-ui-ios/Example/build/vantiq-ui-ios.build/Debug-iphonesimulator/vantiq-ui-ios_Example.build/Objects-normal/arm64/VANTIQUIViewController.d --serialize-diagnostics /Users/swan/Development/vantiq-ui-ios/Example/build/vantiq-ui-ios.build/Debug-iphonesimulator/vantiq-ui-ios_Example.build/Objects-normal/arm64/VANTIQUIViewController.dia -c /Users/swan/Development/vantiq-ui-ios/Example/vantiq-ui-ios/VANTIQUIViewController.m -o /Users/swan/Development/vantiq-ui-ios/Example/build/vantiq-ui-ios.build/Debug-iphonesimulator/vantiq-ui-ios_Example.build/Objects-normal/arm64/VANTIQUIViewController.o -index-unit-output-path /vantiq-ui-ios.build/Debug-iphonesimulator/vantiq-ui-ios_Example.build/Objects-normal/arm64/VANTIQUIViewController.o

ScanDependencies /Users/swan/Development/vantiq-ui-ios/Example/build/vantiq-ui-ios.build/Debug-iphonesimulator/vantiq-ui-ios_Example.build/Objects-normal/arm64/VANTIQUIAppDelegate.o /Users/swan/Development/vantiq-ui-ios/Example/vantiq-ui-ios/VANTIQUIAppDelegate.m normal arm64 objective-c com.apple.compilers.llvm.clang.1_0.compiler (in target 'vantiq-ui-ios_Example' from project 'vantiq-ui-ios')
    cd /Users/swan/Development/vantiq-ui-ios/Example
    
    Using response file: /Users/swan/Development/vantiq-ui-ios/Example/build/vantiq-ui-ios.build/Debug-iphonesimulator/vantiq-ui-ios_Example.build/Objects-normal/arm64/e6072d4f65d7061329687fe24e3d63a7-common-args.resp
    
    builtin-ScanDependencies -o /Users/swan/Development/vantiq-ui-ios/Example/build/vantiq-ui-ios.build/Debug-iphonesimulator/vantiq-ui-ios_Example.build/Objects-normal/arm64/VANTIQUIAppDelegate.o.scan -- /Applications/Xcode.app/Contents/Developer/Toolchains/XcodeDefault.xctoolchain/usr/bin/clang -x objective-c -ivfsstatcache /Users/swan/Library/Developer/Xcode/DerivedData/SDKStatCaches.noindex/iphonesimulator26.4-23E237-686eebb5dc1d8ecb277353a59184f4aa.sdkstatcache -target arm64-apple-ios15.6-simulator -fmessage-length\=0 -fdiagnostics-show-note-include-stack -fmacro-backtrace-limit\=0 -fno-color-diagnostics -fmodules-prune-interval\=86400 -fmodules-prune-after\=345600 -fbuild-session-file\=/Users/swan/Library/Developer/Xcode/DerivedData/ModuleCache.noindex/Session.modulevalidation -fmodules-validate-once-per-build-session -Wnon-modular-include-in-framework-module -Werror\=non-modular-include-in-framework-module -Wno-trigraphs -Wno-missing-field-initializers -Wno-missing-prototypes -Werror\=return-type -Wunreachable-code -Wno-implicit-atomic-properties -Werror\=deprecated-objc-isa-usage -Wno-objc-interface-ivars -Werror\=objc-root-class -Wno-arc-repeated-use-of-weak -Wimplicit-retain-self -Wduplicate-method-match -Wno-missing-braces -Wparentheses -Wswitch -Wunused-function -Wno-unused-label -Wno-unused-parameter -Wunused-variable -Wunused-value -Wempty-body -Wuninitialized -Wconditional-uninitialized -Wno-unknown-pragmas -Wno-shadow -Wno-four-char-constants -Wno-conversion -Wconstant-conversion -Wint-conversion -Wbool-conversion -Wenum-conversion -Wno-float-conversion -Wnon-literal-null-conversion -Wobjc-literal-conversion -Wshorten-64-to-32 -Wpointer-sign -Wno-newline-eof -Wno-selector -Wno-strict-selector-match -Wundeclared-selector -Wdeprecated-implementations -Wno-implicit-fallthrough -isysroot /Applications/Xcode.app/Contents/Developer/Platforms/iPhoneSimulator.platform/Developer/SDKs/iPhoneSimulator26.4.sdk -fstrict-aliasing -Wprotocol -Wdeprecated-declarations -Wno-sign-conversion -Winfinite-recursion -Wcomma -Wblock-capture-autoreleasing -Wstrict-prototypes -Wno-semicolon-before-method-body -index-store-path /Users/swan/Library/Developer/Xcode/DerivedData/vantiq-ui-ios-gueetvuzmuxrbegsztzkuatnhugx/Index.noindex/DataStore @/Users/swan/Development/vantiq-ui-ios/Example/build/vantiq-ui-ios.build/Debug-iphonesimulator/vantiq-ui-ios_Example.build/Objects-normal/arm64/e6072d4f65d7061329687fe24e3d63a7-common-args.resp -include /Users/swan/Development/vantiq-ui-ios/Example/build/SharedPrecompiledHeaders/SharedPrecompiledHeaders/6622370725475042639/vantiq-ui-ios-Prefix.pch -MMD -MT dependencies -MF /Users/swan/Development/vantiq-ui-ios/Example/build/vantiq-ui-ios.build/Debug-iphonesimulator/vantiq-ui-ios_Example.build/Objects-normal/arm64/VANTIQUIAppDelegate.d --serialize-diagnostics /Users/swan/Development/vantiq-ui-ios/Example/build/vantiq-ui-ios.build/Debug-iphonesimulator/vantiq-ui-ios_Example.build/Objects-normal/arm64/VANTIQUIAppDelegate.dia -c /Users/swan/Development/vantiq-ui-ios/Example/vantiq-ui-ios/VANTIQUIAppDelegate.m -o /Users/swan/Development/vantiq-ui-ios/Example/build/vantiq-ui-ios.build/Debug-iphonesimulator/vantiq-ui-ios_Example.build/Objects-normal/arm64/VANTIQUIAppDelegate.o -index-unit-output-path /vantiq-ui-ios.build/Debug-iphonesimulator/vantiq-ui-ios_Example.build/Objects-normal/arm64/VANTIQUIAppDelegate.o

PrecompileModule /Users/swan/Development/vantiq-ui-ios/Example/build/ExplicitPrecompiledModules/_LocationEssentials-9IY25S6XVNB3DMA1KT5L3V12Z.scan
    cd /
    builtin-precompileModule /Users/swan/Development/vantiq-ui-ios/Example/build/ExplicitPrecompiledModules/_LocationEssentials-9IY25S6XVNB3DMA1KT5L3V12Z.scan

PrecompileModule /Users/swan/Development/vantiq-ui-ios/Example/build/ExplicitPrecompiledModules/CoreLocation-FY8IGM7RALJC99YK3Z1DVR3D.scan
    cd /
    builtin-precompileModule /Users/swan/Development/vantiq-ui-ios/Example/build/ExplicitPrecompiledModules/CoreLocation-FY8IGM7RALJC99YK3Z1DVR3D.scan

CompileC /Users/swan/Development/vantiq-ui-ios/Example/build/vantiq-ui-ios.build/Debug-iphonesimulator/vantiq-ui-ios_Example.build/Objects-normal/arm64/VANTIQUIViewController.o /Users/swan/Development/vantiq-ui-ios/Example/vantiq-ui-ios/VANTIQUIViewController.m normal arm64 objective-c com.apple.compilers.llvm.clang.1_0.compiler (in target 'vantiq-ui-ios_Example' from project 'vantiq-ui-ios')
    cd /Users/swan/Development/vantiq-ui-ios/Example
    
    Using response file: /Users/swan/Development/vantiq-ui-ios/Example/build/vantiq-ui-ios.build/Debug-iphonesimulator/vantiq-ui-ios_Example.build/Objects-normal/arm64/e6072d4f65d7061329687fe24e3d63a7-common-args.resp
    
    /Applications/Xcode.app/Contents/Developer/Toolchains/XcodeDefault.xctoolchain/usr/bin/clang -x objective-c -ivfsstatcache /Users/swan/Library/Developer/Xcode/DerivedData/SDKStatCaches.noindex/iphonesimulator26.4-23E237-686eebb5dc1d8ecb277353a59184f4aa.sdkstatcache -target arm64-apple-ios15.6-simulator -fmessage-length\=0 -fdiagnostics-show-note-include-stack -fmacro-backtrace-limit\=0 -fno-color-diagnostics -fmodules-prune-interval\=86400 -fmodules-prune-after\=345600 -fbuild-session-file\=/Users/swan/Library/Developer/Xcode/DerivedData/ModuleCache.noindex/Session.modulevalidation -fmodules-validate-once-per-build-session -Wnon-modular-include-in-framework-module -Werror\=non-modular-include-in-framework-module -Wno-trigraphs -Wno-missing-field-initializers -Wno-missing-prototypes -Werror\=return-type -Wunreachable-code -Wno-implicit-atomic-properties -Werror\=deprecated-objc-isa-usage -Wno-objc-interface-ivars -Werror\=objc-root-class -Wno-arc-repeated-use-of-weak -Wimplicit-retain-self -Wduplicate-method-match -Wno-missing-braces -Wparentheses -Wswitch -Wunused-function -Wno-unused-label -Wno-unused-parameter -Wunused-variable -Wunused-value -Wempty-body -Wuninitialized -Wconditional-uninitialized -Wno-unknown-pragmas -Wno-shadow -Wno-four-char-constants -Wno-conversion -Wconstant-conversion -Wint-conversion -Wbool-conversion -Wenum-conversion -Wno-float-conversion -Wnon-literal-null-conversion -Wobjc-literal-conversion -Wshorten-64-to-32 -Wpointer-sign -Wno-newline-eof -Wno-selector -Wno-strict-selector-match -Wundeclared-selector -Wdeprecated-implementations -Wno-implicit-fallthrough -isysroot /Applications/Xcode.app/Contents/Developer/Platforms/iPhoneSimulator.platform/Developer/SDKs/iPhoneSimulator26.4.sdk -fstrict-aliasing -Wprotocol -Wdeprecated-declarations -Wno-sign-conversion -Winfinite-recursion -Wcomma -Wblock-capture-autoreleasing -Wstrict-prototypes -Wno-semicolon-before-method-body -index-store-path /Users/swan/Library/Developer/Xcode/DerivedData/vantiq-ui-ios-gueetvuzmuxrbegsztzkuatnhugx/Index.noindex/DataStore @/Users/swan/Development/vantiq-ui-ios/Example/build/vantiq-ui-ios.build/Debug-iphonesimulator/vantiq-ui-ios_Example.build/Objects-normal/arm64/e6072d4f65d7061329687fe24e3d63a7-common-args.resp -include /Users/swan/Development/vantiq-ui-ios/Example/build/SharedPrecompiledHeaders/SharedPrecompiledHeaders/6622370725475042639/vantiq-ui-ios-Prefix.pch -MMD -MT dependencies -MF /Users/swan/Development/vantiq-ui-ios/Example/build/vantiq-ui-ios.build/Debug-iphonesimulator/vantiq-ui-ios_Example.build/Objects-normal/arm64/VANTIQUIViewController.d --serialize-diagnostics /Users/swan/Development/vantiq-ui-ios/Example/build/vantiq-ui-ios.build/Debug-iphonesimulator/vantiq-ui-ios_Example.build/Objects-normal/arm64/VANTIQUIViewController.dia -c /Users/swan/Development/vantiq-ui-ios/Example/vantiq-ui-ios/VANTIQUIViewController.m -o /Users/swan/Development/vantiq-ui-ios/Example/build/vantiq-ui-ios.build/Debug-iphonesimulator/vantiq-ui-ios_Example.build/Objects-normal/arm64/VANTIQUIViewController.o -index-unit-output-path /vantiq-ui-ios.build/Debug-iphonesimulator/vantiq-ui-ios_Example.build/Objects-normal/arm64/VANTIQUIViewController.o
In file included from /Users/swan/Development/vantiq-ui-ios/Example/vantiq-ui-ios/VANTIQUIViewController.m:10:
In file included from /Users/swan/Development/vantiq-ui-ios/Example/vantiq-ui-ios/VANTIQUIAppDelegate.h:10:
/Users/swan/Development/vantiq-ui-ios/Example/build/Debug-iphonesimulator/vantiq-ui-ios/vantiq_ui_ios.framework/Headers/VantiqUI.h:123:33: warning: pointer is missing a nullability type specifier (_Nonnull, _Nullable, or _Null_unspecified) [-Wnullability-completeness]
  123 | - (void)authWithOAuth:(NSString *)urlScheme clientId:(NSString *)clientId completionHandler:(void (^_Nonnull)(NSDictionary *response))handler;
      |                                 ^
/Users/swan/Development/vantiq-ui-ios/Example/build/Debug-iphonesimulator/vantiq-ui-ios/vantiq_ui_ios.framework/Headers/VantiqUI.h:123:33: note: insert '_Nullable' if the pointer may be null
  123 | - (void)authWithOAuth:(NSString *)urlScheme clientId:(NSString *)clientId completionHandler:(void (^_Nonnull)(NSDictionary *response))handler;
      |                                 ^
      |                                  _Nullable
/Users/swan/Development/vantiq-ui-ios/Example/build/Debug-iphonesimulator/vantiq-ui-ios/vantiq_ui_ios.framework/Headers/VantiqUI.h:123:33: note: insert '_Nonnull' if the pointer should never be null
  123 | - (void)authWithOAuth:(NSString *)urlScheme clientId:(NSString *)clientId completionHandler:(void (^_Nonnull)(NSDictionary *response))handler;
      |                                 ^
      |                                  _Nonnull
/Users/swan/Development/vantiq-ui-ios/Example/build/Debug-iphonesimulator/vantiq-ui-ios/vantiq_ui_ios.framework/Headers/VantiqUI.h:123:64: warning: pointer is missing a nullability type specifier (_Nonnull, _Nullable, or _Null_unspecified) [-Wnullability-completeness]
  123 | - (void)authWithOAuth:(NSString *)urlScheme clientId:(NSString *)clientId completionHandler:(void (^_Nonnull)(NSDictionary *response))handler;
      |                                                                ^
/Users/swan/Development/vantiq-ui-ios/Example/build/Debug-iphonesimulator/vantiq-ui-ios/vantiq_ui_ios.framework/Headers/VantiqUI.h:123:64: note: insert '_Nullable' if the pointer may be null
  123 | - (void)authWithOAuth:(NSString *)urlScheme clientId:(NSString *)clientId completionHandler:(void (^_Nonnull)(NSDictionary *response))handler;
      |                                                                ^
      |                                                                 _Nullable
/Users/swan/Development/vantiq-ui-ios/Example/build/Debug-iphonesimulator/vantiq-ui-ios/vantiq_ui_ios.framework/Headers/VantiqUI.h:123:64: note: insert '_Nonnull' if the pointer should never be null
  123 | - (void)authWithOAuth:(NSString *)urlScheme clientId:(NSString *)clientId completionHandler:(void (^_Nonnull)(NSDictionary *response))handler;
      |                                                                ^
      |                                                                 _Nonnull
/Users/swan/Development/vantiq-ui-ios/Example/build/Debug-iphonesimulator/vantiq-ui-ios/vantiq_ui_ios.framework/Headers/VantiqUI.h:123:124: warning: pointer is missing a nullability type specifier (_Nonnull, _Nullable, or _Null_unspecified) [-Wnullability-completeness]
  123 | - (void)authWithOAuth:(NSString *)urlScheme clientId:(NSString *)clientId completionHandler:(void (^_Nonnull)(NSDictionary *response))handler;
      |                                                                                                                            ^
/Users/swan/Development/vantiq-ui-ios/Example/build/Debug-iphonesimulator/vantiq-ui-ios/vantiq_ui_ios.framework/Headers/VantiqUI.h:123:124: note: insert '_Nullable' if the pointer may be null
  123 | - (void)authWithOAuth:(NSString *)urlScheme clientId:(NSString *)clientId completionHandler:(void (^_Nonnull)(NSDictionary *response))handler;
      |                                                                                                                            ^
      |                                                                                                                              _Nullable 
/Users/swan/Development/vantiq-ui-ios/Example/build/Debug-iphonesimulator/vantiq-ui-ios/vantiq_ui_ios.framework/Headers/VantiqUI.h:123:124: note: insert '_Nonnull' if the pointer should never be null
  123 | - (void)authWithOAuth:(NSString *)urlScheme clientId:(NSString *)clientId completionHandler:(void (^_Nonnull)(NSDictionary *response))handler;
      |                                                                                                                            ^
      |                                                                                                                              _Nonnull 
/Users/swan/Development/vantiq-ui-ios/Example/build/Debug-iphonesimulator/vantiq-ui-ios/vantiq_ui_ios.framework/Headers/VantiqUI.h:143:36: warning: pointer is missing a nullability type specifier (_Nonnull, _Nullable, or _Null_unspecified) [-Wnullability-completeness]
  143 | - (void)authWithInternal:(NSString *)username password:(NSString *)password completionHandler:(void (^_Nonnull)(NSDictionary *response))handler;
      |                                    ^
/Users/swan/Development/vantiq-ui-ios/Example/build/Debug-iphonesimulator/vantiq-ui-ios/vantiq_ui_ios.framework/Headers/VantiqUI.h:143:36: note: insert '_Nullable' if the pointer may be null
  143 | - (void)authWithInternal:(NSString *)username password:(NSString *)password completionHandler:(void (^_Nonnull)(NSDictionary *response))handler;
      |                                    ^
      |                                     _Nullable
/Users/swan/Development/vantiq-ui-ios/Example/build/Debug-iphonesimulator/vantiq-ui-ios/vantiq_ui_ios.framework/Headers/VantiqUI.h:143:36: note: insert '_Nonnull' if the pointer should never be null
  143 | - (void)authWithInternal:(NSString *)username password:(NSString *)password completionHandler:(void (^_Nonnull)(NSDictionary *response))handler;
      |                                    ^
      |                                     _Nonnull
/Users/swan/Development/vantiq-ui-ios/Example/build/Debug-iphonesimulator/vantiq-ui-ios/vantiq_ui_ios.framework/Headers/VantiqUI.h:143:66: warning: pointer is missing a nullability type specifier (_Nonnull, _Nullable, or _Null_unspecified) [-Wnullability-completeness]
  143 | - (void)authWithInternal:(NSString *)username password:(NSString *)password completionHandler:(void (^_Nonnull)(NSDictionary *response))handler;
      |                                                                  ^
/Users/swan/Development/vantiq-ui-ios/Example/build/Debug-iphonesimulator/vantiq-ui-ios/vantiq_ui_ios.framework/Headers/VantiqUI.h:143:66: note: insert '_Nullable' if the pointer may be null
  143 | - (void)authWithInternal:(NSString *)username password:(NSString *)password completionHandler:(void (^_Nonnull)(NSDictionary *response))handler;
      |                                                                  ^
      |                                                                   _Nullable
/Users/swan/Development/vantiq-ui-ios/Example/build/Debug-iphonesimulator/vantiq-ui-ios/vantiq_ui_ios.framework/Headers/VantiqUI.h:143:66: note: insert '_Nonnull' if the pointer should never be null
  143 | - (void)authWithInternal:(NSString *)username password:(NSString *)password completionHandler:(void (^_Nonnull)(NSDictionary *response))handler;
      |                                                                  ^
      |                                                                   _Nonnull
/Users/swan/Development/vantiq-ui-ios/Example/build/Debug-iphonesimulator/vantiq-ui-ios/vantiq_ui_ios.framework/Headers/VantiqUI.h:143:126: warning: pointer is missing a nullability type specifier (_Nonnull, _Nullable, or _Null_unspecified) [-Wnullability-completeness]
  143 | - (void)authWithInternal:(NSString *)username password:(NSString *)password completionHandler:(void (^_Nonnull)(NSDictionary *response))handler;
      |                                                                                                                              ^
/Users/swan/Development/vantiq-ui-ios/Example/build/Debug-iphonesimulator/vantiq-ui-ios/vantiq_ui_ios.framework/Headers/VantiqUI.h:143:126: note: insert '_Nullable' if the pointer may be null
  143 | - (void)authWithInternal:(NSString *)username password:(NSString *)password completionHandler:(void (^_Nonnull)(NSDictionary *response))handler;
      |                                                                                                                              ^
      |                                                                                                                                _Nullable 
/Users/swan/Development/vantiq-ui-ios/Example/build/Debug-iphonesimulator/vantiq-ui-ios/vantiq_ui_ios.framework/Headers/VantiqUI.h:143:126: note: insert '_Nonnull' if the pointer should never be null
  143 | - (void)authWithInternal:(NSString *)username password:(NSString *)password completionHandler:(void (^_Nonnull)(NSDictionary *response))handler;
      |                                                                                                                              ^
      |                                                                                                                                _Nonnull 
6 warnings generated.

CompileC /Users/swan/Development/vantiq-ui-ios/Example/build/vantiq-ui-ios.build/Debug-iphonesimulator/vantiq-ui-ios_Example.build/Objects-normal/arm64/main.o /Users/swan/Development/vantiq-ui-ios/Example/vantiq-ui-ios/main.m normal arm64 objective-c com.apple.compilers.llvm.clang.1_0.compiler (in target 'vantiq-ui-ios_Example' from project 'vantiq-ui-ios')
    cd /Users/swan/Development/vantiq-ui-ios/Example
    
    Using response file: /Users/swan/Development/vantiq-ui-ios/Example/build/vantiq-ui-ios.build/Debug-iphonesimulator/vantiq-ui-ios_Example.build/Objects-normal/arm64/e6072d4f65d7061329687fe24e3d63a7-common-args.resp
    
    /Applications/Xcode.app/Contents/Developer/Toolchains/XcodeDefault.xctoolchain/usr/bin/clang -x objective-c -ivfsstatcache /Users/swan/Library/Developer/Xcode/DerivedData/SDKStatCaches.noindex/iphonesimulator26.4-23E237-686eebb5dc1d8ecb277353a59184f4aa.sdkstatcache -target arm64-apple-ios15.6-simulator -fmessage-length\=0 -fdiagnostics-show-note-include-stack -fmacro-backtrace-limit\=0 -fno-color-diagnostics -fmodules-prune-interval\=86400 -fmodules-prune-after\=345600 -fbuild-session-file\=/Users/swan/Library/Developer/Xcode/DerivedData/ModuleCache.noindex/Session.modulevalidation -fmodules-validate-once-per-build-session -Wnon-modular-include-in-framework-module -Werror\=non-modular-include-in-framework-module -Wno-trigraphs -Wno-missing-field-initializers -Wno-missing-prototypes -Werror\=return-type -Wunreachable-code -Wno-implicit-atomic-properties -Werror\=deprecated-objc-isa-usage -Wno-objc-interface-ivars -Werror\=objc-root-class -Wno-arc-repeated-use-of-weak -Wimplicit-retain-self -Wduplicate-method-match -Wno-missing-braces -Wparentheses -Wswitch -Wunused-function -Wno-unused-label -Wno-unused-parameter -Wunused-variable -Wunused-value -Wempty-body -Wuninitialized -Wconditional-uninitialized -Wno-unknown-pragmas -Wno-shadow -Wno-four-char-constants -Wno-conversion -Wconstant-conversion -Wint-conversion -Wbool-conversion -Wenum-conversion -Wno-float-conversion -Wnon-literal-null-conversion -Wobjc-literal-conversion -Wshorten-64-to-32 -Wpointer-sign -Wno-newline-eof -Wno-selector -Wno-strict-selector-match -Wundeclared-selector -Wdeprecated-implementations -Wno-implicit-fallthrough -isysroot /Applications/Xcode.app/Contents/Developer/Platforms/iPhoneSimulator.platform/Developer/SDKs/iPhoneSimulator26.4.sdk -fstrict-aliasing -Wprotocol -Wdeprecated-declarations -Wno-sign-conversion -Winfinite-recursion -Wcomma -Wblock-capture-autoreleasing -Wstrict-prototypes -Wno-semicolon-before-method-body -index-store-path /Users/swan/Library/Developer/Xcode/DerivedData/vantiq-ui-ios-gueetvuzmuxrbegsztzkuatnhugx/Index.noindex/DataStore @/Users/swan/Development/vantiq-ui-ios/Example/build/vantiq-ui-ios.build/Debug-iphonesimulator/vantiq-ui-ios_Example.build/Objects-normal/arm64/e6072d4f65d7061329687fe24e3d63a7-common-args.resp -include /Users/swan/Development/vantiq-ui-ios/Example/build/SharedPrecompiledHeaders/SharedPrecompiledHeaders/6622370725475042639/vantiq-ui-ios-Prefix.pch -MMD -MT dependencies -MF /Users/swan/Development/vantiq-ui-ios/Example/build/vantiq-ui-ios.build/Debug-iphonesimulator/vantiq-ui-ios_Example.build/Objects-normal/arm64/main.d --serialize-diagnostics /Users/swan/Development/vantiq-ui-ios/Example/build/vantiq-ui-ios.build/Debug-iphonesimulator/vantiq-ui-ios_Example.build/Objects-normal/arm64/main.dia -c /Users/swan/Development/vantiq-ui-ios/Example/vantiq-ui-ios/main.m -o /Users/swan/Development/vantiq-ui-ios/Example/build/vantiq-ui-ios.build/Debug-iphonesimulator/vantiq-ui-ios_Example.build/Objects-normal/arm64/main.o -index-unit-output-path /vantiq-ui-ios.build/Debug-iphonesimulator/vantiq-ui-ios_Example.build/Objects-normal/arm64/main.o
In file included from /Users/swan/Development/vantiq-ui-ios/Example/vantiq-ui-ios/main.m:10:
In file included from /Users/swan/Development/vantiq-ui-ios/Example/vantiq-ui-ios/VANTIQUIAppDelegate.h:10:
/Users/swan/Development/vantiq-ui-ios/Example/build/Debug-iphonesimulator/vantiq-ui-ios/vantiq_ui_ios.framework/Headers/VantiqUI.h:123:33: warning: pointer is missing a nullability type specifier (_Nonnull, _Nullable, or _Null_unspecified) [-Wnullability-completeness]
  123 | - (void)authWithOAuth:(NSString *)urlScheme clientId:(NSString *)clientId completionHandler:(void (^_Nonnull)(NSDictionary *response))handler;
      |                                 ^
/Users/swan/Development/vantiq-ui-ios/Example/build/Debug-iphonesimulator/vantiq-ui-ios/vantiq_ui_ios.framework/Headers/VantiqUI.h:123:33: note: insert '_Nullable' if the pointer may be null
  123 | - (void)authWithOAuth:(NSString *)urlScheme clientId:(NSString *)clientId completionHandler:(void (^_Nonnull)(NSDictionary *response))handler;
      |                                 ^
      |                                  _Nullable
/Users/swan/Development/vantiq-ui-ios/Example/build/Debug-iphonesimulator/vantiq-ui-ios/vantiq_ui_ios.framework/Headers/VantiqUI.h:123:33: note: insert '_Nonnull' if the pointer should never be null
  123 | - (void)authWithOAuth:(NSString *)urlScheme clientId:(NSString *)clientId completionHandler:(void (^_Nonnull)(NSDictionary *response))handler;
      |                                 ^
      |                                  _Nonnull
/Users/swan/Development/vantiq-ui-ios/Example/build/Debug-iphonesimulator/vantiq-ui-ios/vantiq_ui_ios.framework/Headers/VantiqUI.h:123:64: warning: pointer is missing a nullability type specifier (_Nonnull, _Nullable, or _Null_unspecified) [-Wnullability-completeness]
  123 | - (void)authWithOAuth:(NSString *)urlScheme clientId:(NSString *)clientId completionHandler:(void (^_Nonnull)(NSDictionary *response))handler;
      |                                                                ^
/Users/swan/Development/vantiq-ui-ios/Example/build/Debug-iphonesimulator/vantiq-ui-ios/vantiq_ui_ios.framework/Headers/VantiqUI.h:123:64: note: insert '_Nullable' if the pointer may be null
  123 | - (void)authWithOAuth:(NSString *)urlScheme clientId:(NSString *)clientId completionHandler:(void (^_Nonnull)(NSDictionary *response))handler;
      |                                                                ^
      |                                                                 _Nullable
/Users/swan/Development/vantiq-ui-ios/Example/build/Debug-iphonesimulator/vantiq-ui-ios/vantiq_ui_ios.framework/Headers/VantiqUI.h:123:64: note: insert '_Nonnull' if the pointer should never be null
  123 | - (void)authWithOAuth:(NSString *)urlScheme clientId:(NSString *)clientId completionHandler:(void (^_Nonnull)(NSDictionary *response))handler;
      |                                                                ^
      |                                                                 _Nonnull
/Users/swan/Development/vantiq-ui-ios/Example/build/Debug-iphonesimulator/vantiq-ui-ios/vantiq_ui_ios.framework/Headers/VantiqUI.h:123:124: warning: pointer is missing a nullability type specifier (_Nonnull, _Nullable, or _Null_unspecified) [-Wnullability-completeness]
  123 | - (void)authWithOAuth:(NSString *)urlScheme clientId:(NSString *)clientId completionHandler:(void (^_Nonnull)(NSDictionary *response))handler;
      |                                                                                                                            ^
/Users/swan/Development/vantiq-ui-ios/Example/build/Debug-iphonesimulator/vantiq-ui-ios/vantiq_ui_ios.framework/Headers/VantiqUI.h:123:124: note: insert '_Nullable' if the pointer may be null
  123 | - (void)authWithOAuth:(NSString *)urlScheme clientId:(NSString *)clientId completionHandler:(void (^_Nonnull)(NSDictionary *response))handler;
      |                                                                                                                            ^
      |                                                                                                                              _Nullable 
/Users/swan/Development/vantiq-ui-ios/Example/build/Debug-iphonesimulator/vantiq-ui-ios/vantiq_ui_ios.framework/Headers/VantiqUI.h:123:124: note: insert '_Nonnull' if the pointer should never be null
  123 | - (void)authWithOAuth:(NSString *)urlScheme clientId:(NSString *)clientId completionHandler:(void (^_Nonnull)(NSDictionary *response))handler;
      |                                                                                                                            ^
      |                                                                                                                              _Nonnull 
/Users/swan/Development/vantiq-ui-ios/Example/build/Debug-iphonesimulator/vantiq-ui-ios/vantiq_ui_ios.framework/Headers/VantiqUI.h:143:36: warning: pointer is missing a nullability type specifier (_Nonnull, _Nullable, or _Null_unspecified) [-Wnullability-completeness]
  143 | - (void)authWithInternal:(NSString *)username password:(NSString *)password completionHandler:(void (^_Nonnull)(NSDictionary *response))handler;
      |                                    ^
/Users/swan/Development/vantiq-ui-ios/Example/build/Debug-iphonesimulator/vantiq-ui-ios/vantiq_ui_ios.framework/Headers/VantiqUI.h:143:36: note: insert '_Nullable' if the pointer may be null
  143 | - (void)authWithInternal:(NSString *)username password:(NSString *)password completionHandler:(void (^_Nonnull)(NSDictionary *response))handler;
      |                                    ^
      |                                     _Nullable
/Users/swan/Development/vantiq-ui-ios/Example/build/Debug-iphonesimulator/vantiq-ui-ios/vantiq_ui_ios.framework/Headers/VantiqUI.h:143:36: note: insert '_Nonnull' if the pointer should never be null
  143 | - (void)authWithInternal:(NSString *)username password:(NSString *)password completionHandler:(void (^_Nonnull)(NSDictionary *response))handler;
      |                                    ^
      |                                     _Nonnull
/Users/swan/Development/vantiq-ui-ios/Example/build/Debug-iphonesimulator/vantiq-ui-ios/vantiq_ui_ios.framework/Headers/VantiqUI.h:143:66: warning: pointer is missing a nullability type specifier (_Nonnull, _Nullable, or _Null_unspecified) [-Wnullability-completeness]
  143 | - (void)authWithInternal:(NSString *)username password:(NSString *)password completionHandler:(void (^_Nonnull)(NSDictionary *response))handler;
      |                                                                  ^
/Users/swan/Development/vantiq-ui-ios/Example/build/Debug-iphonesimulator/vantiq-ui-ios/vantiq_ui_ios.framework/Headers/VantiqUI.h:143:66: note: insert '_Nullable' if the pointer may be null
  143 | - (void)authWithInternal:(NSString *)username password:(NSString *)password completionHandler:(void (^_Nonnull)(NSDictionary *response))handler;
      |                                                                  ^
      |                                                                   _Nullable
/Users/swan/Development/vantiq-ui-ios/Example/build/Debug-iphonesimulator/vantiq-ui-ios/vantiq_ui_ios.framework/Headers/VantiqUI.h:143:66: note: insert '_Nonnull' if the pointer should never be null
  143 | - (void)authWithInternal:(NSString *)username password:(NSString *)password completionHandler:(void (^_Nonnull)(NSDictionary *response))handler;
      |                                                                  ^
      |                                                                   _Nonnull
/Users/swan/Development/vantiq-ui-ios/Example/build/Debug-iphonesimulator/vantiq-ui-ios/vantiq_ui_ios.framework/Headers/VantiqUI.h:143:126: warning: pointer is missing a nullability type specifier (_Nonnull, _Nullable, or _Null_unspecified) [-Wnullability-completeness]
  143 | - (void)authWithInternal:(NSString *)username password:(NSString *)password completionHandler:(void (^_Nonnull)(NSDictionary *response))handler;
      |                                                                                                                              ^
/Users/swan/Development/vantiq-ui-ios/Example/build/Debug-iphonesimulator/vantiq-ui-ios/vantiq_ui_ios.framework/Headers/VantiqUI.h:143:126: note: insert '_Nullable' if the pointer may be null
  143 | - (void)authWithInternal:(NSString *)username password:(NSString *)password completionHandler:(void (^_Nonnull)(NSDictionary *response))handler;
      |                                                                                                                              ^
      |                                                                                                                                _Nullable 
/Users/swan/Development/vantiq-ui-ios/Example/build/Debug-iphonesimulator/vantiq-ui-ios/vantiq_ui_ios.framework/Headers/VantiqUI.h:143:126: note: insert '_Nonnull' if the pointer should never be null
  143 | - (void)authWithInternal:(NSString *)username password:(NSString *)password completionHandler:(void (^_Nonnull)(NSDictionary *response))handler;
      |                                                                                                                              ^
      |                                                                                                                                _Nonnull 
6 warnings generated.

CompileC /Users/swan/Development/vantiq-ui-ios/Example/build/vantiq-ui-ios.build/Debug-iphonesimulator/vantiq-ui-ios_Example.build/Objects-normal/arm64/VANTIQUIAppDelegate.o /Users/swan/Development/vantiq-ui-ios/Example/vantiq-ui-ios/VANTIQUIAppDelegate.m normal arm64 objective-c com.apple.compilers.llvm.clang.1_0.compiler (in target 'vantiq-ui-ios_Example' from project 'vantiq-ui-ios')
    cd /Users/swan/Development/vantiq-ui-ios/Example
    
    Using response file: /Users/swan/Development/vantiq-ui-ios/Example/build/vantiq-ui-ios.build/Debug-iphonesimulator/vantiq-ui-ios_Example.build/Objects-normal/arm64/e6072d4f65d7061329687fe24e3d63a7-common-args.resp
    
    /Applications/Xcode.app/Contents/Developer/Toolchains/XcodeDefault.xctoolchain/usr/bin/clang -x objective-c -ivfsstatcache /Users/swan/Library/Developer/Xcode/DerivedData/SDKStatCaches.noindex/iphonesimulator26.4-23E237-686eebb5dc1d8ecb277353a59184f4aa.sdkstatcache -target arm64-apple-ios15.6-simulator -fmessage-length\=0 -fdiagnostics-show-note-include-stack -fmacro-backtrace-limit\=0 -fno-color-diagnostics -fmodules-prune-interval\=86400 -fmodules-prune-after\=345600 -fbuild-session-file\=/Users/swan/Library/Developer/Xcode/DerivedData/ModuleCache.noindex/Session.modulevalidation -fmodules-validate-once-per-build-session -Wnon-modular-include-in-framework-module -Werror\=non-modular-include-in-framework-module -Wno-trigraphs -Wno-missing-field-initializers -Wno-missing-prototypes -Werror\=return-type -Wunreachable-code -Wno-implicit-atomic-properties -Werror\=deprecated-objc-isa-usage -Wno-objc-interface-ivars -Werror\=objc-root-class -Wno-arc-repeated-use-of-weak -Wimplicit-retain-self -Wduplicate-method-match -Wno-missing-braces -Wparentheses -Wswitch -Wunused-function -Wno-unused-label -Wno-unused-parameter -Wunused-variable -Wunused-value -Wempty-body -Wuninitialized -Wconditional-uninitialized -Wno-unknown-pragmas -Wno-shadow -Wno-four-char-constants -Wno-conversion -Wconstant-conversion -Wint-conversion -Wbool-conversion -Wenum-conversion -Wno-float-conversion -Wnon-literal-null-conversion -Wobjc-literal-conversion -Wshorten-64-to-32 -Wpointer-sign -Wno-newline-eof -Wno-selector -Wno-strict-selector-match -Wundeclared-selector -Wdeprecated-implementations -Wno-implicit-fallthrough -isysroot /Applications/Xcode.app/Contents/Developer/Platforms/iPhoneSimulator.platform/Developer/SDKs/iPhoneSimulator26.4.sdk -fstrict-aliasing -Wprotocol -Wdeprecated-declarations -Wno-sign-conversion -Winfinite-recursion -Wcomma -Wblock-capture-autoreleasing -Wstrict-prototypes -Wno-semicolon-before-method-body -index-store-path /Users/swan/Library/Developer/Xcode/DerivedData/vantiq-ui-ios-gueetvuzmuxrbegsztzkuatnhugx/Index.noindex/DataStore @/Users/swan/Development/vantiq-ui-ios/Example/build/vantiq-ui-ios.build/Debug-iphonesimulator/vantiq-ui-ios_Example.build/Objects-normal/arm64/e6072d4f65d7061329687fe24e3d63a7-common-args.resp -include /Users/swan/Development/vantiq-ui-ios/Example/build/SharedPrecompiledHeaders/SharedPrecompiledHeaders/6622370725475042639/vantiq-ui-ios-Prefix.pch -MMD -MT dependencies -MF /Users/swan/Development/vantiq-ui-ios/Example/build/vantiq-ui-ios.build/Debug-iphonesimulator/vantiq-ui-ios_Example.build/Objects-normal/arm64/VANTIQUIAppDelegate.d --serialize-diagnostics /Users/swan/Development/vantiq-ui-ios/Example/build/vantiq-ui-ios.build/Debug-iphonesimulator/vantiq-ui-ios_Example.build/Objects-normal/arm64/VANTIQUIAppDelegate.dia -c /Users/swan/Development/vantiq-ui-ios/Example/vantiq-ui-ios/VANTIQUIAppDelegate.m -o /Users/swan/Development/vantiq-ui-ios/Example/build/vantiq-ui-ios.build/Debug-iphonesimulator/vantiq-ui-ios_Example.build/Objects-normal/arm64/VANTIQUIAppDelegate.o -index-unit-output-path /vantiq-ui-ios.build/Debug-iphonesimulator/vantiq-ui-ios_Example.build/Objects-normal/arm64/VANTIQUIAppDelegate.o
In file included from /Users/swan/Development/vantiq-ui-ios/Example/vantiq-ui-ios/VANTIQUIAppDelegate.m:9:
In file included from /Users/swan/Development/vantiq-ui-ios/Example/vantiq-ui-ios/VANTIQUIAppDelegate.h:10:
/Users/swan/Development/vantiq-ui-ios/Example/build/Debug-iphonesimulator/vantiq-ui-ios/vantiq_ui_ios.framework/Headers/VantiqUI.h:123:33: warning: pointer is missing a nullability type specifier (_Nonnull, _Nullable, or _Null_unspecified) [-Wnullability-completeness]
  123 | - (void)authWithOAuth:(NSString *)urlScheme clientId:(NSString *)clientId completionHandler:(void (^_Nonnull)(NSDictionary *response))handler;
      |                                 ^
/Users/swan/Development/vantiq-ui-ios/Example/build/Debug-iphonesimulator/vantiq-ui-ios/vantiq_ui_ios.framework/Headers/VantiqUI.h:123:33: note: insert '_Nullable' if the pointer may be null
  123 | - (void)authWithOAuth:(NSString *)urlScheme clientId:(NSString *)clientId completionHandler:(void (^_Nonnull)(NSDictionary *response))handler;
      |                                 ^
      |                                  _Nullable
/Users/swan/Development/vantiq-ui-ios/Example/build/Debug-iphonesimulator/vantiq-ui-ios/vantiq_ui_ios.framework/Headers/VantiqUI.h:123:33: note: insert '_Nonnull' if the pointer should never be null
  123 | - (void)authWithOAuth:(NSString *)urlScheme clientId:(NSString *)clientId completionHandler:(void (^_Nonnull)(NSDictionary *response))handler;
      |                                 ^
      |                                  _Nonnull
/Users/swan/Development/vantiq-ui-ios/Example/build/Debug-iphonesimulator/vantiq-ui-ios/vantiq_ui_ios.framework/Headers/VantiqUI.h:123:64: warning: pointer is missing a nullability type specifier (_Nonnull, _Nullable, or _Null_unspecified) [-Wnullability-completeness]
  123 | - (void)authWithOAuth:(NSString *)urlScheme clientId:(NSString *)clientId completionHandler:(void (^_Nonnull)(NSDictionary *response))handler;
      |                                                                ^
/Users/swan/Development/vantiq-ui-ios/Example/build/Debug-iphonesimulator/vantiq-ui-ios/vantiq_ui_ios.framework/Headers/VantiqUI.h:123:64: note: insert '_Nullable' if the pointer may be null
  123 | - (void)authWithOAuth:(NSString *)urlScheme clientId:(NSString *)clientId completionHandler:(void (^_Nonnull)(NSDictionary *response))handler;
      |                                                                ^
      |                                                                 _Nullable
/Users/swan/Development/vantiq-ui-ios/Example/build/Debug-iphonesimulator/vantiq-ui-ios/vantiq_ui_ios.framework/Headers/VantiqUI.h:123:64: note: insert '_Nonnull' if the pointer should never be null
  123 | - (void)authWithOAuth:(NSString *)urlScheme clientId:(NSString *)clientId completionHandler:(void (^_Nonnull)(NSDictionary *response))handler;
      |                                                                ^
      |                                                                 _Nonnull
/Users/swan/Development/vantiq-ui-ios/Example/build/Debug-iphonesimulator/vantiq-ui-ios/vantiq_ui_ios.framework/Headers/VantiqUI.h:123:124: warning: pointer is missing a nullability type specifier (_Nonnull, _Nullable, or _Null_unspecified) [-Wnullability-completeness]
  123 | - (void)authWithOAuth:(NSString *)urlScheme clientId:(NSString *)clientId completionHandler:(void (^_Nonnull)(NSDictionary *response))handler;
      |                                                                                                                            ^
/Users/swan/Development/vantiq-ui-ios/Example/build/Debug-iphonesimulator/vantiq-ui-ios/vantiq_ui_ios.framework/Headers/VantiqUI.h:123:124: note: insert '_Nullable' if the pointer may be null
  123 | - (void)authWithOAuth:(NSString *)urlScheme clientId:(NSString *)clientId completionHandler:(void (^_Nonnull)(NSDictionary *response))handler;
      |                                                                                                                            ^
      |                                                                                                                              _Nullable 
/Users/swan/Development/vantiq-ui-ios/Example/build/Debug-iphonesimulator/vantiq-ui-ios/vantiq_ui_ios.framework/Headers/VantiqUI.h:123:124: note: insert '_Nonnull' if the pointer should never be null
  123 | - (void)authWithOAuth:(NSString *)urlScheme clientId:(NSString *)clientId completionHandler:(void (^_Nonnull)(NSDictionary *response))handler;
      |                                                                                                                            ^
      |                                                                                                                              _Nonnull 
/Users/swan/Development/vantiq-ui-ios/Example/build/Debug-iphonesimulator/vantiq-ui-ios/vantiq_ui_ios.framework/Headers/VantiqUI.h:143:36: warning: pointer is missing a nullability type specifier (_Nonnull, _Nullable, or _Null_unspecified) [-Wnullability-completeness]
  143 | - (void)authWithInternal:(NSString *)username password:(NSString *)password completionHandler:(void (^_Nonnull)(NSDictionary *response))handler;
      |                                    ^
/Users/swan/Development/vantiq-ui-ios/Example/build/Debug-iphonesimulator/vantiq-ui-ios/vantiq_ui_ios.framework/Headers/VantiqUI.h:143:36: note: insert '_Nullable' if the pointer may be null
  143 | - (void)authWithInternal:(NSString *)username password:(NSString *)password completionHandler:(void (^_Nonnull)(NSDictionary *response))handler;
      |                                    ^
      |                                     _Nullable
/Users/swan/Development/vantiq-ui-ios/Example/build/Debug-iphonesimulator/vantiq-ui-ios/vantiq_ui_ios.framework/Headers/VantiqUI.h:143:36: note: insert '_Nonnull' if the pointer should never be null
  143 | - (void)authWithInternal:(NSString *)username password:(NSString *)password completionHandler:(void (^_Nonnull)(NSDictionary *response))handler;
      |                                    ^
      |                                     _Nonnull
/Users/swan/Development/vantiq-ui-ios/Example/build/Debug-iphonesimulator/vantiq-ui-ios/vantiq_ui_ios.framework/Headers/VantiqUI.h:143:66: warning: pointer is missing a nullability type specifier (_Nonnull, _Nullable, or _Null_unspecified) [-Wnullability-completeness]
  143 | - (void)authWithInternal:(NSString *)username password:(NSString *)password completionHandler:(void (^_Nonnull)(NSDictionary *response))handler;
      |                                                                  ^
/Users/swan/Development/vantiq-ui-ios/Example/build/Debug-iphonesimulator/vantiq-ui-ios/vantiq_ui_ios.framework/Headers/VantiqUI.h:143:66: note: insert '_Nullable' if the pointer may be null
  143 | - (void)authWithInternal:(NSString *)username password:(NSString *)password completionHandler:(void (^_Nonnull)(NSDictionary *response))handler;
      |                                                                  ^
      |                                                                   _Nullable
/Users/swan/Development/vantiq-ui-ios/Example/build/Debug-iphonesimulator/vantiq-ui-ios/vantiq_ui_ios.framework/Headers/VantiqUI.h:143:66: note: insert '_Nonnull' if the pointer should never be null
  143 | - (void)authWithInternal:(NSString *)username password:(NSString *)password completionHandler:(void (^_Nonnull)(NSDictionary *response))handler;
      |                                                                  ^
      |                                                                   _Nonnull
/Users/swan/Development/vantiq-ui-ios/Example/build/Debug-iphonesimulator/vantiq-ui-ios/vantiq_ui_ios.framework/Headers/VantiqUI.h:143:126: warning: pointer is missing a nullability type specifier (_Nonnull, _Nullable, or _Null_unspecified) [-Wnullability-completeness]
  143 | - (void)authWithInternal:(NSString *)username password:(NSString *)password completionHandler:(void (^_Nonnull)(NSDictionary *response))handler;
      |                                                                                                                              ^
/Users/swan/Development/vantiq-ui-ios/Example/build/Debug-iphonesimulator/vantiq-ui-ios/vantiq_ui_ios.framework/Headers/VantiqUI.h:143:126: note: insert '_Nullable' if the pointer may be null
  143 | - (void)authWithInternal:(NSString *)username password:(NSString *)password completionHandler:(void (^_Nonnull)(NSDictionary *response))handler;
      |                                                                                                                              ^
      |                                                                                                                                _Nullable 
/Users/swan/Development/vantiq-ui-ios/Example/build/Debug-iphonesimulator/vantiq-ui-ios/vantiq_ui_ios.framework/Headers/VantiqUI.h:143:126: note: insert '_Nonnull' if the pointer should never be null
  143 | - (void)authWithInternal:(NSString *)username password:(NSString *)password completionHandler:(void (^_Nonnull)(NSDictionary *response))handler;
      |                                                                                                                              ^
      |                                                                                                                                _Nonnull 
/Users/swan/Development/vantiq-ui-ios/Example/vantiq-ui-ios/VANTIQUIAppDelegate.m:87:1: warning: implementing deprecated method [-Wdeprecated-implementations]
   87 | - (void)application:(UIApplication *)application performFetchWithCompletionHandler:(void (^)(UIBackgroundFetchResult))fetchCompletionHandler {
      | ^
In module 'UIKit':
/Applications/Xcode.app/Contents/Developer/Platforms/iPhoneSimulator.platform/Developer/SDKs/iPhoneSimulator26.4.sdk/System/Library/Frameworks/UIKit.framework/Headers/UIApplication.h:430:1: note: method 'application:performFetchWithCompletionHandler:' declared here
  430 | - (void)application:(UIApplication *)application performFetchWithCompletionHandler:(void (^)(UIBackgroundFetchResult result))completionHandler NS_SWIFT_DISABLE_ASYNC API_DEPRECATED("Use a BGAppRefreshTask in the BackgroundTasks framework instead", ios(7.0, 13.0), tvos(11.0, 13.0)) API_UNAVAILABLE(visionos, watchos);
      | ^
7 warnings generated.

Ld /Users/swan/Development/vantiq-ui-ios/Example/build/Debug-iphonesimulator/vantiq-ui-ios_Example.app/vantiq-ui-ios_Example normal (in target 'vantiq-ui-ios_Example' from project 'vantiq-ui-ios')
    cd /Users/swan/Development/vantiq-ui-ios/Example
    /Applications/Xcode.app/Contents/Developer/Toolchains/XcodeDefault.xctoolchain/usr/bin/clang -Xlinker -reproducible -target arm64-apple-ios15.6-simulator -isysroot /Applications/Xcode.app/Contents/Developer/Platforms/iPhoneSimulator.platform/Developer/SDKs/iPhoneSimulator26.4.sdk -O0 -L/Users/swan/Development/vantiq-ui-ios/Example/build/EagerLinkingTBDs/Debug-iphonesimulator -L/Users/swan/Development/vantiq-ui-ios/Example/build/Debug-iphonesimulator -F/Users/swan/Development/vantiq-ui-ios/Example/build/EagerLinkingTBDs/Debug-iphonesimulator -F/Users/swan/Development/vantiq-ui-ios/Example/build/Debug-iphonesimulator -F/Users/swan/Development/vantiq-ui-ios/Example/build/Debug-iphonesimulator/AppAuth -F/Users/swan/Development/vantiq-ui-ios/Example/build/Debug-iphonesimulator/Base64 -F/Users/swan/Development/vantiq-ui-ios/Example/build/Debug-iphonesimulator/JWT -F/Users/swan/Development/vantiq-ui-ios/Example/build/Debug-iphonesimulator/vantiq-sdk-ios -F/Users/swan/Development/vantiq-ui-ios/Example/build/Debug-iphonesimulator/vantiq-ui-ios -filelist /Users/swan/Development/vantiq-ui-ios/Example/build/vantiq-ui-ios.build/Debug-iphonesimulator/vantiq-ui-ios_Example.build/Objects-normal/arm64/vantiq-ui-ios_Example.LinkFileList -Xlinker -rpath -Xlinker @executable_path/Frameworks -Xlinker -rpath -Xlinker @loader_path/Frameworks -Xlinker -dead_strip -Xlinker -object_path_lto -Xlinker /Users/swan/Development/vantiq-ui-ios/Example/build/vantiq-ui-ios.build/Debug-iphonesimulator/vantiq-ui-ios_Example.build/Objects-normal/arm64/vantiq-ui-ios_Example_lto.o -rdynamic -Xlinker -no_deduplicate -Xlinker -objc_abi_version -Xlinker 2 -Xlinker -dependency_info -Xlinker /Users/swan/Development/vantiq-ui-ios/Example/build/vantiq-ui-ios.build/Debug-iphonesimulator/vantiq-ui-ios_Example.build/Objects-normal/arm64/vantiq-ui-ios_Example_dependency_info.dat -fobjc-arc -fobjc-link-runtime -framework AppAuth -framework Base64 -framework JWT -framework SafariServices -framework Security -framework vantiq_sdk_ios -framework vantiq_ui_ios -weak_framework AuthenticationServices -Xlinker -sectcreate -Xlinker __TEXT -Xlinker __entitlements -Xlinker /Users/swan/Development/vantiq-ui-ios/Example/build/vantiq-ui-ios.build/Debug-iphonesimulator/vantiq-ui-ios_Example.build/vantiq-ui-ios_Example.app-Simulated.xcent -Xlinker -sectcreate -Xlinker __TEXT -Xlinker __ents_der -Xlinker /Users/swan/Development/vantiq-ui-ios/Example/build/vantiq-ui-ios.build/Debug-iphonesimulator/vantiq-ui-ios_Example.build/vantiq-ui-ios_Example.app-Simulated.xcent.der -framework CoreGraphics -framework UIKit -framework Foundation -framework Pods_vantiq_ui_ios_Example -Xlinker -no_adhoc_codesign -o /Users/swan/Development/vantiq-ui-ios/Example/build/Debug-iphonesimulator/vantiq-ui-ios_Example.app/vantiq-ui-ios_Example

ProcessInfoPlistFile /Users/swan/Development/vantiq-ui-ios/Example/build/Debug-iphonesimulator/vantiq-ui-ios_Example.app/Info.plist /Users/swan/Development/vantiq-ui-ios/Example/vantiq-ui-ios/vantiq-ui-ios-Info.plist (in target 'vantiq-ui-ios_Example' from project 'vantiq-ui-ios')
    cd /Users/swan/Development/vantiq-ui-ios/Example
    builtin-infoPlistUtility /Users/swan/Development/vantiq-ui-ios/Example/vantiq-ui-ios/vantiq-ui-ios-Info.plist -producttype com.apple.product-type.application -genpkginfo /Users/swan/Development/vantiq-ui-ios/Example/build/Debug-iphonesimulator/vantiq-ui-ios_Example.app/PkgInfo -expandbuildsettings -format binary -platform iphonesimulator -additionalcontentfile /Users/swan/Development/vantiq-ui-ios/Example/build/vantiq-ui-ios.build/Debug-iphonesimulator/vantiq-ui-ios_Example.build/Base.lproj/Main-SBPartialInfo.plist -additionalcontentfile /Users/swan/Development/vantiq-ui-ios/Example/build/vantiq-ui-ios.build/Debug-iphonesimulator/vantiq-ui-ios_Example.build/Base.lproj/LaunchScreen-SBPartialInfo.plist -additionalcontentfile /Users/swan/Development/vantiq-ui-ios/Example/build/vantiq-ui-ios.build/Debug-iphonesimulator/vantiq-ui-ios_Example.build/assetcatalog_generated_info.plist -o /Users/swan/Development/vantiq-ui-ios/Example/build/Debug-iphonesimulator/vantiq-ui-ios_Example.app/Info.plist

LinkStoryboards (in target 'vantiq-ui-ios_Example' from project 'vantiq-ui-ios')
    cd /Users/swan/Development/vantiq-ui-ios/Example
    /Applications/Xcode.app/Contents/Developer/usr/bin/ibtool --errors --warnings --notices --module vantiq_ui_ios_Example --target-device iphone --target-device ipad --minimum-deployment-target 15.6 --output-format human-readable-text --link /Users/swan/Development/vantiq-ui-ios/Example/build/Debug-iphonesimulator/vantiq-ui-ios_Example.app /Users/swan/Development/vantiq-ui-ios/Example/build/vantiq-ui-ios.build/Debug-iphonesimulator/vantiq-ui-ios_Example.build/Base.lproj/Main.storyboardc /Users/swan/Development/vantiq-ui-ios/Example/build/vantiq-ui-ios.build/Debug-iphonesimulator/vantiq-ui-ios_Example.build/Base.lproj/LaunchScreen.storyboardc

PhaseScriptExecution [CP]\ Embed\ Pods\ Frameworks /Users/swan/Development/vantiq-ui-ios/Example/build/vantiq-ui-ios.build/Debug-iphonesimulator/vantiq-ui-ios_Example.build/Script-D48F2B8267A75C653A9CEC19.sh (in target 'vantiq-ui-ios_Example' from project 'vantiq-ui-ios')
    cd /Users/swan/Development/vantiq-ui-ios/Example
    /bin/sh -c /Users/swan/Development/vantiq-ui-ios/Example/build/vantiq-ui-ios.build/Debug-iphonesimulator/vantiq-ui-ios_Example.build/Script-D48F2B8267A75C653A9CEC19.sh
mkdir -p /Users/swan/Development/vantiq-ui-ios/Example/build/Debug-iphonesimulator/vantiq-ui-ios_Example.app/Frameworks
rsync --delete -av --filter P .*.?????? --links --filter "- CVS/" --filter "- .svn/" --filter "- .git/" --filter "- .hg/" --filter "- Headers" --filter "- PrivateHeaders" --filter "- Modules" "/Users/swan/Development/vantiq-ui-ios/Example/build/Debug-iphonesimulator/AppAuth/AppAuth.framework" "/Users/swan/Development/vantiq-ui-ios/Example/build/Debug-iphonesimulator/vantiq-ui-ios_Example.app/Frameworks"
Transfer starting: 8 files
AppAuth.framework/
AppAuth.framework/AppAuth
AppAuth.framework/Info.plist
AppAuth.framework/AppAuthCore_Privacy.bundle/
AppAuth.framework/AppAuthCore_Privacy.bundle/Info.plist
AppAuth.framework/AppAuthCore_Privacy.bundle/PrivacyInfo.xcprivacy
AppAuth.framework/_CodeSignature/
AppAuth.framework/_CodeSignature/CodeResources

sent 372894 bytes  received 148 bytes  52541126 bytes/sec
total size is 371938  speedup is 1.00
Code Signing /Users/swan/Development/vantiq-ui-ios/Example/build/Debug-iphonesimulator/vantiq-ui-ios_Example.app/Frameworks/AppAuth.framework with Identity Sign to Run Locally
/usr/bin/codesign --force --sign -  --preserve-metadata=identifier,entitlements '/Users/swan/Development/vantiq-ui-ios/Example/build/Debug-iphonesimulator/vantiq-ui-ios_Example.app/Frameworks/AppAuth.framework'
/Users/swan/Development/vantiq-ui-ios/Example/build/Debug-iphonesimulator/vantiq-ui-ios_Example.app/Frameworks/AppAuth.framework: replacing existing signature
rsync --delete -av --filter P .*.?????? --links --filter "- CVS/" --filter "- .svn/" --filter "- .git/" --filter "- .hg/" --filter "- Headers" --filter "- PrivateHeaders" --filter "- Modules" "/Users/swan/Development/vantiq-ui-ios/Example/build/Debug-iphonesimulator/Base64/Base64.framework" "/Users/swan/Development/vantiq-ui-ios/Example/build/Debug-iphonesimulator/vantiq-ui-ios_Example.app/Frameworks"
Transfer starting: 5 files
Base64.framework/
Base64.framework/Base64
Base64.framework/Info.plist
Base64.framework/_CodeSignature/
Base64.framework/_CodeSignature/CodeResources

sent 78134 bytes  received 98 bytes  19080975 bytes/sec
total size is 77554  speedup is 0.99
Code Signing /Users/swan/Development/vantiq-ui-ios/Example/build/Debug-iphonesimulator/vantiq-ui-ios_Example.app/Frameworks/Base64.framework with Identity Sign to Run Locally
/usr/bin/codesign --force --sign -  --preserve-metadata=identifier,entitlements '/Users/swan/Development/vantiq-ui-ios/Example/build/Debug-iphonesimulator/vantiq-ui-ios_Example.app/Frameworks/Base64.framework'
/Users/swan/Development/vantiq-ui-ios/Example/build/Debug-iphonesimulator/vantiq-ui-ios_Example.app/Frameworks/Base64.framework: replacing existing signature
rsync --delete -av --filter P .*.?????? --links --filter "- CVS/" --filter "- .svn/" --filter "- .git/" --filter "- .hg/" --filter "- Headers" --filter "- PrivateHeaders" --filter "- Modules" "/Users/swan/Development/vantiq-ui-ios/Example/build/Debug-iphonesimulator/JWT/JWT.framework" "/Users/swan/Development/vantiq-ui-ios/Example/build/Debug-iphonesimulator/vantiq-ui-ios_Example.app/Frameworks"
Transfer starting: 5 files
JWT.framework/
JWT.framework/Info.plist
JWT.framework/JWT
JWT.framework/_CodeSignature/
JWT.framework/_CodeSignature/CodeResources

sent 222520 bytes  received 98 bytes  54297073 bytes/sec
total size is 221942  speedup is 1.00
Code Signing /Users/swan/Development/vantiq-ui-ios/Example/build/Debug-iphonesimulator/vantiq-ui-ios_Example.app/Frameworks/JWT.framework with Identity Sign to Run Locally
/usr/bin/codesign --force --sign -  --preserve-metadata=identifier,entitlements '/Users/swan/Development/vantiq-ui-ios/Example/build/Debug-iphonesimulator/vantiq-ui-ios_Example.app/Frameworks/JWT.framework'
/Users/swan/Development/vantiq-ui-ios/Example/build/Debug-iphonesimulator/vantiq-ui-ios_Example.app/Frameworks/JWT.framework: replacing existing signature
rsync --delete -av --filter P .*.?????? --links --filter "- CVS/" --filter "- .svn/" --filter "- .git/" --filter "- .hg/" --filter "- Headers" --filter "- PrivateHeaders" --filter "- Modules" "/Users/swan/Development/vantiq-ui-ios/Example/build/Debug-iphonesimulator/vantiq-sdk-ios/vantiq_sdk_ios.framework" "/Users/swan/Development/vantiq-ui-ios/Example/build/Debug-iphonesimulator/vantiq-ui-ios_Example.app/Frameworks"
Transfer starting: 5 files
vantiq_sdk_ios.framework/
vantiq_sdk_ios.framework/Info.plist
vantiq_sdk_ios.framework/vantiq_sdk_ios
vantiq_sdk_ios.framework/_CodeSignature/
vantiq_sdk_ios.framework/_CodeSignature/CodeResources

sent 149478 bytes  received 98 bytes  4386392 bytes/sec
total size is 148842  speedup is 1.00
Code Signing /Users/swan/Development/vantiq-ui-ios/Example/build/Debug-iphonesimulator/vantiq-ui-ios_Example.app/Frameworks/vantiq_sdk_ios.framework with Identity Sign to Run Locally
/usr/bin/codesign --force --sign -  --preserve-metadata=identifier,entitlements '/Users/swan/Development/vantiq-ui-ios/Example/build/Debug-iphonesimulator/vantiq-ui-ios_Example.app/Frameworks/vantiq_sdk_ios.framework'
/Users/swan/Development/vantiq-ui-ios/Example/build/Debug-iphonesimulator/vantiq-ui-ios_Example.app/Frameworks/vantiq_sdk_ios.framework: replacing existing signature
rsync --delete -av --filter P .*.?????? --links --filter "- CVS/" --filter "- .svn/" --filter "- .git/" --filter "- .hg/" --filter "- Headers" --filter "- PrivateHeaders" --filter "- Modules" "/Users/swan/Development/vantiq-ui-ios/Example/build/Debug-iphonesimulator/vantiq-ui-ios/vantiq_ui_ios.framework" "/Users/swan/Development/vantiq-ui-ios/Example/build/Debug-iphonesimulator/vantiq-ui-ios_Example.app/Frameworks"
Transfer starting: 5 files
vantiq_ui_ios.framework/
vantiq_ui_ios.framework/Info.plist
vantiq_ui_ios.framework/vantiq_ui_ios
vantiq_ui_ios.framework/_CodeSignature/
vantiq_ui_ios.framework/_CodeSignature/CodeResources

sent 187234 bytes  received 98 bytes  9807958 bytes/sec
total size is 186600  speedup is 1.00
Code Signing /Users/swan/Development/vantiq-ui-ios/Example/build/Debug-iphonesimulator/vantiq-ui-ios_Example.app/Frameworks/vantiq_ui_ios.framework with Identity Sign to Run Locally
/usr/bin/codesign --force --sign -  --preserve-metadata=identifier,entitlements '/Users/swan/Development/vantiq-ui-ios/Example/build/Debug-iphonesimulator/vantiq-ui-ios_Example.app/Frameworks/vantiq_ui_ios.framework'
/Users/swan/Development/vantiq-ui-ios/Example/build/Debug-iphonesimulator/vantiq-ui-ios_Example.app/Frameworks/vantiq_ui_ios.framework: replacing existing signature

CodeSign /Users/swan/Development/vantiq-ui-ios/Example/build/Debug-iphonesimulator/vantiq-ui-ios_Example.app (in target 'vantiq-ui-ios_Example' from project 'vantiq-ui-ios')
    cd /Users/swan/Development/vantiq-ui-ios/Example
    
    Signing Identity:     "Sign to Run Locally"
    
    /usr/bin/codesign --force --sign - --entitlements /Users/swan/Development/vantiq-ui-ios/Example/build/vantiq-ui-ios.build/Debug-iphonesimulator/vantiq-ui-ios_Example.build/vantiq-ui-ios_Example.app.xcent --timestamp\=none --generate-entitlement-der /Users/swan/Development/vantiq-ui-ios/Example/build/Debug-iphonesimulator/vantiq-ui-ios_Example.app

RegisterExecutionPolicyException /Users/swan/Development/vantiq-ui-ios/Example/build/Debug-iphonesimulator/vantiq-ui-ios_Example.app (in target 'vantiq-ui-ios_Example' from project 'vantiq-ui-ios')
    cd /Users/swan/Development/vantiq-ui-ios/Example
    builtin-RegisterExecutionPolicyException /Users/swan/Development/vantiq-ui-ios/Example/build/Debug-iphonesimulator/vantiq-ui-ios_Example.app

Validate /Users/swan/Development/vantiq-ui-ios/Example/build/Debug-iphonesimulator/vantiq-ui-ios_Example.app (in target 'vantiq-ui-ios_Example' from project 'vantiq-ui-ios')
    cd /Users/swan/Development/vantiq-ui-ios/Example
    builtin-validationUtility /Users/swan/Development/vantiq-ui-ios/Example/build/Debug-iphonesimulator/vantiq-ui-ios_Example.app -shallow-bundle -infoplist-subpath Info.plist

Touch /Users/swan/Development/vantiq-ui-ios/Example/build/Debug-iphonesimulator/vantiq-ui-ios_Example.app (in target 'vantiq-ui-ios_Example' from project 'vantiq-ui-ios')
    cd /Users/swan/Development/vantiq-ui-ios/Example
    /usr/bin/touch -c /Users/swan/Development/vantiq-ui-ios/Example/build/Debug-iphonesimulator/vantiq-ui-ios_Example.app

** BUILD SUCCEEDED **

ComputePackagePrebuildTargetDependencyGraph

CreateBuildRequest

SendProjectDescription

CreateBuildOperation

ComputeTargetDependencyGraph
note: Building targets in dependency order
note: Target dependency graph (10 targets)
    Target 'vantiq-ui-ios_Tests' in project 'vantiq-ui-ios'
        ➜ Explicit dependency on target 'vantiq-ui-ios_Example' in project 'vantiq-ui-ios'
        ➜ Implicit dependency on target 'Pods-vantiq-ui-ios_Tests' in project 'Pods' via file 'Pods_vantiq_ui_ios_Tests.framework' in build phase 'Link Binary'
        ➜ Implicit dependency on target 'AppAuth' in project 'Pods' via options '-framework AppAuth' in build setting 'OTHER_LDFLAGS'
        ➜ Implicit dependency on target 'Base64' in project 'Pods' via options '-framework Base64' in build setting 'OTHER_LDFLAGS'
        ➜ Implicit dependency on target 'JWT' in project 'Pods' via options '-framework JWT' in build setting 'OTHER_LDFLAGS'
        ➜ Implicit dependency on target 'vantiq-sdk-ios' in project 'Pods' via options '-framework vantiq_sdk_ios' in build setting 'OTHER_LDFLAGS'
        ➜ Implicit dependency on target 'vantiq-ui-ios' in project 'Pods' via options '-framework vantiq_ui_ios' in build setting 'OTHER_LDFLAGS'
    Target 'Pods-vantiq-ui-ios_Tests' in project 'Pods'
        ➜ Explicit dependency on target 'Pods-vantiq-ui-ios_Example' in project 'Pods'
    Target 'vantiq-ui-ios_Example' in project 'vantiq-ui-ios'
        ➜ Implicit dependency on target 'Pods-vantiq-ui-ios_Example' in project 'Pods' via file 'Pods_vantiq_ui_ios_Example.framework' in build phase 'Link Binary'
        ➜ Implicit dependency on target 'AppAuth' in project 'Pods' via options '-framework AppAuth' in build setting 'OTHER_LDFLAGS'
        ➜ Implicit dependency on target 'Base64' in project 'Pods' via options '-framework Base64' in build setting 'OTHER_LDFLAGS'
        ➜ Implicit dependency on target 'JWT' in project 'Pods' via options '-framework JWT' in build setting 'OTHER_LDFLAGS'
        ➜ Implicit dependency on target 'vantiq-sdk-ios' in project 'Pods' via options '-framework vantiq_sdk_ios' in build setting 'OTHER_LDFLAGS'
        ➜ Implicit dependency on target 'vantiq-ui-ios' in project 'Pods' via options '-framework vantiq_ui_ios' in build setting 'OTHER_LDFLAGS'
    Target 'Pods-vantiq-ui-ios_Example' in project 'Pods'
        ➜ Explicit dependency on target 'AppAuth' in project 'Pods'
        ➜ Explicit dependency on target 'Base64' in project 'Pods'
        ➜ Explicit dependency on target 'JWT' in project 'Pods'
        ➜ Explicit dependency on target 'vantiq-sdk-ios' in project 'Pods'
        ➜ Explicit dependency on target 'vantiq-ui-ios' in project 'Pods'
    Target 'vantiq-ui-ios' in project 'Pods'
        ➜ Explicit dependency on target 'AppAuth' in project 'Pods'
        ➜ Explicit dependency on target 'Base64' in project 'Pods'
        ➜ Explicit dependency on target 'JWT' in project 'Pods'
        ➜ Explicit dependency on target 'vantiq-sdk-ios' in project 'Pods'
    Target 'vantiq-sdk-ios' in project 'Pods' (no dependencies)
    Target 'JWT' in project 'Pods'
        ➜ Explicit dependency on target 'Base64' in project 'Pods'
    Target 'Base64' in project 'Pods' (no dependencies)
    Target 'AppAuth' in project 'Pods'
        ➜ Explicit dependency on target 'AppAuth-AppAuthCore_Privacy' in project 'Pods'
    Target 'AppAuth-AppAuthCore_Privacy' in project 'Pods' (no dependencies)

GatherProvisioningInputs

CreateBuildDescription

ExecuteExternalTool /Applications/Xcode.app/Contents/Developer/Toolchains/XcodeDefault.xctoolchain/usr/bin/clang -v -E -dM -arch arm64 -isysroot /Applications/Xcode.app/Contents/Developer/Platforms/iPhoneSimulator.platform/Developer/SDKs/iPhoneSimulator26.4.sdk -x c -c /dev/null

ExecuteExternalTool /Applications/Xcode.app/Contents/Developer/Toolchains/XcodeDefault.xctoolchain/usr/bin/clang -v -E -dM -isysroot /Applications/Xcode.app/Contents/Developer/Platforms/iPhoneSimulator.platform/Developer/SDKs/iPhoneSimulator26.4.sdk -x c -c /dev/null

ExecuteExternalTool /Applications/Xcode.app/Contents/Developer/usr/bin/ibtool --version --output-format xml1

ExecuteExternalTool /Applications/Xcode.app/Contents/Developer/Toolchains/XcodeDefault.xctoolchain/usr/bin/clang -v -E -dM -arch arm64 -isysroot /Applications/Xcode.app/Contents/Developer/Platforms/iPhoneSimulator.platform/Developer/SDKs/iPhoneSimulator26.4.sdk -x objective-c -c /dev/null

ExecuteExternalTool /Applications/Xcode.app/Contents/Developer/Toolchains/XcodeDefault.xctoolchain/usr/bin/ld -version_details

ExecuteExternalTool /Applications/Xcode.app/Contents/Developer/Toolchains/XcodeDefault.xctoolchain/usr/bin/libtool -V

ExecuteExternalTool /Applications/Xcode.app/Contents/Developer/usr/bin/actool --print-asset-tag-combinations --output-format xml1 /Users/swan/Development/vantiq-ui-ios/Example/vantiq-ui-ios/Images.xcassets

ExecuteExternalTool /Applications/Xcode.app/Contents/Developer/usr/bin/actool --version --output-format xml1

Build description signature: 7c1e5bcd36c21e5e66952c42a9eb0aec
Build description path: /Users/swan/Development/vantiq-ui-ios/Example/build/XCBuildData/7c1e5bcd36c21e5e66952c42a9eb0aec.xcbuilddata
ClangStatCache /Applications/Xcode.app/Contents/Developer/Toolchains/XcodeDefault.xctoolchain/usr/bin/clang-stat-cache /Applications/Xcode.app/Contents/Developer/Platforms/iPhoneSimulator.platform/Developer/SDKs/iPhoneSimulator26.4.sdk /Users/swan/Library/Developer/Xcode/DerivedData/SDKStatCaches.noindex/iphonesimulator26.4-23E237-686eebb5dc1d8ecb277353a59184f4aa.sdkstatcache
    cd /Users/swan/Development/vantiq-ui-ios/Example
    /Applications/Xcode.app/Contents/Developer/Toolchains/XcodeDefault.xctoolchain/usr/bin/clang-stat-cache /Applications/Xcode.app/Contents/Developer/Platforms/iPhoneSimulator.platform/Developer/SDKs/iPhoneSimulator26.4.sdk -o /Users/swan/Library/Developer/Xcode/DerivedData/SDKStatCaches.noindex/iphonesimulator26.4-23E237-686eebb5dc1d8ecb277353a59184f4aa.sdkstatcache

WriteAuxiliaryFile /Users/swan/Development/vantiq-ui-ios/Example/build/Pods.build/Debug-iphonesimulator/Pods-8699adb1dd336b26511df848a716bd42-VFS-iphonesimulator/all-product-headers.yaml
    cd /Users/swan/Development/vantiq-ui-ios/Example
    write-file /Users/swan/Development/vantiq-ui-ios/Example/build/Pods.build/Debug-iphonesimulator/Pods-8699adb1dd336b26511df848a716bd42-VFS-iphonesimulator/all-product-headers.yaml

WriteAuxiliaryFile /Users/swan/Development/vantiq-ui-ios/Example/build/Pods.build/Debug-iphonesimulator/vantiq-sdk-ios.build/vantiq_sdk_ios-all-non-framework-target-headers.hmap (in target 'vantiq-sdk-ios' from project 'Pods')
    cd /Users/swan/Development/vantiq-ui-ios/Example/Pods
    write-file /Users/swan/Development/vantiq-ui-ios/Example/build/Pods.build/Debug-iphonesimulator/vantiq-sdk-ios.build/vantiq_sdk_ios-all-non-framework-target-headers.hmap

WriteAuxiliaryFile /Users/swan/Development/vantiq-ui-ios/Example/build/Pods.build/Debug-iphonesimulator/vantiq-ui-ios.build/vantiq_ui_ios-all-non-framework-target-headers.hmap (in target 'vantiq-ui-ios' from project 'Pods')
    cd /Users/swan/Development/vantiq-ui-ios/Example/Pods
    write-file /Users/swan/Development/vantiq-ui-ios/Example/build/Pods.build/Debug-iphonesimulator/vantiq-ui-ios.build/vantiq_ui_ios-all-non-framework-target-headers.hmap

WriteAuxiliaryFile /Users/swan/Development/vantiq-ui-ios/Example/build/Pods.build/Debug-iphonesimulator/Pods-vantiq-ui-ios_Example.build/Pods_vantiq_ui_ios_Example-all-non-framework-target-headers.hmap (in target 'Pods-vantiq-ui-ios_Example' from project 'Pods')
    cd /Users/swan/Development/vantiq-ui-ios/Example/Pods
    write-file /Users/swan/Development/vantiq-ui-ios/Example/build/Pods.build/Debug-iphonesimulator/Pods-vantiq-ui-ios_Example.build/Pods_vantiq_ui_ios_Example-all-non-framework-target-headers.hmap

WriteAuxiliaryFile /Users/swan/Development/vantiq-ui-ios/Example/build/Pods.build/Debug-iphonesimulator/AppAuth-AppAuthCore_Privacy.build/AppAuthCore_Privacy-all-non-framework-target-headers.hmap (in target 'AppAuth-AppAuthCore_Privacy' from project 'Pods')
    cd /Users/swan/Development/vantiq-ui-ios/Example/Pods
    write-file /Users/swan/Development/vantiq-ui-ios/Example/build/Pods.build/Debug-iphonesimulator/AppAuth-AppAuthCore_Privacy.build/AppAuthCore_Privacy-all-non-framework-target-headers.hmap

WriteAuxiliaryFile /Users/swan/Development/vantiq-ui-ios/Example/build/Pods.build/Debug-iphonesimulator/JWT.build/JWT-all-non-framework-target-headers.hmap (in target 'JWT' from project 'Pods')
    cd /Users/swan/Development/vantiq-ui-ios/Example/Pods
    write-file /Users/swan/Development/vantiq-ui-ios/Example/build/Pods.build/Debug-iphonesimulator/JWT.build/JWT-all-non-framework-target-headers.hmap

WriteAuxiliaryFile /Users/swan/Development/vantiq-ui-ios/Example/build/Pods.build/Debug-iphonesimulator/Base64.build/Base64-all-non-framework-target-headers.hmap (in target 'Base64' from project 'Pods')
    cd /Users/swan/Development/vantiq-ui-ios/Example/Pods
    write-file /Users/swan/Development/vantiq-ui-ios/Example/build/Pods.build/Debug-iphonesimulator/Base64.build/Base64-all-non-framework-target-headers.hmap

WriteAuxiliaryFile /Users/swan/Development/vantiq-ui-ios/Example/build/Pods.build/Debug-iphonesimulator/AppAuth.build/AppAuth-all-non-framework-target-headers.hmap (in target 'AppAuth' from project 'Pods')
    cd /Users/swan/Development/vantiq-ui-ios/Example/Pods
    write-file /Users/swan/Development/vantiq-ui-ios/Example/build/Pods.build/Debug-iphonesimulator/AppAuth.build/AppAuth-all-non-framework-target-headers.hmap

MkDir /Users/swan/Development/vantiq-ui-ios/Example/build/Debug-iphonesimulator/vantiq-ui-ios_Example.app/PlugIns (in target 'vantiq-ui-ios_Example' from project 'vantiq-ui-ios')
    cd /Users/swan/Development/vantiq-ui-ios/Example
    /bin/mkdir -p /Users/swan/Development/vantiq-ui-ios/Example/build/Debug-iphonesimulator/vantiq-ui-ios_Example.app/PlugIns

WriteAuxiliaryFile /Users/swan/Development/vantiq-ui-ios/Example/build/vantiq-ui-ios.build/Debug-iphonesimulator/vantiq-ui-ios_Tests.build/vantiq-ui-ios_Tests.hmap (in target 'vantiq-ui-ios_Tests' from project 'vantiq-ui-ios')
    cd /Users/swan/Development/vantiq-ui-ios/Example
    write-file /Users/swan/Development/vantiq-ui-ios/Example/build/vantiq-ui-ios.build/Debug-iphonesimulator/vantiq-ui-ios_Tests.build/vantiq-ui-ios_Tests.hmap

WriteAuxiliaryFile /Users/swan/Development/vantiq-ui-ios/Example/build/vantiq-ui-ios.build/Debug-iphonesimulator/vantiq-ui-ios_Tests.build/vantiq-ui-ios_Tests-project-headers.hmap (in target 'vantiq-ui-ios_Tests' from project 'vantiq-ui-ios')
    cd /Users/swan/Development/vantiq-ui-ios/Example
    write-file /Users/swan/Development/vantiq-ui-ios/Example/build/vantiq-ui-ios.build/Debug-iphonesimulator/vantiq-ui-ios_Tests.build/vantiq-ui-ios_Tests-project-headers.hmap

WriteAuxiliaryFile /Users/swan/Development/vantiq-ui-ios/Example/build/vantiq-ui-ios.build/Debug-iphonesimulator/vantiq-ui-ios_Tests.build/vantiq-ui-ios_Tests-own-target-headers.hmap (in target 'vantiq-ui-ios_Tests' from project 'vantiq-ui-ios')
    cd /Users/swan/Development/vantiq-ui-ios/Example
    write-file /Users/swan/Development/vantiq-ui-ios/Example/build/vantiq-ui-ios.build/Debug-iphonesimulator/vantiq-ui-ios_Tests.build/vantiq-ui-ios_Tests-own-target-headers.hmap

WriteAuxiliaryFile /Users/swan/Development/vantiq-ui-ios/Example/build/vantiq-ui-ios.build/Debug-iphonesimulator/vantiq-ui-ios_Tests.build/vantiq-ui-ios_Tests.DependencyMetadataFileList (in target 'vantiq-ui-ios_Tests' from project 'vantiq-ui-ios')
    cd /Users/swan/Development/vantiq-ui-ios/Example
    write-file /Users/swan/Development/vantiq-ui-ios/Example/build/vantiq-ui-ios.build/Debug-iphonesimulator/vantiq-ui-ios_Tests.build/vantiq-ui-ios_Tests.DependencyMetadataFileList

WriteAuxiliaryFile /Users/swan/Development/vantiq-ui-ios/Example/build/vantiq-ui-ios.build/Debug-iphonesimulator/vantiq-ui-ios_Tests.build/vantiq-ui-ios_Tests-generated-files.hmap (in target 'vantiq-ui-ios_Tests' from project 'vantiq-ui-ios')
    cd /Users/swan/Development/vantiq-ui-ios/Example
    write-file /Users/swan/Development/vantiq-ui-ios/Example/build/vantiq-ui-ios.build/Debug-iphonesimulator/vantiq-ui-ios_Tests.build/vantiq-ui-ios_Tests-generated-files.hmap

WriteAuxiliaryFile /Users/swan/Development/vantiq-ui-ios/Example/build/vantiq-ui-ios.build/Debug-iphonesimulator/vantiq-ui-ios_Tests.build/vantiq-ui-ios_Tests-all-target-headers.hmap (in target 'vantiq-ui-ios_Tests' from project 'vantiq-ui-ios')
    cd /Users/swan/Development/vantiq-ui-ios/Example
    write-file /Users/swan/Development/vantiq-ui-ios/Example/build/vantiq-ui-ios.build/Debug-iphonesimulator/vantiq-ui-ios_Tests.build/vantiq-ui-ios_Tests-all-target-headers.hmap

WriteAuxiliaryFile /Users/swan/Development/vantiq-ui-ios/Example/build/vantiq-ui-ios.build/Debug-iphonesimulator/vantiq-ui-ios_Tests.build/Script-BC0DD3B199E95B3A9E47EDAF.sh (in target 'vantiq-ui-ios_Tests' from project 'vantiq-ui-ios')
    cd /Users/swan/Development/vantiq-ui-ios/Example
    write-file /Users/swan/Development/vantiq-ui-ios/Example/build/vantiq-ui-ios.build/Debug-iphonesimulator/vantiq-ui-ios_Tests.build/Script-BC0DD3B199E95B3A9E47EDAF.sh

WriteAuxiliaryFile /Users/swan/Development/vantiq-ui-ios/Example/build/Pods.build/Debug-iphonesimulator/Pods-vantiq-ui-ios_Tests.build/Pods_vantiq_ui_ios_Tests.hmap (in target 'Pods-vantiq-ui-ios_Tests' from project 'Pods')
    cd /Users/swan/Development/vantiq-ui-ios/Example/Pods
    write-file /Users/swan/Development/vantiq-ui-ios/Example/build/Pods.build/Debug-iphonesimulator/Pods-vantiq-ui-ios_Tests.build/Pods_vantiq_ui_ios_Tests.hmap

WriteAuxiliaryFile /Users/swan/Development/vantiq-ui-ios/Example/build/vantiq-ui-ios.build/Debug-iphonesimulator/vantiq-ui-ios_Tests.build/vantiq-ui-ios_Tests-all-non-framework-target-headers.hmap (in target 'vantiq-ui-ios_Tests' from project 'vantiq-ui-ios')
    cd /Users/swan/Development/vantiq-ui-ios/Example
    write-file /Users/swan/Development/vantiq-ui-ios/Example/build/vantiq-ui-ios.build/Debug-iphonesimulator/vantiq-ui-ios_Tests.build/vantiq-ui-ios_Tests-all-non-framework-target-headers.hmap

WriteAuxiliaryFile /Users/swan/Development/vantiq-ui-ios/Example/build/vantiq-ui-ios.build/Debug-iphonesimulator/vantiq-ui-ios_Tests.build/vantiq-ui-ios_Tests.DependencyStaticMetadataFileList (in target 'vantiq-ui-ios_Tests' from project 'vantiq-ui-ios')
    cd /Users/swan/Development/vantiq-ui-ios/Example
    write-file /Users/swan/Development/vantiq-ui-ios/Example/build/vantiq-ui-ios.build/Debug-iphonesimulator/vantiq-ui-ios_Tests.build/vantiq-ui-ios_Tests.DependencyStaticMetadataFileList

WriteAuxiliaryFile /Users/swan/Development/vantiq-ui-ios/Example/build/Pods.build/Debug-iphonesimulator/Pods-vantiq-ui-ios_Tests.build/Pods_vantiq_ui_ios_Tests.DependencyMetadataFileList (in target 'Pods-vantiq-ui-ios_Tests' from project 'Pods')
    cd /Users/swan/Development/vantiq-ui-ios/Example/Pods
    write-file /Users/swan/Development/vantiq-ui-ios/Example/build/Pods.build/Debug-iphonesimulator/Pods-vantiq-ui-ios_Tests.build/Pods_vantiq_ui_ios_Tests.DependencyMetadataFileList

WriteAuxiliaryFile /Users/swan/Development/vantiq-ui-ios/Example/build/Pods.build/Debug-iphonesimulator/Pods-vantiq-ui-ios_Tests.build/Pods_vantiq_ui_ios_Tests-project-headers.hmap (in target 'Pods-vantiq-ui-ios_Tests' from project 'Pods')
    cd /Users/swan/Development/vantiq-ui-ios/Example/Pods
    write-file /Users/swan/Development/vantiq-ui-ios/Example/build/Pods.build/Debug-iphonesimulator/Pods-vantiq-ui-ios_Tests.build/Pods_vantiq_ui_ios_Tests-project-headers.hmap

WriteAuxiliaryFile /Users/swan/Development/vantiq-ui-ios/Example/build/Pods.build/Debug-iphonesimulator/Pods-vantiq-ui-ios_Tests.build/Pods_vantiq_ui_ios_Tests.DependencyStaticMetadataFileList (in target 'Pods-vantiq-ui-ios_Tests' from project 'Pods')
    cd /Users/swan/Development/vantiq-ui-ios/Example/Pods
    write-file /Users/swan/Development/vantiq-ui-ios/Example/build/Pods.build/Debug-iphonesimulator/Pods-vantiq-ui-ios_Tests.build/Pods_vantiq_ui_ios_Tests.DependencyStaticMetadataFileList

WriteAuxiliaryFile /Users/swan/Development/vantiq-ui-ios/Example/build/Pods.build/Debug-iphonesimulator/Pods-vantiq-ui-ios_Tests.build/Pods_vantiq_ui_ios_Tests-own-target-headers.hmap (in target 'Pods-vantiq-ui-ios_Tests' from project 'Pods')
    cd /Users/swan/Development/vantiq-ui-ios/Example/Pods
    write-file /Users/swan/Development/vantiq-ui-ios/Example/build/Pods.build/Debug-iphonesimulator/Pods-vantiq-ui-ios_Tests.build/Pods_vantiq_ui_ios_Tests-own-target-headers.hmap

WriteAuxiliaryFile /Users/swan/Development/vantiq-ui-ios/Example/build/Pods.build/Debug-iphonesimulator/Pods-vantiq-ui-ios_Tests.build/Pods_vantiq_ui_ios_Tests-generated-files.hmap (in target 'Pods-vantiq-ui-ios_Tests' from project 'Pods')
    cd /Users/swan/Development/vantiq-ui-ios/Example/Pods
    write-file /Users/swan/Development/vantiq-ui-ios/Example/build/Pods.build/Debug-iphonesimulator/Pods-vantiq-ui-ios_Tests.build/Pods_vantiq_ui_ios_Tests-generated-files.hmap

WriteAuxiliaryFile /Users/swan/Development/vantiq-ui-ios/Example/build/Pods.build/Debug-iphonesimulator/Pods-vantiq-ui-ios_Tests.build/Pods_vantiq_ui_ios_Tests-all-target-headers.hmap (in target 'Pods-vantiq-ui-ios_Tests' from project 'Pods')
    cd /Users/swan/Development/vantiq-ui-ios/Example/Pods
    write-file /Users/swan/Development/vantiq-ui-ios/Example/build/Pods.build/Debug-iphonesimulator/Pods-vantiq-ui-ios_Tests.build/Pods_vantiq_ui_ios_Tests-all-target-headers.hmap

WriteAuxiliaryFile /Users/swan/Development/vantiq-ui-ios/Example/build/Pods.build/Debug-iphonesimulator/Pods-vantiq-ui-ios_Tests.build/Pods_vantiq_ui_ios_Tests-all-non-framework-target-headers.hmap (in target 'Pods-vantiq-ui-ios_Tests' from project 'Pods')
    cd /Users/swan/Development/vantiq-ui-ios/Example/Pods
    write-file /Users/swan/Development/vantiq-ui-ios/Example/build/Pods.build/Debug-iphonesimulator/Pods-vantiq-ui-ios_Tests.build/Pods_vantiq_ui_ios_Tests-all-non-framework-target-headers.hmap

Copy /Users/swan/Development/vantiq-ui-ios/Example/build/Pods.build/Debug-iphonesimulator/Pods-vantiq-ui-ios_Tests.build/module.modulemap /Users/swan/Development/vantiq-ui-ios/Example/Pods/Target\ Support\ Files/Pods-vantiq-ui-ios_Tests/Pods-vantiq-ui-ios_Tests.modulemap (in target 'Pods-vantiq-ui-ios_Tests' from project 'Pods')
    cd /Users/swan/Development/vantiq-ui-ios/Example/Pods
    builtin-copy -exclude .DS_Store -exclude CVS -exclude .svn -exclude .git -exclude .hg -resolve-src-symlinks -rename /Users/swan/Development/vantiq-ui-ios/Example/Pods/Target\ Support\ Files/Pods-vantiq-ui-ios_Tests/Pods-vantiq-ui-ios_Tests.modulemap /Users/swan/Development/vantiq-ui-ios/Example/build/Pods.build/Debug-iphonesimulator/Pods-vantiq-ui-ios_Tests.build/module.modulemap

MkDir /Users/swan/Development/vantiq-ui-ios/Example/build/Debug-iphonesimulator/vantiq-ui-ios_Example.app/PlugIns/vantiq-ui-ios_Tests.xctest (in target 'vantiq-ui-ios_Tests' from project 'vantiq-ui-ios')
    cd /Users/swan/Development/vantiq-ui-ios/Example
    /bin/mkdir -p /Users/swan/Development/vantiq-ui-ios/Example/build/Debug-iphonesimulator/vantiq-ui-ios_Example.app/PlugIns/vantiq-ui-ios_Tests.xctest

WriteAuxiliaryFile /Users/swan/Development/vantiq-ui-ios/Example/build/vantiq-ui-ios.build/Debug-iphonesimulator/vantiq-ui-ios_Tests.build/Objects-normal/arm64/vantiq-ui-ios_Tests.LinkFileList (in target 'vantiq-ui-ios_Tests' from project 'vantiq-ui-ios')
    cd /Users/swan/Development/vantiq-ui-ios/Example
    write-file /Users/swan/Development/vantiq-ui-ios/Example/build/vantiq-ui-ios.build/Debug-iphonesimulator/vantiq-ui-ios_Tests.build/Objects-normal/arm64/vantiq-ui-ios_Tests.LinkFileList

WriteAuxiliaryFile /Users/swan/Development/vantiq-ui-ios/Example/build/vantiq-ui-ios.build/Debug-iphonesimulator/vantiq-ui-ios_Tests.build/Objects-normal/arm64/e6072d4f65d7061329687fe24e3d63a7-common-args.resp (in target 'vantiq-ui-ios_Tests' from project 'vantiq-ui-ios')
    cd /Users/swan/Development/vantiq-ui-ios/Example
    write-file /Users/swan/Development/vantiq-ui-ios/Example/build/vantiq-ui-ios.build/Debug-iphonesimulator/vantiq-ui-ios_Tests.build/Objects-normal/arm64/e6072d4f65d7061329687fe24e3d63a7-common-args.resp
'-std=gnu99' -fobjc-arc -fmodules -gmodules '-fmodules-cache-path=/Users/swan/Library/Developer/Xcode/DerivedData/ModuleCache.noindex' -fpascal-strings -O0 -fno-common '-DDEBUG=1' '-DDEBUG=1' '-DCOCOAPODS=1' '-DOBJC_OLD_DISPATCH_PROTOTYPES=0' -g '-fobjc-abi-version=2' -fobjc-legacy-dispatch -iquote /Users/swan/Development/vantiq-ui-ios/Example/build/vantiq-ui-ios.build/Debug-iphonesimulator/vantiq-ui-ios_Tests.build/vantiq-ui-ios_Tests-generated-files.hmap -I/Users/swan/Development/vantiq-ui-ios/Example/build/vantiq-ui-ios.build/Debug-iphonesimulator/vantiq-ui-ios_Tests.build/vantiq-ui-ios_Tests-own-target-headers.hmap -I/Users/swan/Development/vantiq-ui-ios/Example/build/vantiq-ui-ios.build/Debug-iphonesimulator/vantiq-ui-ios_Tests.build/vantiq-ui-ios_Tests-all-non-framework-target-headers.hmap -ivfsoverlay /Users/swan/Development/vantiq-ui-ios/Example/build/vantiq-ui-ios.build/Debug-iphonesimulator/vantiq-ui-ios-12889ee29767ca378cb491cb186b44c5-VFS-iphonesimulator/all-product-headers.yaml -iquote /Users/swan/Development/vantiq-ui-ios/Example/build/vantiq-ui-ios.build/Debug-iphonesimulator/vantiq-ui-ios_Tests.build/vantiq-ui-ios_Tests-project-headers.hmap -I/Users/swan/Development/vantiq-ui-ios/Example/build/Debug-iphonesimulator/include -I/Users/swan/Development/vantiq-ui-ios/Example/build/Debug-iphonesimulator/AppAuth/AppAuth.framework/Headers -I/Users/swan/Development/vantiq-ui-ios/Example/build/Debug-iphonesimulator/Base64/Base64.framework/Headers -I/Users/swan/Development/vantiq-ui-ios/Example/build/Debug-iphonesimulator/JWT/JWT.framework/Headers -I/Users/swan/Development/vantiq-ui-ios/Example/build/Debug-iphonesimulator/vantiq-sdk-ios/vantiq_sdk_ios.framework/Headers -I/Users/swan/Development/vantiq-ui-ios/Example/build/Debug-iphonesimulator/vantiq-ui-ios/vantiq_ui_ios.framework/Headers -I/Users/swan/Development/vantiq-ui-ios/Example/build/vantiq-ui-ios.build/Debug-iphonesimulator/vantiq-ui-ios_Tests.build/DerivedSources-normal/arm64 -I/Users/swan/Development/vantiq-ui-ios/Example/build/vantiq-ui-ios.build/Debug-iphonesimulator/vantiq-ui-ios_Tests.build/DerivedSources/arm64 -I/Users/swan/Development/vantiq-ui-ios/Example/build/vantiq-ui-ios.build/Debug-iphonesimulator/vantiq-ui-ios_Tests.build/DerivedSources -F/Users/swan/Development/vantiq-ui-ios/Example/build/Debug-iphonesimulator -F/Applications/Xcode.app/Contents/Developer/Platforms/iPhoneSimulator.platform/Developer/Library/Frameworks -F/Users/swan/Development/vantiq-ui-ios/Example/build/Debug-iphonesimulator/AppAuth -F/Users/swan/Development/vantiq-ui-ios/Example/build/Debug-iphonesimulator/Base64 -F/Users/swan/Development/vantiq-ui-ios/Example/build/Debug-iphonesimulator/JWT -F/Users/swan/Development/vantiq-ui-ios/Example/build/Debug-iphonesimulator/vantiq-sdk-ios -F/Users/swan/Development/vantiq-ui-ios/Example/build/Debug-iphonesimulator/vantiq-ui-ios -F/Applications/Xcode.app/Contents/Developer/Library/Frameworks -iframework /Applications/Xcode.app/Contents/Developer/Platforms/iPhoneSimulator.platform/Developer/SDKs/iPhoneSimulator26.4.sdk/Developer/Library/Frameworks

MkDir /Users/swan/Development/vantiq-ui-ios/Example/build/Debug-iphonesimulator/Pods_vantiq_ui_ios_Tests.framework (in target 'Pods-vantiq-ui-ios_Tests' from project 'Pods')
    cd /Users/swan/Development/vantiq-ui-ios/Example/Pods
    /bin/mkdir -p /Users/swan/Development/vantiq-ui-ios/Example/build/Debug-iphonesimulator/Pods_vantiq_ui_ios_Tests.framework

WriteAuxiliaryFile /Users/swan/Development/vantiq-ui-ios/Example/build/Pods.build/Debug-iphonesimulator/Pods-vantiq-ui-ios_Tests.build/DerivedSources/Pods_vantiq_ui_ios_Tests_vers.c (in target 'Pods-vantiq-ui-ios_Tests' from project 'Pods')
    cd /Users/swan/Development/vantiq-ui-ios/Example/Pods
    write-file /Users/swan/Development/vantiq-ui-ios/Example/build/Pods.build/Debug-iphonesimulator/Pods-vantiq-ui-ios_Tests.build/DerivedSources/Pods_vantiq_ui_ios_Tests_vers.c

WriteAuxiliaryFile /Users/swan/Development/vantiq-ui-ios/Example/build/Pods.build/Debug-iphonesimulator/Pods-vantiq-ui-ios_Tests.build/Objects-normal/arm64/e6072d4f65d7061329687fe24e3d63a7-common-args.resp (in target 'Pods-vantiq-ui-ios_Tests' from project 'Pods')
    cd /Users/swan/Development/vantiq-ui-ios/Example/Pods
    write-file /Users/swan/Development/vantiq-ui-ios/Example/build/Pods.build/Debug-iphonesimulator/Pods-vantiq-ui-ios_Tests.build/Objects-normal/arm64/e6072d4f65d7061329687fe24e3d63a7-common-args.resp
'-std=gnu11' -fobjc-arc -fmodules -gmodules '-fmodules-cache-path=/Users/swan/Library/Developer/Xcode/DerivedData/ModuleCache.noindex' '-fmodule-name=Pods_vantiq_ui_ios_Tests' -fpascal-strings -O0 -fno-common '-DPOD_CONFIGURATION_DEBUG=1' '-DDEBUG=1' '-DCOCOAPODS=1' '-DOBJC_OLD_DISPATCH_PROTOTYPES=0' -g '-fobjc-abi-version=2' -fobjc-legacy-dispatch -iquote /Users/swan/Development/vantiq-ui-ios/Example/build/Pods.build/Debug-iphonesimulator/Pods-vantiq-ui-ios_Tests.build/Pods_vantiq_ui_ios_Tests-generated-files.hmap -I/Users/swan/Development/vantiq-ui-ios/Example/build/Pods.build/Debug-iphonesimulator/Pods-vantiq-ui-ios_Tests.build/Pods_vantiq_ui_ios_Tests-own-target-headers.hmap -I/Users/swan/Development/vantiq-ui-ios/Example/build/Pods.build/Debug-iphonesimulator/Pods-vantiq-ui-ios_Tests.build/Pods_vantiq_ui_ios_Tests-all-non-framework-target-headers.hmap -ivfsoverlay /Users/swan/Development/vantiq-ui-ios/Example/build/Pods.build/Debug-iphonesimulator/Pods-8699adb1dd336b26511df848a716bd42-VFS-iphonesimulator/all-product-headers.yaml -iquote /Users/swan/Development/vantiq-ui-ios/Example/build/Pods.build/Debug-iphonesimulator/Pods-vantiq-ui-ios_Tests.build/Pods_vantiq_ui_ios_Tests-project-headers.hmap -I/Users/swan/Development/vantiq-ui-ios/Example/build/Debug-iphonesimulator/include -I/Users/swan/Development/vantiq-ui-ios/Example/build/Debug-iphonesimulator/AppAuth/AppAuth.framework/Headers -I/Users/swan/Development/vantiq-ui-ios/Example/build/Debug-iphonesimulator/Base64/Base64.framework/Headers -I/Users/swan/Development/vantiq-ui-ios/Example/build/Debug-iphonesimulator/JWT/JWT.framework/Headers -I/Users/swan/Development/vantiq-ui-ios/Example/build/Debug-iphonesimulator/vantiq-sdk-ios/vantiq_sdk_ios.framework/Headers -I/Users/swan/Development/vantiq-ui-ios/Example/build/Debug-iphonesimulator/vantiq-ui-ios/vantiq_ui_ios.framework/Headers -I/Users/swan/Development/vantiq-ui-ios/Example/build/Pods.build/Debug-iphonesimulator/Pods-vantiq-ui-ios_Tests.build/DerivedSources-normal/arm64 -I/Users/swan/Development/vantiq-ui-ios/Example/build/Pods.build/Debug-iphonesimulator/Pods-vantiq-ui-ios_Tests.build/DerivedSources/arm64 -I/Users/swan/Development/vantiq-ui-ios/Example/build/Pods.build/Debug-iphonesimulator/Pods-vantiq-ui-ios_Tests.build/DerivedSources -F/Users/swan/Development/vantiq-ui-ios/Example/build/Debug-iphonesimulator -F/Users/swan/Development/vantiq-ui-ios/Example/build/Debug-iphonesimulator/AppAuth -F/Users/swan/Development/vantiq-ui-ios/Example/build/Debug-iphonesimulator/Base64 -F/Users/swan/Development/vantiq-ui-ios/Example/build/Debug-iphonesimulator/JWT -F/Users/swan/Development/vantiq-ui-ios/Example/build/Debug-iphonesimulator/vantiq-sdk-ios -F/Users/swan/Development/vantiq-ui-ios/Example/build/Debug-iphonesimulator/vantiq-ui-ios

ProcessProductPackaging /Users/swan/Development/vantiq-ui-ios/Example/vantiq-ui-ios_Example.entitlements /Users/swan/Development/vantiq-ui-ios/Example/build/vantiq-ui-ios.build/Debug-iphonesimulator/vantiq-ui-ios_Example.build/vantiq-ui-ios_Example.app.xcent (in target 'vantiq-ui-ios_Example' from project 'vantiq-ui-ios')
    cd /Users/swan/Development/vantiq-ui-ios/Example
    
    Entitlements:
    
    {
}
    
    builtin-productPackagingUtility /Users/swan/Development/vantiq-ui-ios/Example/vantiq-ui-ios_Example.entitlements -entitlements -format xml -o /Users/swan/Development/vantiq-ui-ios/Example/build/vantiq-ui-ios.build/Debug-iphonesimulator/vantiq-ui-ios_Example.build/vantiq-ui-ios_Example.app.xcent

ProcessProductPackaging /Users/swan/Development/vantiq-ui-ios/Example/vantiq-ui-ios_Example.entitlements /Users/swan/Development/vantiq-ui-ios/Example/build/vantiq-ui-ios.build/Debug-iphonesimulator/vantiq-ui-ios_Example.build/vantiq-ui-ios_Example.app-Simulated.xcent (in target 'vantiq-ui-ios_Example' from project 'vantiq-ui-ios')
    cd /Users/swan/Development/vantiq-ui-ios/Example
    
    Entitlements:
    
    {
    "application-identifier" = "7ZQYP2MG97.com.vantiq.uiexample";
    "aps-environment" = development;
}
    
    builtin-productPackagingUtility /Users/swan/Development/vantiq-ui-ios/Example/vantiq-ui-ios_Example.entitlements -entitlements -format xml -o /Users/swan/Development/vantiq-ui-ios/Example/build/vantiq-ui-ios.build/Debug-iphonesimulator/vantiq-ui-ios_Example.build/vantiq-ui-ios_Example.app-Simulated.xcent

ProcessInfoPlistFile /Users/swan/Development/vantiq-ui-ios/Example/build/Debug-iphonesimulator/vantiq-sdk-ios/vantiq_sdk_ios.framework/Info.plist /Users/swan/Development/vantiq-ui-ios/Example/Pods/Target\ Support\ Files/vantiq-sdk-ios/vantiq-sdk-ios-Info.plist (in target 'vantiq-sdk-ios' from project 'Pods')
    cd /Users/swan/Development/vantiq-ui-ios/Example/Pods
    builtin-infoPlistUtility /Users/swan/Development/vantiq-ui-ios/Example/Pods/Target\ Support\ Files/vantiq-sdk-ios/vantiq-sdk-ios-Info.plist -producttype com.apple.product-type.framework -expandbuildsettings -format binary -platform iphonesimulator -o /Users/swan/Development/vantiq-ui-ios/Example/build/Debug-iphonesimulator/vantiq-sdk-ios/vantiq_sdk_ios.framework/Info.plist

MkDir /Users/swan/Development/vantiq-ui-ios/Example/build/Debug-iphonesimulator/Pods_vantiq_ui_ios_Tests.framework/Headers (in target 'Pods-vantiq-ui-ios_Tests' from project 'Pods')
    cd /Users/swan/Development/vantiq-ui-ios/Example/Pods
    /bin/mkdir -p /Users/swan/Development/vantiq-ui-ios/Example/build/Debug-iphonesimulator/Pods_vantiq_ui_ios_Tests.framework/Headers

WriteAuxiliaryFile /Users/swan/Development/vantiq-ui-ios/Example/build/Pods.build/Debug-iphonesimulator/Pods-vantiq-ui-ios_Tests.build/Objects-normal/arm64/Pods_vantiq_ui_ios_Tests.LinkFileList (in target 'Pods-vantiq-ui-ios_Tests' from project 'Pods')
    cd /Users/swan/Development/vantiq-ui-ios/Example/Pods
    write-file /Users/swan/Development/vantiq-ui-ios/Example/build/Pods.build/Debug-iphonesimulator/Pods-vantiq-ui-ios_Tests.build/Objects-normal/arm64/Pods_vantiq_ui_ios_Tests.LinkFileList

WriteAuxiliaryFile /Users/swan/Development/vantiq-ui-ios/Example/build/Pods.build/Debug-iphonesimulator/Pods-vantiq-ui-ios_Tests.build/Objects-normal/arm64/7187679823f38a2a940e0043cdf9d637-common-args.resp (in target 'Pods-vantiq-ui-ios_Tests' from project 'Pods')
    cd /Users/swan/Development/vantiq-ui-ios/Example/Pods
    write-file /Users/swan/Development/vantiq-ui-ios/Example/build/Pods.build/Debug-iphonesimulator/Pods-vantiq-ui-ios_Tests.build/Objects-normal/arm64/7187679823f38a2a940e0043cdf9d637-common-args.resp
'-std=gnu11' -fmodules -gmodules '-fmodules-cache-path=/Users/swan/Library/Developer/Xcode/DerivedData/ModuleCache.noindex' '-fmodule-name=Pods_vantiq_ui_ios_Tests' -fpascal-strings -O0 -fno-common '-DPOD_CONFIGURATION_DEBUG=1' '-DDEBUG=1' '-DCOCOAPODS=1' -g -iquote /Users/swan/Development/vantiq-ui-ios/Example/build/Pods.build/Debug-iphonesimulator/Pods-vantiq-ui-ios_Tests.build/Pods_vantiq_ui_ios_Tests-generated-files.hmap -I/Users/swan/Development/vantiq-ui-ios/Example/build/Pods.build/Debug-iphonesimulator/Pods-vantiq-ui-ios_Tests.build/Pods_vantiq_ui_ios_Tests-own-target-headers.hmap -I/Users/swan/Development/vantiq-ui-ios/Example/build/Pods.build/Debug-iphonesimulator/Pods-vantiq-ui-ios_Tests.build/Pods_vantiq_ui_ios_Tests-all-non-framework-target-headers.hmap -ivfsoverlay /Users/swan/Development/vantiq-ui-ios/Example/build/Pods.build/Debug-iphonesimulator/Pods-8699adb1dd336b26511df848a716bd42-VFS-iphonesimulator/all-product-headers.yaml -iquote /Users/swan/Development/vantiq-ui-ios/Example/build/Pods.build/Debug-iphonesimulator/Pods-vantiq-ui-ios_Tests.build/Pods_vantiq_ui_ios_Tests-project-headers.hmap -I/Users/swan/Development/vantiq-ui-ios/Example/build/Debug-iphonesimulator/include -I/Users/swan/Development/vantiq-ui-ios/Example/build/Debug-iphonesimulator/AppAuth/AppAuth.framework/Headers -I/Users/swan/Development/vantiq-ui-ios/Example/build/Debug-iphonesimulator/Base64/Base64.framework/Headers -I/Users/swan/Development/vantiq-ui-ios/Example/build/Debug-iphonesimulator/JWT/JWT.framework/Headers -I/Users/swan/Development/vantiq-ui-ios/Example/build/Debug-iphonesimulator/vantiq-sdk-ios/vantiq_sdk_ios.framework/Headers -I/Users/swan/Development/vantiq-ui-ios/Example/build/Debug-iphonesimulator/vantiq-ui-ios/vantiq_ui_ios.framework/Headers -I/Users/swan/Development/vantiq-ui-ios/Example/build/Pods.build/Debug-iphonesimulator/Pods-vantiq-ui-ios_Tests.build/DerivedSources-normal/arm64 -I/Users/swan/Development/vantiq-ui-ios/Example/build/Pods.build/Debug-iphonesimulator/Pods-vantiq-ui-ios_Tests.build/DerivedSources/arm64 -I/Users/swan/Development/vantiq-ui-ios/Example/build/Pods.build/Debug-iphonesimulator/Pods-vantiq-ui-ios_Tests.build/DerivedSources -F/Users/swan/Development/vantiq-ui-ios/Example/build/Debug-iphonesimulator -F/Users/swan/Development/vantiq-ui-ios/Example/build/Debug-iphonesimulator/AppAuth -F/Users/swan/Development/vantiq-ui-ios/Example/build/Debug-iphonesimulator/Base64 -F/Users/swan/Development/vantiq-ui-ios/Example/build/Debug-iphonesimulator/JWT -F/Users/swan/Development/vantiq-ui-ios/Example/build/Debug-iphonesimulator/vantiq-sdk-ios -F/Users/swan/Development/vantiq-ui-ios/Example/build/Debug-iphonesimulator/vantiq-ui-ios

CpHeader /Users/swan/Development/vantiq-ui-ios/Example/build/Debug-iphonesimulator/Pods_vantiq_ui_ios_Tests.framework/Headers/Pods-vantiq-ui-ios_Tests-umbrella.h /Users/swan/Development/vantiq-ui-ios/Example/Pods/Target\ Support\ Files/Pods-vantiq-ui-ios_Tests/Pods-vantiq-ui-ios_Tests-umbrella.h (in target 'Pods-vantiq-ui-ios_Tests' from project 'Pods')
    cd /Users/swan/Development/vantiq-ui-ios/Example/Pods
    builtin-copy -exclude .DS_Store -exclude CVS -exclude .svn -exclude .git -exclude .hg -resolve-src-symlinks /Users/swan/Development/vantiq-ui-ios/Example/Pods/Target\ Support\ Files/Pods-vantiq-ui-ios_Tests/Pods-vantiq-ui-ios_Tests-umbrella.h /Users/swan/Development/vantiq-ui-ios/Example/build/Debug-iphonesimulator/Pods_vantiq_ui_ios_Tests.framework/Headers

ProcessInfoPlistFile /Users/swan/Development/vantiq-ui-ios/Example/build/Debug-iphonesimulator/Base64/Base64.framework/Info.plist /Users/swan/Development/vantiq-ui-ios/Example/Pods/Target\ Support\ Files/Base64/Base64-Info.plist (in target 'Base64' from project 'Pods')
    cd /Users/swan/Development/vantiq-ui-ios/Example/Pods
    builtin-infoPlistUtility /Users/swan/Development/vantiq-ui-ios/Example/Pods/Target\ Support\ Files/Base64/Base64-Info.plist -producttype com.apple.product-type.framework -expandbuildsettings -format binary -platform iphonesimulator -o /Users/swan/Development/vantiq-ui-ios/Example/build/Debug-iphonesimulator/Base64/Base64.framework/Info.plist

ProcessInfoPlistFile /Users/swan/Development/vantiq-ui-ios/Example/build/Debug-iphonesimulator/AppAuth/AppAuthCore_Privacy.bundle/Info.plist /Users/swan/Development/vantiq-ui-ios/Example/Pods/Target\ Support\ Files/AppAuth/ResourceBundle-AppAuthCore_Privacy-AppAuth-Info.plist (in target 'AppAuth-AppAuthCore_Privacy' from project 'Pods')
    cd /Users/swan/Development/vantiq-ui-ios/Example/Pods
    builtin-infoPlistUtility /Users/swan/Development/vantiq-ui-ios/Example/Pods/Target\ Support\ Files/AppAuth/ResourceBundle-AppAuthCore_Privacy-AppAuth-Info.plist -producttype com.apple.product-type.bundle -expandbuildsettings -format binary -platform iphonesimulator -o /Users/swan/Development/vantiq-ui-ios/Example/build/Debug-iphonesimulator/AppAuth/AppAuthCore_Privacy.bundle/Info.plist

ProcessProductPackagingDER /Users/swan/Development/vantiq-ui-ios/Example/build/vantiq-ui-ios.build/Debug-iphonesimulator/vantiq-ui-ios_Example.build/vantiq-ui-ios_Example.app.xcent /Users/swan/Development/vantiq-ui-ios/Example/build/vantiq-ui-ios.build/Debug-iphonesimulator/vantiq-ui-ios_Example.build/vantiq-ui-ios_Example.app.xcent.der (in target 'vantiq-ui-ios_Example' from project 'vantiq-ui-ios')
    cd /Users/swan/Development/vantiq-ui-ios/Example
    /usr/bin/derq query -f xml -i /Users/swan/Development/vantiq-ui-ios/Example/build/vantiq-ui-ios.build/Debug-iphonesimulator/vantiq-ui-ios_Example.build/vantiq-ui-ios_Example.app.xcent -o /Users/swan/Development/vantiq-ui-ios/Example/build/vantiq-ui-ios.build/Debug-iphonesimulator/vantiq-ui-ios_Example.build/vantiq-ui-ios_Example.app.xcent.der --raw

ProcessProductPackagingDER /Users/swan/Development/vantiq-ui-ios/Example/build/vantiq-ui-ios.build/Debug-iphonesimulator/vantiq-ui-ios_Example.build/vantiq-ui-ios_Example.app-Simulated.xcent /Users/swan/Development/vantiq-ui-ios/Example/build/vantiq-ui-ios.build/Debug-iphonesimulator/vantiq-ui-ios_Example.build/vantiq-ui-ios_Example.app-Simulated.xcent.der (in target 'vantiq-ui-ios_Example' from project 'vantiq-ui-ios')
    cd /Users/swan/Development/vantiq-ui-ios/Example
    /usr/bin/derq query -f xml -i /Users/swan/Development/vantiq-ui-ios/Example/build/vantiq-ui-ios.build/Debug-iphonesimulator/vantiq-ui-ios_Example.build/vantiq-ui-ios_Example.app-Simulated.xcent -o /Users/swan/Development/vantiq-ui-ios/Example/build/vantiq-ui-ios.build/Debug-iphonesimulator/vantiq-ui-ios_Example.build/vantiq-ui-ios_Example.app-Simulated.xcent.der --raw

Copy /Users/swan/Development/vantiq-ui-ios/Example/build/Debug-iphonesimulator/Pods_vantiq_ui_ios_Tests.framework/Modules/module.modulemap /Users/swan/Development/vantiq-ui-ios/Example/build/Pods.build/Debug-iphonesimulator/Pods-vantiq-ui-ios_Tests.build/module.modulemap (in target 'Pods-vantiq-ui-ios_Tests' from project 'Pods')
    cd /Users/swan/Development/vantiq-ui-ios/Example/Pods
    builtin-copy -exclude .DS_Store -exclude CVS -exclude .svn -exclude .git -exclude .hg -resolve-src-symlinks /Users/swan/Development/vantiq-ui-ios/Example/build/Pods.build/Debug-iphonesimulator/Pods-vantiq-ui-ios_Tests.build/module.modulemap /Users/swan/Development/vantiq-ui-ios/Example/build/Debug-iphonesimulator/Pods_vantiq_ui_ios_Tests.framework/Modules

ProcessInfoPlistFile /Users/swan/Development/vantiq-ui-ios/Example/build/Debug-iphonesimulator/AppAuth/AppAuth.framework/Info.plist /Users/swan/Development/vantiq-ui-ios/Example/Pods/Target\ Support\ Files/AppAuth/AppAuth-Info.plist (in target 'AppAuth' from project 'Pods')
    cd /Users/swan/Development/vantiq-ui-ios/Example/Pods
    builtin-infoPlistUtility /Users/swan/Development/vantiq-ui-ios/Example/Pods/Target\ Support\ Files/AppAuth/AppAuth-Info.plist -producttype com.apple.product-type.framework -expandbuildsettings -format binary -platform iphonesimulator -o /Users/swan/Development/vantiq-ui-ios/Example/build/Debug-iphonesimulator/AppAuth/AppAuth.framework/Info.plist

CpResource /Users/swan/Development/vantiq-ui-ios/Example/build/Debug-iphonesimulator/AppAuth/AppAuth.framework/AppAuthCore_Privacy.bundle /Users/swan/Development/vantiq-ui-ios/Example/build/Debug-iphonesimulator/AppAuth/AppAuthCore_Privacy.bundle (in target 'AppAuth' from project 'Pods')
    cd /Users/swan/Development/vantiq-ui-ios/Example/Pods
    builtin-copy -exclude .DS_Store -exclude CVS -exclude .svn -exclude .git -exclude .hg -resolve-src-symlinks /Users/swan/Development/vantiq-ui-ios/Example/build/Debug-iphonesimulator/AppAuth/AppAuthCore_Privacy.bundle /Users/swan/Development/vantiq-ui-ios/Example/build/Debug-iphonesimulator/AppAuth/AppAuth.framework

ScanDependencies /Users/swan/Development/vantiq-ui-ios/Example/build/Pods.build/Debug-iphonesimulator/Pods-vantiq-ui-ios_Tests.build/Objects-normal/arm64/Pods-vantiq-ui-ios_Tests-dummy.o /Users/swan/Development/vantiq-ui-ios/Example/Pods/Target\ Support\ Files/Pods-vantiq-ui-ios_Tests/Pods-vantiq-ui-ios_Tests-dummy.m normal arm64 objective-c com.apple.compilers.llvm.clang.1_0.compiler (in target 'Pods-vantiq-ui-ios_Tests' from project 'Pods')
    cd /Users/swan/Development/vantiq-ui-ios/Example/Pods
    
    Using response file: /Users/swan/Development/vantiq-ui-ios/Example/build/Pods.build/Debug-iphonesimulator/Pods-vantiq-ui-ios_Tests.build/Objects-normal/arm64/e6072d4f65d7061329687fe24e3d63a7-common-args.resp
    
    builtin-ScanDependencies -o /Users/swan/Development/vantiq-ui-ios/Example/build/Pods.build/Debug-iphonesimulator/Pods-vantiq-ui-ios_Tests.build/Objects-normal/arm64/Pods-vantiq-ui-ios_Tests-dummy.o.scan -- /Applications/Xcode.app/Contents/Developer/Toolchains/XcodeDefault.xctoolchain/usr/bin/clang -x objective-c -ivfsstatcache /Users/swan/Library/Developer/Xcode/DerivedData/SDKStatCaches.noindex/iphonesimulator26.4-23E237-686eebb5dc1d8ecb277353a59184f4aa.sdkstatcache -target arm64-apple-ios12.0-simulator -fmessage-length\=0 -fdiagnostics-show-note-include-stack -fmacro-backtrace-limit\=0 -fno-color-diagnostics -fmodules-prune-interval\=86400 -fmodules-prune-after\=345600 -fbuild-session-file\=/Users/swan/Library/Developer/Xcode/DerivedData/ModuleCache.noindex/Session.modulevalidation -fmodules-validate-once-per-build-session -Wnon-modular-include-in-framework-module -Werror\=non-modular-include-in-framework-module -Wno-trigraphs -Wno-missing-field-initializers -Wno-missing-prototypes -Werror\=return-type -Wdocumentation -Wunreachable-code -Wno-implicit-atomic-properties -Werror\=deprecated-objc-isa-usage -Wno-objc-interface-ivars -Werror\=objc-root-class -Wno-arc-repeated-use-of-weak -Wimplicit-retain-self -Wduplicate-method-match -Wno-missing-braces -Wparentheses -Wswitch -Wunused-function -Wno-unused-label -Wno-unused-parameter -Wunused-variable -Wunused-value -Wempty-body -Wuninitialized -Wconditional-uninitialized -Wno-unknown-pragmas -Wno-shadow -Wno-four-char-constants -Wno-conversion -Wconstant-conversion -Wint-conversion -Wbool-conversion -Wenum-conversion -Wno-float-conversion -Wnon-literal-null-conversion -Wobjc-literal-conversion -Wshorten-64-to-32 -Wpointer-sign -Wno-newline-eof -Wno-selector -Wno-strict-selector-match -Wundeclared-selector -Wdeprecated-implementations -Wno-implicit-fallthrough -isysroot /Applications/Xcode.app/Contents/Developer/Platforms/iPhoneSimulator.platform/Developer/SDKs/iPhoneSimulator26.4.sdk -fstrict-aliasing -Wprotocol -Wdeprecated-declarations -Wno-sign-conversion -Winfinite-recursion -Wcomma -Wblock-capture-autoreleasing -Wstrict-prototypes -Wno-semicolon-before-method-body -Wunguarded-availability -index-store-path /Users/swan/Library/Developer/Xcode/DerivedData/vantiq-ui-ios-gueetvuzmuxrbegsztzkuatnhugx/Index.noindex/DataStore @/Users/swan/Development/vantiq-ui-ios/Example/build/Pods.build/Debug-iphonesimulator/Pods-vantiq-ui-ios_Tests.build/Objects-normal/arm64/e6072d4f65d7061329687fe24e3d63a7-common-args.resp -MMD -MT dependencies -MF /Users/swan/Development/vantiq-ui-ios/Example/build/Pods.build/Debug-iphonesimulator/Pods-vantiq-ui-ios_Tests.build/Objects-normal/arm64/Pods-vantiq-ui-ios_Tests-dummy.d --serialize-diagnostics /Users/swan/Development/vantiq-ui-ios/Example/build/Pods.build/Debug-iphonesimulator/Pods-vantiq-ui-ios_Tests.build/Objects-normal/arm64/Pods-vantiq-ui-ios_Tests-dummy.dia -c /Users/swan/Development/vantiq-ui-ios/Example/Pods/Target\ Support\ Files/Pods-vantiq-ui-ios_Tests/Pods-vantiq-ui-ios_Tests-dummy.m -o /Users/swan/Development/vantiq-ui-ios/Example/build/Pods.build/Debug-iphonesimulator/Pods-vantiq-ui-ios_Tests.build/Objects-normal/arm64/Pods-vantiq-ui-ios_Tests-dummy.o -index-unit-output-path /Pods.build/Debug-iphonesimulator/Pods-vantiq-ui-ios_Tests.build/Objects-normal/arm64/Pods-vantiq-ui-ios_Tests-dummy.o

ScanDependencies /Users/swan/Development/vantiq-ui-ios/Example/build/Pods.build/Debug-iphonesimulator/Pods-vantiq-ui-ios_Tests.build/Objects-normal/arm64/Pods_vantiq_ui_ios_Tests_vers.o /Users/swan/Development/vantiq-ui-ios/Example/build/Pods.build/Debug-iphonesimulator/Pods-vantiq-ui-ios_Tests.build/DerivedSources/Pods_vantiq_ui_ios_Tests_vers.c normal arm64 c com.apple.compilers.llvm.clang.1_0.compiler (in target 'Pods-vantiq-ui-ios_Tests' from project 'Pods')
    cd /Users/swan/Development/vantiq-ui-ios/Example/Pods
    
    Using response file: /Users/swan/Development/vantiq-ui-ios/Example/build/Pods.build/Debug-iphonesimulator/Pods-vantiq-ui-ios_Tests.build/Objects-normal/arm64/7187679823f38a2a940e0043cdf9d637-common-args.resp
    
    builtin-ScanDependencies -o /Users/swan/Development/vantiq-ui-ios/Example/build/Pods.build/Debug-iphonesimulator/Pods-vantiq-ui-ios_Tests.build/Objects-normal/arm64/Pods_vantiq_ui_ios_Tests_vers.o.scan -- /Applications/Xcode.app/Contents/Developer/Toolchains/XcodeDefault.xctoolchain/usr/bin/clang -x c -ivfsstatcache /Users/swan/Library/Developer/Xcode/DerivedData/SDKStatCaches.noindex/iphonesimulator26.4-23E237-686eebb5dc1d8ecb277353a59184f4aa.sdkstatcache -target arm64-apple-ios12.0-simulator -fmessage-length\=0 -fdiagnostics-show-note-include-stack -fmacro-backtrace-limit\=0 -fno-color-diagnostics -fmodules-prune-interval\=86400 -fmodules-prune-after\=345600 -fbuild-session-file\=/Users/swan/Library/Developer/Xcode/DerivedData/ModuleCache.noindex/Session.modulevalidation -fmodules-validate-once-per-build-session -Wnon-modular-include-in-framework-module -Werror\=non-modular-include-in-framework-module -Wno-trigraphs -Wno-missing-field-initializers -Wno-missing-prototypes -Werror\=return-type -Wdocumentation -Wunreachable-code -Werror\=deprecated-objc-isa-usage -Werror\=objc-root-class -Wno-missing-braces -Wparentheses -Wswitch -Wunused-function -Wno-unused-label -Wno-unused-parameter -Wunused-variable -Wunused-value -Wempty-body -Wuninitialized -Wconditional-uninitialized -Wno-unknown-pragmas -Wno-shadow -Wno-four-char-constants -Wno-conversion -Wconstant-conversion -Wint-conversion -Wbool-conversion -Wenum-conversion -Wno-float-conversion -Wnon-literal-null-conversion -Wobjc-literal-conversion -Wshorten-64-to-32 -Wpointer-sign -Wno-newline-eof -Wno-implicit-fallthrough -isysroot /Applications/Xcode.app/Contents/Developer/Platforms/iPhoneSimulator.platform/Developer/SDKs/iPhoneSimulator26.4.sdk -fstrict-aliasing -Wdeprecated-declarations -Wno-sign-conversion -Winfinite-recursion -Wcomma -Wblock-capture-autoreleasing -Wstrict-prototypes -Wno-semicolon-before-method-body -Wunguarded-availability -index-store-path /Users/swan/Library/Developer/Xcode/DerivedData/vantiq-ui-ios-gueetvuzmuxrbegsztzkuatnhugx/Index.noindex/DataStore @/Users/swan/Development/vantiq-ui-ios/Example/build/Pods.build/Debug-iphonesimulator/Pods-vantiq-ui-ios_Tests.build/Objects-normal/arm64/7187679823f38a2a940e0043cdf9d637-common-args.resp -MMD -MT dependencies -MF /Users/swan/Development/vantiq-ui-ios/Example/build/Pods.build/Debug-iphonesimulator/Pods-vantiq-ui-ios_Tests.build/Objects-normal/arm64/Pods_vantiq_ui_ios_Tests_vers.d --serialize-diagnostics /Users/swan/Development/vantiq-ui-ios/Example/build/Pods.build/Debug-iphonesimulator/Pods-vantiq-ui-ios_Tests.build/Objects-normal/arm64/Pods_vantiq_ui_ios_Tests_vers.dia -c /Users/swan/Development/vantiq-ui-ios/Example/build/Pods.build/Debug-iphonesimulator/Pods-vantiq-ui-ios_Tests.build/DerivedSources/Pods_vantiq_ui_ios_Tests_vers.c -o /Users/swan/Development/vantiq-ui-ios/Example/build/Pods.build/Debug-iphonesimulator/Pods-vantiq-ui-ios_Tests.build/Objects-normal/arm64/Pods_vantiq_ui_ios_Tests_vers.o -index-unit-output-path /Pods.build/Debug-iphonesimulator/Pods-vantiq-ui-ios_Tests.build/Objects-normal/arm64/Pods_vantiq_ui_ios_Tests_vers.o

CodeSign /Users/swan/Development/vantiq-ui-ios/Example/build/Debug-iphonesimulator/AppAuth/AppAuth.framework (in target 'AppAuth' from project 'Pods')
    cd /Users/swan/Development/vantiq-ui-ios/Example/Pods
    
    Signing Identity:     "Sign to Run Locally"
    
    /usr/bin/codesign --force --sign - --timestamp\=none --generate-entitlement-der /Users/swan/Development/vantiq-ui-ios/Example/build/Debug-iphonesimulator/AppAuth/AppAuth.framework
/Users/swan/Development/vantiq-ui-ios/Example/build/Debug-iphonesimulator/AppAuth/AppAuth.framework: replacing existing signature

ProcessInfoPlistFile /Users/swan/Development/vantiq-ui-ios/Example/build/Debug-iphonesimulator/JWT/JWT.framework/Info.plist /Users/swan/Development/vantiq-ui-ios/Example/Pods/Target\ Support\ Files/JWT/JWT-Info.plist (in target 'JWT' from project 'Pods')
    cd /Users/swan/Development/vantiq-ui-ios/Example/Pods
    builtin-infoPlistUtility /Users/swan/Development/vantiq-ui-ios/Example/Pods/Target\ Support\ Files/JWT/JWT-Info.plist -producttype com.apple.product-type.framework -expandbuildsettings -format binary -platform iphonesimulator -o /Users/swan/Development/vantiq-ui-ios/Example/build/Debug-iphonesimulator/JWT/JWT.framework/Info.plist

CompileC /Users/swan/Development/vantiq-ui-ios/Example/build/Pods.build/Debug-iphonesimulator/Pods-vantiq-ui-ios_Tests.build/Objects-normal/arm64/Pods_vantiq_ui_ios_Tests_vers.o /Users/swan/Development/vantiq-ui-ios/Example/build/Pods.build/Debug-iphonesimulator/Pods-vantiq-ui-ios_Tests.build/DerivedSources/Pods_vantiq_ui_ios_Tests_vers.c normal arm64 c com.apple.compilers.llvm.clang.1_0.compiler (in target 'Pods-vantiq-ui-ios_Tests' from project 'Pods')
    cd /Users/swan/Development/vantiq-ui-ios/Example/Pods
    
    Using response file: /Users/swan/Development/vantiq-ui-ios/Example/build/Pods.build/Debug-iphonesimulator/Pods-vantiq-ui-ios_Tests.build/Objects-normal/arm64/7187679823f38a2a940e0043cdf9d637-common-args.resp
    
    /Applications/Xcode.app/Contents/Developer/Toolchains/XcodeDefault.xctoolchain/usr/bin/clang -x c -ivfsstatcache /Users/swan/Library/Developer/Xcode/DerivedData/SDKStatCaches.noindex/iphonesimulator26.4-23E237-686eebb5dc1d8ecb277353a59184f4aa.sdkstatcache -target arm64-apple-ios12.0-simulator -fmessage-length\=0 -fdiagnostics-show-note-include-stack -fmacro-backtrace-limit\=0 -fno-color-diagnostics -fmodules-prune-interval\=86400 -fmodules-prune-after\=345600 -fbuild-session-file\=/Users/swan/Library/Developer/Xcode/DerivedData/ModuleCache.noindex/Session.modulevalidation -fmodules-validate-once-per-build-session -Wnon-modular-include-in-framework-module -Werror\=non-modular-include-in-framework-module -Wno-trigraphs -Wno-missing-field-initializers -Wno-missing-prototypes -Werror\=return-type -Wdocumentation -Wunreachable-code -Werror\=deprecated-objc-isa-usage -Werror\=objc-root-class -Wno-missing-braces -Wparentheses -Wswitch -Wunused-function -Wno-unused-label -Wno-unused-parameter -Wunused-variable -Wunused-value -Wempty-body -Wuninitialized -Wconditional-uninitialized -Wno-unknown-pragmas -Wno-shadow -Wno-four-char-constants -Wno-conversion -Wconstant-conversion -Wint-conversion -Wbool-conversion -Wenum-conversion -Wno-float-conversion -Wnon-literal-null-conversion -Wobjc-literal-conversion -Wshorten-64-to-32 -Wpointer-sign -Wno-newline-eof -Wno-implicit-fallthrough -isysroot /Applications/Xcode.app/Contents/Developer/Platforms/iPhoneSimulator.platform/Developer/SDKs/iPhoneSimulator26.4.sdk -fstrict-aliasing -Wdeprecated-declarations -Wno-sign-conversion -Winfinite-recursion -Wcomma -Wblock-capture-autoreleasing -Wstrict-prototypes -Wno-semicolon-before-method-body -Wunguarded-availability -index-store-path /Users/swan/Library/Developer/Xcode/DerivedData/vantiq-ui-ios-gueetvuzmuxrbegsztzkuatnhugx/Index.noindex/DataStore @/Users/swan/Development/vantiq-ui-ios/Example/build/Pods.build/Debug-iphonesimulator/Pods-vantiq-ui-ios_Tests.build/Objects-normal/arm64/7187679823f38a2a940e0043cdf9d637-common-args.resp -MMD -MT dependencies -MF /Users/swan/Development/vantiq-ui-ios/Example/build/Pods.build/Debug-iphonesimulator/Pods-vantiq-ui-ios_Tests.build/Objects-normal/arm64/Pods_vantiq_ui_ios_Tests_vers.d --serialize-diagnostics /Users/swan/Development/vantiq-ui-ios/Example/build/Pods.build/Debug-iphonesimulator/Pods-vantiq-ui-ios_Tests.build/Objects-normal/arm64/Pods_vantiq_ui_ios_Tests_vers.dia -c /Users/swan/Development/vantiq-ui-ios/Example/build/Pods.build/Debug-iphonesimulator/Pods-vantiq-ui-ios_Tests.build/DerivedSources/Pods_vantiq_ui_ios_Tests_vers.c -o /Users/swan/Development/vantiq-ui-ios/Example/build/Pods.build/Debug-iphonesimulator/Pods-vantiq-ui-ios_Tests.build/Objects-normal/arm64/Pods_vantiq_ui_ios_Tests_vers.o -index-unit-output-path /Pods.build/Debug-iphonesimulator/Pods-vantiq-ui-ios_Tests.build/Objects-normal/arm64/Pods_vantiq_ui_ios_Tests_vers.o

ProcessInfoPlistFile /Users/swan/Development/vantiq-ui-ios/Example/build/Debug-iphonesimulator/vantiq-ui-ios/vantiq_ui_ios.framework/Info.plist /Users/swan/Development/vantiq-ui-ios/Example/Pods/Target\ Support\ Files/vantiq-ui-ios/vantiq-ui-ios-Info.plist (in target 'vantiq-ui-ios' from project 'Pods')
    cd /Users/swan/Development/vantiq-ui-ios/Example/Pods
    builtin-infoPlistUtility /Users/swan/Development/vantiq-ui-ios/Example/Pods/Target\ Support\ Files/vantiq-ui-ios/vantiq-ui-ios-Info.plist -producttype com.apple.product-type.framework -expandbuildsettings -format binary -platform iphonesimulator -o /Users/swan/Development/vantiq-ui-ios/Example/build/Debug-iphonesimulator/vantiq-ui-ios/vantiq_ui_ios.framework/Info.plist

ProcessInfoPlistFile /Users/swan/Development/vantiq-ui-ios/Example/build/Debug-iphonesimulator/Pods_vantiq_ui_ios_Example.framework/Info.plist /Users/swan/Development/vantiq-ui-ios/Example/Pods/Target\ Support\ Files/Pods-vantiq-ui-ios_Example/Pods-vantiq-ui-ios_Example-Info.plist (in target 'Pods-vantiq-ui-ios_Example' from project 'Pods')
    cd /Users/swan/Development/vantiq-ui-ios/Example/Pods
    builtin-infoPlistUtility /Users/swan/Development/vantiq-ui-ios/Example/Pods/Target\ Support\ Files/Pods-vantiq-ui-ios_Example/Pods-vantiq-ui-ios_Example-Info.plist -producttype com.apple.product-type.framework -expandbuildsettings -format binary -platform iphonesimulator -o /Users/swan/Development/vantiq-ui-ios/Example/build/Debug-iphonesimulator/Pods_vantiq_ui_ios_Example.framework/Info.plist

Copy /Users/swan/Development/vantiq-ui-ios/Example/build/Debug-iphonesimulator/vantiq-ui-ios_Example.app/Frameworks/libXCTestSwiftSupport.dylib /Applications/Xcode.app/Contents/Developer/Platforms/iPhoneSimulator.platform/Developer/usr/lib/libXCTestSwiftSupport.dylib (in target 'vantiq-ui-ios_Example' from project 'vantiq-ui-ios')
    cd /Users/swan/Development/vantiq-ui-ios/Example
    builtin-copy -exclude .DS_Store -exclude CVS -exclude .svn -exclude .git -exclude .hg -exclude Headers -exclude PrivateHeaders -exclude Modules -exclude \*.tbd -resolve-src-symlinks /Applications/Xcode.app/Contents/Developer/Platforms/iPhoneSimulator.platform/Developer/usr/lib/libXCTestSwiftSupport.dylib /Users/swan/Development/vantiq-ui-ios/Example/build/Debug-iphonesimulator/vantiq-ui-ios_Example.app/Frameworks

Copy /Users/swan/Development/vantiq-ui-ios/Example/build/Debug-iphonesimulator/vantiq-ui-ios_Example.app/Frameworks/libXCTestBundleInject.dylib /Applications/Xcode.app/Contents/Developer/Platforms/iPhoneSimulator.platform/Developer/usr/lib/libXCTestBundleInject.dylib (in target 'vantiq-ui-ios_Example' from project 'vantiq-ui-ios')
    cd /Users/swan/Development/vantiq-ui-ios/Example
    builtin-copy -exclude .DS_Store -exclude CVS -exclude .svn -exclude .git -exclude .hg -exclude Headers -exclude PrivateHeaders -exclude Modules -exclude \*.tbd -resolve-src-symlinks /Applications/Xcode.app/Contents/Developer/Platforms/iPhoneSimulator.platform/Developer/usr/lib/libXCTestBundleInject.dylib /Users/swan/Development/vantiq-ui-ios/Example/build/Debug-iphonesimulator/vantiq-ui-ios_Example.app/Frameworks

Copy /Users/swan/Development/vantiq-ui-ios/Example/build/Debug-iphonesimulator/vantiq-ui-ios_Example.app/Frameworks/XCUnit.framework /Applications/Xcode.app/Contents/Developer/Platforms/iPhoneSimulator.platform/Developer/Library/PrivateFrameworks/XCUnit.framework (in target 'vantiq-ui-ios_Example' from project 'vantiq-ui-ios')
    cd /Users/swan/Development/vantiq-ui-ios/Example
    builtin-copy -exclude .DS_Store -exclude CVS -exclude .svn -exclude .git -exclude .hg -exclude Headers -exclude PrivateHeaders -exclude Modules -exclude \*.tbd -resolve-src-symlinks /Applications/Xcode.app/Contents/Developer/Platforms/iPhoneSimulator.platform/Developer/Library/PrivateFrameworks/XCUnit.framework /Users/swan/Development/vantiq-ui-ios/Example/build/Debug-iphonesimulator/vantiq-ui-ios_Example.app/Frameworks

Copy /Users/swan/Development/vantiq-ui-ios/Example/build/Debug-iphonesimulator/vantiq-ui-ios_Example.app/Frameworks/XCUIAutomation.framework /Applications/Xcode.app/Contents/Developer/Platforms/iPhoneSimulator.platform/Developer/Library/Frameworks/XCUIAutomation.framework (in target 'vantiq-ui-ios_Example' from project 'vantiq-ui-ios')
    cd /Users/swan/Development/vantiq-ui-ios/Example
    builtin-copy -exclude .DS_Store -exclude CVS -exclude .svn -exclude .git -exclude .hg -exclude Headers -exclude PrivateHeaders -exclude Modules -exclude \*.tbd -resolve-src-symlinks /Applications/Xcode.app/Contents/Developer/Platforms/iPhoneSimulator.platform/Developer/Library/Frameworks/XCUIAutomation.framework /Users/swan/Development/vantiq-ui-ios/Example/build/Debug-iphonesimulator/vantiq-ui-ios_Example.app/Frameworks

Copy /Users/swan/Development/vantiq-ui-ios/Example/build/Debug-iphonesimulator/vantiq-ui-ios_Example.app/Frameworks/XCTestSupport.framework /Applications/Xcode.app/Contents/Developer/Platforms/iPhoneSimulator.platform/Developer/Library/PrivateFrameworks/XCTestSupport.framework (in target 'vantiq-ui-ios_Example' from project 'vantiq-ui-ios')
    cd /Users/swan/Development/vantiq-ui-ios/Example
    builtin-copy -exclude .DS_Store -exclude CVS -exclude .svn -exclude .git -exclude .hg -exclude Headers -exclude PrivateHeaders -exclude Modules -exclude \*.tbd -resolve-src-symlinks /Applications/Xcode.app/Contents/Developer/Platforms/iPhoneSimulator.platform/Developer/Library/PrivateFrameworks/XCTestSupport.framework /Users/swan/Development/vantiq-ui-ios/Example/build/Debug-iphonesimulator/vantiq-ui-ios_Example.app/Frameworks

Copy /Users/swan/Development/vantiq-ui-ios/Example/build/Debug-iphonesimulator/vantiq-ui-ios_Example.app/Frameworks/XCTestCore.framework /Applications/Xcode.app/Contents/Developer/Platforms/iPhoneSimulator.platform/Developer/Library/PrivateFrameworks/XCTestCore.framework (in target 'vantiq-ui-ios_Example' from project 'vantiq-ui-ios')
    cd /Users/swan/Development/vantiq-ui-ios/Example
    builtin-copy -exclude .DS_Store -exclude CVS -exclude .svn -exclude .git -exclude .hg -exclude Headers -exclude PrivateHeaders -exclude Modules -exclude \*.tbd -resolve-src-symlinks /Applications/Xcode.app/Contents/Developer/Platforms/iPhoneSimulator.platform/Developer/Library/PrivateFrameworks/XCTestCore.framework /Users/swan/Development/vantiq-ui-ios/Example/build/Debug-iphonesimulator/vantiq-ui-ios_Example.app/Frameworks

Copy /Users/swan/Development/vantiq-ui-ios/Example/build/Debug-iphonesimulator/vantiq-ui-ios_Example.app/Frameworks/XCTest.framework /Applications/Xcode.app/Contents/Developer/Platforms/iPhoneSimulator.platform/Developer/Library/Frameworks/XCTest.framework (in target 'vantiq-ui-ios_Example' from project 'vantiq-ui-ios')
    cd /Users/swan/Development/vantiq-ui-ios/Example
    builtin-copy -exclude .DS_Store -exclude CVS -exclude .svn -exclude .git -exclude .hg -exclude Headers -exclude PrivateHeaders -exclude Modules -exclude \*.tbd -resolve-src-symlinks /Applications/Xcode.app/Contents/Developer/Platforms/iPhoneSimulator.platform/Developer/Library/Frameworks/XCTest.framework /Users/swan/Development/vantiq-ui-ios/Example/build/Debug-iphonesimulator/vantiq-ui-ios_Example.app/Frameworks

Copy /Users/swan/Development/vantiq-ui-ios/Example/build/Debug-iphonesimulator/vantiq-ui-ios_Example.app/Frameworks/XCTAutomationSupport.framework /Applications/Xcode.app/Contents/Developer/Platforms/iPhoneSimulator.platform/Developer/Library/PrivateFrameworks/XCTAutomationSupport.framework (in target 'vantiq-ui-ios_Example' from project 'vantiq-ui-ios')
    cd /Users/swan/Development/vantiq-ui-ios/Example
    builtin-copy -exclude .DS_Store -exclude CVS -exclude .svn -exclude .git -exclude .hg -exclude Headers -exclude PrivateHeaders -exclude Modules -exclude \*.tbd -resolve-src-symlinks /Applications/Xcode.app/Contents/Developer/Platforms/iPhoneSimulator.platform/Developer/Library/PrivateFrameworks/XCTAutomationSupport.framework /Users/swan/Development/vantiq-ui-ios/Example/build/Debug-iphonesimulator/vantiq-ui-ios_Example.app/Frameworks

Copy /Users/swan/Development/vantiq-ui-ios/Example/build/Debug-iphonesimulator/vantiq-ui-ios_Example.app/Frameworks/Testing.framework /Applications/Xcode.app/Contents/Developer/Platforms/iPhoneSimulator.platform/Developer/Library/Frameworks/Testing.framework (in target 'vantiq-ui-ios_Example' from project 'vantiq-ui-ios')
    cd /Users/swan/Development/vantiq-ui-ios/Example
    builtin-copy -exclude .DS_Store -exclude CVS -exclude .svn -exclude .git -exclude .hg -exclude Headers -exclude PrivateHeaders -exclude Modules -exclude \*.tbd -resolve-src-symlinks /Applications/Xcode.app/Contents/Developer/Platforms/iPhoneSimulator.platform/Developer/Library/Frameworks/Testing.framework /Users/swan/Development/vantiq-ui-ios/Example/build/Debug-iphonesimulator/vantiq-ui-ios_Example.app/Frameworks

ProcessInfoPlistFile /Users/swan/Development/vantiq-ui-ios/Example/build/Debug-iphonesimulator/Pods_vantiq_ui_ios_Tests.framework/Info.plist /Users/swan/Development/vantiq-ui-ios/Example/Pods/Target\ Support\ Files/Pods-vantiq-ui-ios_Tests/Pods-vantiq-ui-ios_Tests-Info.plist (in target 'Pods-vantiq-ui-ios_Tests' from project 'Pods')
    cd /Users/swan/Development/vantiq-ui-ios/Example/Pods
    builtin-infoPlistUtility /Users/swan/Development/vantiq-ui-ios/Example/Pods/Target\ Support\ Files/Pods-vantiq-ui-ios_Tests/Pods-vantiq-ui-ios_Tests-Info.plist -producttype com.apple.product-type.framework -expandbuildsettings -format binary -platform iphonesimulator -o /Users/swan/Development/vantiq-ui-ios/Example/build/Debug-iphonesimulator/Pods_vantiq_ui_ios_Tests.framework/Info.plist

Ld /Users/swan/Development/vantiq-ui-ios/Example/build/Debug-iphonesimulator/vantiq-ui-ios_Example.app/vantiq-ui-ios_Example normal (in target 'vantiq-ui-ios_Example' from project 'vantiq-ui-ios')
    cd /Users/swan/Development/vantiq-ui-ios/Example
    /Applications/Xcode.app/Contents/Developer/Toolchains/XcodeDefault.xctoolchain/usr/bin/clang -Xlinker -reproducible -target arm64-apple-ios15.6-simulator -isysroot /Applications/Xcode.app/Contents/Developer/Platforms/iPhoneSimulator.platform/Developer/SDKs/iPhoneSimulator26.4.sdk -O0 -L/Users/swan/Development/vantiq-ui-ios/Example/build/EagerLinkingTBDs/Debug-iphonesimulator -L/Users/swan/Development/vantiq-ui-ios/Example/build/Debug-iphonesimulator -F/Users/swan/Development/vantiq-ui-ios/Example/build/EagerLinkingTBDs/Debug-iphonesimulator -F/Users/swan/Development/vantiq-ui-ios/Example/build/Debug-iphonesimulator -F/Users/swan/Development/vantiq-ui-ios/Example/build/Debug-iphonesimulator/AppAuth -F/Users/swan/Development/vantiq-ui-ios/Example/build/Debug-iphonesimulator/Base64 -F/Users/swan/Development/vantiq-ui-ios/Example/build/Debug-iphonesimulator/JWT -F/Users/swan/Development/vantiq-ui-ios/Example/build/Debug-iphonesimulator/vantiq-sdk-ios -F/Users/swan/Development/vantiq-ui-ios/Example/build/Debug-iphonesimulator/vantiq-ui-ios -filelist /Users/swan/Development/vantiq-ui-ios/Example/build/vantiq-ui-ios.build/Debug-iphonesimulator/vantiq-ui-ios_Example.build/Objects-normal/arm64/vantiq-ui-ios_Example.LinkFileList -Xlinker -rpath -Xlinker @executable_path/Frameworks -Xlinker -rpath -Xlinker @loader_path/Frameworks -Xlinker -dead_strip -Xlinker -object_path_lto -Xlinker /Users/swan/Development/vantiq-ui-ios/Example/build/vantiq-ui-ios.build/Debug-iphonesimulator/vantiq-ui-ios_Example.build/Objects-normal/arm64/vantiq-ui-ios_Example_lto.o -rdynamic -Xlinker -no_deduplicate -Xlinker -objc_abi_version -Xlinker 2 -Xlinker -dependency_info -Xlinker /Users/swan/Development/vantiq-ui-ios/Example/build/vantiq-ui-ios.build/Debug-iphonesimulator/vantiq-ui-ios_Example.build/Objects-normal/arm64/vantiq-ui-ios_Example_dependency_info.dat -fobjc-arc -fobjc-link-runtime -framework AppAuth -framework Base64 -framework JWT -framework SafariServices -framework Security -framework vantiq_sdk_ios -framework vantiq_ui_ios -weak_framework AuthenticationServices -Xlinker -sectcreate -Xlinker __TEXT -Xlinker __entitlements -Xlinker /Users/swan/Development/vantiq-ui-ios/Example/build/vantiq-ui-ios.build/Debug-iphonesimulator/vantiq-ui-ios_Example.build/vantiq-ui-ios_Example.app-Simulated.xcent -Xlinker -sectcreate -Xlinker __TEXT -Xlinker __ents_der -Xlinker /Users/swan/Development/vantiq-ui-ios/Example/build/vantiq-ui-ios.build/Debug-iphonesimulator/vantiq-ui-ios_Example.build/vantiq-ui-ios_Example.app-Simulated.xcent.der -framework CoreGraphics -framework UIKit -framework Foundation -framework Pods_vantiq_ui_ios_Example -Xlinker -no_adhoc_codesign -o /Users/swan/Development/vantiq-ui-ios/Example/build/Debug-iphonesimulator/vantiq-ui-ios_Example.app/vantiq-ui-ios_Example

ProcessInfoPlistFile /Users/swan/Development/vantiq-ui-ios/Example/build/Debug-iphonesimulator/vantiq-ui-ios_Example.app/Info.plist /Users/swan/Development/vantiq-ui-ios/Example/vantiq-ui-ios/vantiq-ui-ios-Info.plist (in target 'vantiq-ui-ios_Example' from project 'vantiq-ui-ios')
    cd /Users/swan/Development/vantiq-ui-ios/Example
    builtin-infoPlistUtility /Users/swan/Development/vantiq-ui-ios/Example/vantiq-ui-ios/vantiq-ui-ios-Info.plist -producttype com.apple.product-type.application -genpkginfo /Users/swan/Development/vantiq-ui-ios/Example/build/Debug-iphonesimulator/vantiq-ui-ios_Example.app/PkgInfo -expandbuildsettings -format binary -platform iphonesimulator -additionalcontentfile /Users/swan/Development/vantiq-ui-ios/Example/build/vantiq-ui-ios.build/Debug-iphonesimulator/vantiq-ui-ios_Example.build/Base.lproj/Main-SBPartialInfo.plist -additionalcontentfile /Users/swan/Development/vantiq-ui-ios/Example/build/vantiq-ui-ios.build/Debug-iphonesimulator/vantiq-ui-ios_Example.build/Base.lproj/LaunchScreen-SBPartialInfo.plist -additionalcontentfile /Users/swan/Development/vantiq-ui-ios/Example/build/vantiq-ui-ios.build/Debug-iphonesimulator/vantiq-ui-ios_Example.build/assetcatalog_generated_info.plist -o /Users/swan/Development/vantiq-ui-ios/Example/build/Debug-iphonesimulator/vantiq-ui-ios_Example.app/Info.plist

CompileC /Users/swan/Development/vantiq-ui-ios/Example/build/Pods.build/Debug-iphonesimulator/Pods-vantiq-ui-ios_Tests.build/Objects-normal/arm64/Pods-vantiq-ui-ios_Tests-dummy.o /Users/swan/Development/vantiq-ui-ios/Example/Pods/Target\ Support\ Files/Pods-vantiq-ui-ios_Tests/Pods-vantiq-ui-ios_Tests-dummy.m normal arm64 objective-c com.apple.compilers.llvm.clang.1_0.compiler (in target 'Pods-vantiq-ui-ios_Tests' from project 'Pods')
    cd /Users/swan/Development/vantiq-ui-ios/Example/Pods
    
    Using response file: /Users/swan/Development/vantiq-ui-ios/Example/build/Pods.build/Debug-iphonesimulator/Pods-vantiq-ui-ios_Tests.build/Objects-normal/arm64/e6072d4f65d7061329687fe24e3d63a7-common-args.resp
    
    /Applications/Xcode.app/Contents/Developer/Toolchains/XcodeDefault.xctoolchain/usr/bin/clang -x objective-c -ivfsstatcache /Users/swan/Library/Developer/Xcode/DerivedData/SDKStatCaches.noindex/iphonesimulator26.4-23E237-686eebb5dc1d8ecb277353a59184f4aa.sdkstatcache -target arm64-apple-ios12.0-simulator -fmessage-length\=0 -fdiagnostics-show-note-include-stack -fmacro-backtrace-limit\=0 -fno-color-diagnostics -fmodules-prune-interval\=86400 -fmodules-prune-after\=345600 -fbuild-session-file\=/Users/swan/Library/Developer/Xcode/DerivedData/ModuleCache.noindex/Session.modulevalidation -fmodules-validate-once-per-build-session -Wnon-modular-include-in-framework-module -Werror\=non-modular-include-in-framework-module -Wno-trigraphs -Wno-missing-field-initializers -Wno-missing-prototypes -Werror\=return-type -Wdocumentation -Wunreachable-code -Wno-implicit-atomic-properties -Werror\=deprecated-objc-isa-usage -Wno-objc-interface-ivars -Werror\=objc-root-class -Wno-arc-repeated-use-of-weak -Wimplicit-retain-self -Wduplicate-method-match -Wno-missing-braces -Wparentheses -Wswitch -Wunused-function -Wno-unused-label -Wno-unused-parameter -Wunused-variable -Wunused-value -Wempty-body -Wuninitialized -Wconditional-uninitialized -Wno-unknown-pragmas -Wno-shadow -Wno-four-char-constants -Wno-conversion -Wconstant-conversion -Wint-conversion -Wbool-conversion -Wenum-conversion -Wno-float-conversion -Wnon-literal-null-conversion -Wobjc-literal-conversion -Wshorten-64-to-32 -Wpointer-sign -Wno-newline-eof -Wno-selector -Wno-strict-selector-match -Wundeclared-selector -Wdeprecated-implementations -Wno-implicit-fallthrough -isysroot /Applications/Xcode.app/Contents/Developer/Platforms/iPhoneSimulator.platform/Developer/SDKs/iPhoneSimulator26.4.sdk -fstrict-aliasing -Wprotocol -Wdeprecated-declarations -Wno-sign-conversion -Winfinite-recursion -Wcomma -Wblock-capture-autoreleasing -Wstrict-prototypes -Wno-semicolon-before-method-body -Wunguarded-availability -index-store-path /Users/swan/Library/Developer/Xcode/DerivedData/vantiq-ui-ios-gueetvuzmuxrbegsztzkuatnhugx/Index.noindex/DataStore @/Users/swan/Development/vantiq-ui-ios/Example/build/Pods.build/Debug-iphonesimulator/Pods-vantiq-ui-ios_Tests.build/Objects-normal/arm64/e6072d4f65d7061329687fe24e3d63a7-common-args.resp -MMD -MT dependencies -MF /Users/swan/Development/vantiq-ui-ios/Example/build/Pods.build/Debug-iphonesimulator/Pods-vantiq-ui-ios_Tests.build/Objects-normal/arm64/Pods-vantiq-ui-ios_Tests-dummy.d --serialize-diagnostics /Users/swan/Development/vantiq-ui-ios/Example/build/Pods.build/Debug-iphonesimulator/Pods-vantiq-ui-ios_Tests.build/Objects-normal/arm64/Pods-vantiq-ui-ios_Tests-dummy.dia -c /Users/swan/Development/vantiq-ui-ios/Example/Pods/Target\ Support\ Files/Pods-vantiq-ui-ios_Tests/Pods-vantiq-ui-ios_Tests-dummy.m -o /Users/swan/Development/vantiq-ui-ios/Example/build/Pods.build/Debug-iphonesimulator/Pods-vantiq-ui-ios_Tests.build/Objects-normal/arm64/Pods-vantiq-ui-ios_Tests-dummy.o -index-unit-output-path /Pods.build/Debug-iphonesimulator/Pods-vantiq-ui-ios_Tests.build/Objects-normal/arm64/Pods-vantiq-ui-ios_Tests-dummy.o

Libtool /Users/swan/Development/vantiq-ui-ios/Example/build/Debug-iphonesimulator/Pods_vantiq_ui_ios_Tests.framework/Pods_vantiq_ui_ios_Tests normal (in target 'Pods-vantiq-ui-ios_Tests' from project 'Pods')
    cd /Users/swan/Development/vantiq-ui-ios/Example/Pods
    /Applications/Xcode.app/Contents/Developer/Toolchains/XcodeDefault.xctoolchain/usr/bin/libtool -static -arch_only arm64 -D -syslibroot /Applications/Xcode.app/Contents/Developer/Platforms/iPhoneSimulator.platform/Developer/SDKs/iPhoneSimulator26.4.sdk -L/Users/swan/Development/vantiq-ui-ios/Example/build/Debug-iphonesimulator -filelist /Users/swan/Development/vantiq-ui-ios/Example/build/Pods.build/Debug-iphonesimulator/Pods-vantiq-ui-ios_Tests.build/Objects-normal/arm64/Pods_vantiq_ui_ios_Tests.LinkFileList -dependency_info /Users/swan/Development/vantiq-ui-ios/Example/build/Pods.build/Debug-iphonesimulator/Pods-vantiq-ui-ios_Tests.build/Objects-normal/arm64/Pods_vantiq_ui_ios_Tests_libtool_dependency_info.dat -o /Users/swan/Development/vantiq-ui-ios/Example/build/Debug-iphonesimulator/Pods_vantiq_ui_ios_Tests.framework/Pods_vantiq_ui_ios_Tests

PhaseScriptExecution [CP]\ Embed\ Pods\ Frameworks /Users/swan/Development/vantiq-ui-ios/Example/build/vantiq-ui-ios.build/Debug-iphonesimulator/vantiq-ui-ios_Example.build/Script-D48F2B8267A75C653A9CEC19.sh (in target 'vantiq-ui-ios_Example' from project 'vantiq-ui-ios')
    cd /Users/swan/Development/vantiq-ui-ios/Example
    /bin/sh -c /Users/swan/Development/vantiq-ui-ios/Example/build/vantiq-ui-ios.build/Debug-iphonesimulator/vantiq-ui-ios_Example.build/Script-D48F2B8267A75C653A9CEC19.sh
mkdir -p /Users/swan/Development/vantiq-ui-ios/Example/build/Debug-iphonesimulator/vantiq-ui-ios_Example.app/Frameworks
rsync --delete -av --filter P .*.?????? --links --filter "- CVS/" --filter "- .svn/" --filter "- .git/" --filter "- .hg/" --filter "- Headers" --filter "- PrivateHeaders" --filter "- Modules" "/Users/swan/Development/vantiq-ui-ios/Example/build/Debug-iphonesimulator/AppAuth/AppAuth.framework" "/Users/swan/Development/vantiq-ui-ios/Example/build/Debug-iphonesimulator/vantiq-ui-ios_Example.app/Frameworks"
Transfer starting: 8 files
AppAuth.framework/
AppAuth.framework/AppAuth
AppAuth.framework/AppAuthCore_Privacy.bundle/
AppAuth.framework/AppAuthCore_Privacy.bundle/Info.plist
AppAuth.framework/AppAuthCore_Privacy.bundle/PrivacyInfo.xcprivacy
AppAuth.framework/_CodeSignature/CodeResources

sent 372076 bytes  received 120 bytes  90779512 bytes/sec
total size is 371938  speedup is 1.00
Code Signing /Users/swan/Development/vantiq-ui-ios/Example/build/Debug-iphonesimulator/vantiq-ui-ios_Example.app/Frameworks/AppAuth.framework with Identity Sign to Run Locally
/usr/bin/codesign --force --sign -  --preserve-metadata=identifier,entitlements '/Users/swan/Development/vantiq-ui-ios/Example/build/Debug-iphonesimulator/vantiq-ui-ios_Example.app/Frameworks/AppAuth.framework'
/Users/swan/Development/vantiq-ui-ios/Example/build/Debug-iphonesimulator/vantiq-ui-ios_Example.app/Frameworks/AppAuth.framework: replacing existing signature
rsync --delete -av --filter P .*.?????? --links --filter "- CVS/" --filter "- .svn/" --filter "- .git/" --filter "- .hg/" --filter "- Headers" --filter "- PrivateHeaders" --filter "- Modules" "/Users/swan/Development/vantiq-ui-ios/Example/build/Debug-iphonesimulator/Base64/Base64.framework" "/Users/swan/Development/vantiq-ui-ios/Example/build/Debug-iphonesimulator/vantiq-ui-ios_Example.app/Frameworks"
Transfer starting: 5 files
Base64.framework/
Base64.framework/Base64
Base64.framework/_CodeSignature/CodeResources

sent 77318 bytes  received 70 bytes  24963870 bytes/sec
total size is 77554  speedup is 1.00
Code Signing /Users/swan/Development/vantiq-ui-ios/Example/build/Debug-iphonesimulator/vantiq-ui-ios_Example.app/Frameworks/Base64.framework with Identity Sign to Run Locally
/usr/bin/codesign --force --sign -  --preserve-metadata=identifier,entitlements '/Users/swan/Development/vantiq-ui-ios/Example/build/Debug-iphonesimulator/vantiq-ui-ios_Example.app/Frameworks/Base64.framework'
/Users/swan/Development/vantiq-ui-ios/Example/build/Debug-iphonesimulator/vantiq-ui-ios_Example.app/Frameworks/Base64.framework: replacing existing signature
rsync --delete -av --filter P .*.?????? --links --filter "- CVS/" --filter "- .svn/" --filter "- .git/" --filter "- .hg/" --filter "- Headers" --filter "- PrivateHeaders" --filter "- Modules" "/Users/swan/Development/vantiq-ui-ios/Example/build/Debug-iphonesimulator/JWT/JWT.framework" "/Users/swan/Development/vantiq-ui-ios/Example/build/Debug-iphonesimulator/vantiq-ui-ios_Example.app/Frameworks"
Transfer starting: 5 files
JWT.framework/
JWT.framework/JWT
JWT.framework/_CodeSignature/CodeResources

sent 221710 bytes  received 70 bytes  71541935 bytes/sec
total size is 221942  speedup is 1.00
Code Signing /Users/swan/Development/vantiq-ui-ios/Example/build/Debug-iphonesimulator/vantiq-ui-ios_Example.app/Frameworks/JWT.framework with Identity Sign to Run Locally
/usr/bin/codesign --force --sign -  --preserve-metadata=identifier,entitlements '/Users/swan/Development/vantiq-ui-ios/Example/build/Debug-iphonesimulator/vantiq-ui-ios_Example.app/Frameworks/JWT.framework'
/Users/swan/Development/vantiq-ui-ios/Example/build/Debug-iphonesimulator/vantiq-ui-ios_Example.app/Frameworks/JWT.framework: replacing existing signature
rsync --delete -av --filter P .*.?????? --links --filter "- CVS/" --filter "- .svn/" --filter "- .git/" --filter "- .hg/" --filter "- Headers" --filter "- PrivateHeaders" --filter "- Modules" "/Users/swan/Development/vantiq-ui-ios/Example/build/Debug-iphonesimulator/vantiq-sdk-ios/vantiq_sdk_ios.framework" "/Users/swan/Development/vantiq-ui-ios/Example/build/Debug-iphonesimulator/vantiq-ui-ios_Example.app/Frameworks"
Transfer starting: 5 files
vantiq_sdk_ios.framework/
vantiq_sdk_ios.framework/vantiq_sdk_ios
vantiq_sdk_ios.framework/_CodeSignature/CodeResources

sent 148646 bytes  received 70 bytes  47972903 bytes/sec
total size is 148842  speedup is 1.00
Code Signing /Users/swan/Development/vantiq-ui-ios/Example/build/Debug-iphonesimulator/vantiq-ui-ios_Example.app/Frameworks/vantiq_sdk_ios.framework with Identity Sign to Run Locally
/usr/bin/codesign --force --sign -  --preserve-metadata=identifier,entitlements '/Users/swan/Development/vantiq-ui-ios/Example/build/Debug-iphonesimulator/vantiq-ui-ios_Example.app/Frameworks/vantiq_sdk_ios.framework'
/Users/swan/Development/vantiq-ui-ios/Example/build/Debug-iphonesimulator/vantiq-ui-ios_Example.app/Frameworks/vantiq_sdk_ios.framework: replacing existing signature
rsync --delete -av --filter P .*.?????? --links --filter "- CVS/" --filter "- .svn/" --filter "- .git/" --filter "- .hg/" --filter "- Headers" --filter "- PrivateHeaders" --filter "- Modules" "/Users/swan/Development/vantiq-ui-ios/Example/build/Debug-iphonesimulator/vantiq-ui-ios/vantiq_ui_ios.framework" "/Users/swan/Development/vantiq-ui-ios/Example/build/Debug-iphonesimulator/vantiq-ui-ios_Example.app/Frameworks"
Transfer starting: 5 files
vantiq_ui_ios.framework/
vantiq_ui_ios.framework/vantiq_ui_ios
vantiq_ui_ios.framework/_CodeSignature/CodeResources

sent 186404 bytes  received 70 bytes  60152903 bytes/sec
total size is 186600  speedup is 1.00
Code Signing /Users/swan/Development/vantiq-ui-ios/Example/build/Debug-iphonesimulator/vantiq-ui-ios_Example.app/Frameworks/vantiq_ui_ios.framework with Identity Sign to Run Locally
/usr/bin/codesign --force --sign -  --preserve-metadata=identifier,entitlements '/Users/swan/Development/vantiq-ui-ios/Example/build/Debug-iphonesimulator/vantiq-ui-ios_Example.app/Frameworks/vantiq_ui_ios.framework'
/Users/swan/Development/vantiq-ui-ios/Example/build/Debug-iphonesimulator/vantiq-ui-ios_Example.app/Frameworks/vantiq_ui_ios.framework: replacing existing signature

CodeSign /Users/swan/Development/vantiq-ui-ios/Example/build/Debug-iphonesimulator/Pods_vantiq_ui_ios_Tests.framework (in target 'Pods-vantiq-ui-ios_Tests' from project 'Pods')
    cd /Users/swan/Development/vantiq-ui-ios/Example/Pods
    
    Signing Identity:     "Sign to Run Locally"
    
    /usr/bin/codesign --force --sign - --timestamp\=none --generate-entitlement-der /Users/swan/Development/vantiq-ui-ios/Example/build/Debug-iphonesimulator/Pods_vantiq_ui_ios_Tests.framework
note: Signing static framework with --generate-pre-encrypt-hashes (in target 'Pods-vantiq-ui-ios_Tests' from project 'Pods')

RegisterExecutionPolicyException /Users/swan/Development/vantiq-ui-ios/Example/build/Debug-iphonesimulator/Pods_vantiq_ui_ios_Tests.framework (in target 'Pods-vantiq-ui-ios_Tests' from project 'Pods')
    cd /Users/swan/Development/vantiq-ui-ios/Example/Pods
    builtin-RegisterExecutionPolicyException /Users/swan/Development/vantiq-ui-ios/Example/build/Debug-iphonesimulator/Pods_vantiq_ui_ios_Tests.framework

Touch /Users/swan/Development/vantiq-ui-ios/Example/build/Debug-iphonesimulator/Pods_vantiq_ui_ios_Tests.framework (in target 'Pods-vantiq-ui-ios_Tests' from project 'Pods')
    cd /Users/swan/Development/vantiq-ui-ios/Example/Pods
    /usr/bin/touch -c /Users/swan/Development/vantiq-ui-ios/Example/build/Debug-iphonesimulator/Pods_vantiq_ui_ios_Tests.framework

ProcessInfoPlistFile /Users/swan/Development/vantiq-ui-ios/Example/build/Debug-iphonesimulator/vantiq-ui-ios_Example.app/PlugIns/vantiq-ui-ios_Tests.xctest/Info.plist /Users/swan/Development/vantiq-ui-ios/Example/Tests/Tests-Info.plist (in target 'vantiq-ui-ios_Tests' from project 'vantiq-ui-ios')
    cd /Users/swan/Development/vantiq-ui-ios/Example
    builtin-infoPlistUtility /Users/swan/Development/vantiq-ui-ios/Example/Tests/Tests-Info.plist -producttype com.apple.product-type.bundle.unit-test -expandbuildsettings -format binary -platform iphonesimulator -o /Users/swan/Development/vantiq-ui-ios/Example/build/Debug-iphonesimulator/vantiq-ui-ios_Example.app/PlugIns/vantiq-ui-ios_Tests.xctest/Info.plist

PhaseScriptExecution [CP]\ Check\ Pods\ Manifest.lock /Users/swan/Development/vantiq-ui-ios/Example/build/vantiq-ui-ios.build/Debug-iphonesimulator/vantiq-ui-ios_Tests.build/Script-BC0DD3B199E95B3A9E47EDAF.sh (in target 'vantiq-ui-ios_Tests' from project 'vantiq-ui-ios')
    cd /Users/swan/Development/vantiq-ui-ios/Example
    /bin/sh -c /Users/swan/Development/vantiq-ui-ios/Example/build/vantiq-ui-ios.build/Debug-iphonesimulator/vantiq-ui-ios_Tests.build/Script-BC0DD3B199E95B3A9E47EDAF.sh

ScanDependencies /Users/swan/Development/vantiq-ui-ios/Example/build/SharedPrecompiledHeaders/SharedPrecompiledHeaders/14904872467411920599/Tests-Prefix.pch.gch /Users/swan/Development/vantiq-ui-ios/Example/Tests/Tests-Prefix.pch normal arm64 objective-c com.apple.compilers.llvm.clang.1_0.compiler (in target 'vantiq-ui-ios_Tests' from project 'vantiq-ui-ios')
    cd /Users/swan/Development/vantiq-ui-ios/Example
    
    Using response file: /Users/swan/Development/vantiq-ui-ios/Example/build/vantiq-ui-ios.build/Debug-iphonesimulator/vantiq-ui-ios_Tests.build/Objects-normal/arm64/e6072d4f65d7061329687fe24e3d63a7-common-args.resp
    
    builtin-ScanDependencies -o /Users/swan/Development/vantiq-ui-ios/Example/build/SharedPrecompiledHeaders/SharedPrecompiledHeaders/14904872467411920599/Tests-Prefix.pchscan.gch -- /Applications/Xcode.app/Contents/Developer/Toolchains/XcodeDefault.xctoolchain/usr/bin/clang -x objective-c-header -target arm64-apple-ios12.0-simulator -fmessage-length\=0 -fdiagnostics-show-note-include-stack -fmacro-backtrace-limit\=0 -fno-color-diagnostics -fmodules-prune-interval\=86400 -fmodules-prune-after\=345600 -fbuild-session-file\=/Users/swan/Library/Developer/Xcode/DerivedData/ModuleCache.noindex/Session.modulevalidation -fmodules-validate-once-per-build-session -Wnon-modular-include-in-framework-module -Werror\=non-modular-include-in-framework-module -Wno-trigraphs -Wno-missing-field-initializers -Wno-missing-prototypes -Werror\=return-type -Wunreachable-code -Wno-implicit-atomic-properties -Werror\=deprecated-objc-isa-usage -Wno-objc-interface-ivars -Werror\=objc-root-class -Wno-arc-repeated-use-of-weak -Wimplicit-retain-self -Wduplicate-method-match -Wno-missing-braces -Wparentheses -Wswitch -Wunused-function -Wno-unused-label -Wno-unused-parameter -Wunused-variable -Wunused-value -Wempty-body -Wuninitialized -Wconditional-uninitialized -Wno-unknown-pragmas -Wno-shadow -Wno-four-char-constants -Wno-conversion -Wconstant-conversion -Wint-conversion -Wbool-conversion -Wenum-conversion -Wno-float-conversion -Wnon-literal-null-conversion -Wobjc-literal-conversion -Wshorten-64-to-32 -Wpointer-sign -Wno-newline-eof -Wno-selector -Wno-strict-selector-match -Wundeclared-selector -Wdeprecated-implementations -Wno-implicit-fallthrough -isysroot /Applications/Xcode.app/Contents/Developer/Platforms/iPhoneSimulator.platform/Developer/SDKs/iPhoneSimulator26.4.sdk -fstrict-aliasing -Wprotocol -Wdeprecated-declarations -Wno-sign-conversion -Winfinite-recursion -Wcomma -Wblock-capture-autoreleasing -Wstrict-prototypes -Wno-semicolon-before-method-body -index-store-path /Users/swan/Library/Developer/Xcode/DerivedData/vantiq-ui-ios-gueetvuzmuxrbegsztzkuatnhugx/Index.noindex/DataStore @/Users/swan/Development/vantiq-ui-ios/Example/build/vantiq-ui-ios.build/Debug-iphonesimulator/vantiq-ui-ios_Tests.build/Objects-normal/arm64/e6072d4f65d7061329687fe24e3d63a7-common-args.resp -c /Users/swan/Development/vantiq-ui-ios/Example/Tests/Tests-Prefix.pch -MD -MT dependencies -MF /Users/swan/Development/vantiq-ui-ios/Example/build/SharedPrecompiledHeaders/SharedPrecompiledHeaders/14904872467411920599/Tests-Prefix.pch.d -o /Users/swan/Development/vantiq-ui-ios/Example/build/SharedPrecompiledHeaders/SharedPrecompiledHeaders/14904872467411920599/Tests-Prefix.pch.gch --serialize-diagnostics /Users/swan/Development/vantiq-ui-ios/Example/build/SharedPrecompiledHeaders/SharedPrecompiledHeaders/14904872467411920599/Tests-Prefix.pch.dia

CopyStringsFile /Users/swan/Development/vantiq-ui-ios/Example/build/Debug-iphonesimulator/vantiq-ui-ios_Example.app/PlugIns/vantiq-ui-ios_Tests.xctest/en.lproj/InfoPlist.strings /Users/swan/Development/vantiq-ui-ios/Example/Tests/en.lproj/InfoPlist.strings (in target 'vantiq-ui-ios_Tests' from project 'vantiq-ui-ios')
    cd /Users/swan/Development/vantiq-ui-ios/Example
    builtin-copyStrings --validate --outputencoding binary --outfilename InfoPlist.strings --outdir /Users/swan/Development/vantiq-ui-ios/Example/build/Debug-iphonesimulator/vantiq-ui-ios_Example.app/PlugIns/vantiq-ui-ios_Tests.xctest/en.lproj -- /Users/swan/Development/vantiq-ui-ios/Example/Tests/en.lproj/InfoPlist.strings
/Users/swan/Development/vantiq-ui-ios/Example/Tests/en.lproj/InfoPlist.strings:1:1: note: detected encoding of input file as Unicode (UTF-8) (in target 'vantiq-ui-ios_Tests' from project 'vantiq-ui-ios')

ProcessPCH /Users/swan/Development/vantiq-ui-ios/Example/build/SharedPrecompiledHeaders/SharedPrecompiledHeaders/14904872467411920599/Tests-Prefix.pch.gch /Users/swan/Development/vantiq-ui-ios/Example/Tests/Tests-Prefix.pch normal arm64 objective-c com.apple.compilers.llvm.clang.1_0.compiler (in target 'vantiq-ui-ios_Tests' from project 'vantiq-ui-ios')
    cd /Users/swan/Development/vantiq-ui-ios/Example
    
    Precompile of '/Users/swan/Development/vantiq-ui-ios/Example/Tests/Tests-Prefix.pch' required by '/Users/swan/Development/vantiq-ui-ios/Example/Tests/Tests.m'
    Using response file: /Users/swan/Development/vantiq-ui-ios/Example/build/vantiq-ui-ios.build/Debug-iphonesimulator/vantiq-ui-ios_Tests.build/Objects-normal/arm64/e6072d4f65d7061329687fe24e3d63a7-common-args.resp
    
    /Applications/Xcode.app/Contents/Developer/Toolchains/XcodeDefault.xctoolchain/usr/bin/clang -x objective-c-header -target arm64-apple-ios12.0-simulator -fmessage-length\=0 -fdiagnostics-show-note-include-stack -fmacro-backtrace-limit\=0 -fno-color-diagnostics -fmodules-prune-interval\=86400 -fmodules-prune-after\=345600 -fbuild-session-file\=/Users/swan/Library/Developer/Xcode/DerivedData/ModuleCache.noindex/Session.modulevalidation -fmodules-validate-once-per-build-session -Wnon-modular-include-in-framework-module -Werror\=non-modular-include-in-framework-module -Wno-trigraphs -Wno-missing-field-initializers -Wno-missing-prototypes -Werror\=return-type -Wunreachable-code -Wno-implicit-atomic-properties -Werror\=deprecated-objc-isa-usage -Wno-objc-interface-ivars -Werror\=objc-root-class -Wno-arc-repeated-use-of-weak -Wimplicit-retain-self -Wduplicate-method-match -Wno-missing-braces -Wparentheses -Wswitch -Wunused-function -Wno-unused-label -Wno-unused-parameter -Wunused-variable -Wunused-value -Wempty-body -Wuninitialized -Wconditional-uninitialized -Wno-unknown-pragmas -Wno-shadow -Wno-four-char-constants -Wno-conversion -Wconstant-conversion -Wint-conversion -Wbool-conversion -Wenum-conversion -Wno-float-conversion -Wnon-literal-null-conversion -Wobjc-literal-conversion -Wshorten-64-to-32 -Wpointer-sign -Wno-newline-eof -Wno-selector -Wno-strict-selector-match -Wundeclared-selector -Wdeprecated-implementations -Wno-implicit-fallthrough -isysroot /Applications/Xcode.app/Contents/Developer/Platforms/iPhoneSimulator.platform/Developer/SDKs/iPhoneSimulator26.4.sdk -fstrict-aliasing -Wprotocol -Wdeprecated-declarations -Wno-sign-conversion -Winfinite-recursion -Wcomma -Wblock-capture-autoreleasing -Wstrict-prototypes -Wno-semicolon-before-method-body -index-store-path /Users/swan/Library/Developer/Xcode/DerivedData/vantiq-ui-ios-gueetvuzmuxrbegsztzkuatnhugx/Index.noindex/DataStore @/Users/swan/Development/vantiq-ui-ios/Example/build/vantiq-ui-ios.build/Debug-iphonesimulator/vantiq-ui-ios_Tests.build/Objects-normal/arm64/e6072d4f65d7061329687fe24e3d63a7-common-args.resp -c /Users/swan/Development/vantiq-ui-ios/Example/Tests/Tests-Prefix.pch -MD -MT dependencies -MF /Users/swan/Development/vantiq-ui-ios/Example/build/SharedPrecompiledHeaders/SharedPrecompiledHeaders/14904872467411920599/Tests-Prefix.pch.d -o /Users/swan/Development/vantiq-ui-ios/Example/build/SharedPrecompiledHeaders/SharedPrecompiledHeaders/14904872467411920599/Tests-Prefix.pch.gch --serialize-diagnostics /Users/swan/Development/vantiq-ui-ios/Example/build/SharedPrecompiledHeaders/SharedPrecompiledHeaders/14904872467411920599/Tests-Prefix.pch.dia

ScanDependencies /Users/swan/Development/vantiq-ui-ios/Example/build/vantiq-ui-ios.build/Debug-iphonesimulator/vantiq-ui-ios_Tests.build/Objects-normal/arm64/Tests.o /Users/swan/Development/vantiq-ui-ios/Example/Tests/Tests.m normal arm64 objective-c com.apple.compilers.llvm.clang.1_0.compiler (in target 'vantiq-ui-ios_Tests' from project 'vantiq-ui-ios')
    cd /Users/swan/Development/vantiq-ui-ios/Example
    
    Using response file: /Users/swan/Development/vantiq-ui-ios/Example/build/vantiq-ui-ios.build/Debug-iphonesimulator/vantiq-ui-ios_Tests.build/Objects-normal/arm64/e6072d4f65d7061329687fe24e3d63a7-common-args.resp
    
    builtin-ScanDependencies -o /Users/swan/Development/vantiq-ui-ios/Example/build/vantiq-ui-ios.build/Debug-iphonesimulator/vantiq-ui-ios_Tests.build/Objects-normal/arm64/Tests.o.scan -- /Applications/Xcode.app/Contents/Developer/Toolchains/XcodeDefault.xctoolchain/usr/bin/clang -x objective-c -ivfsstatcache /Users/swan/Library/Developer/Xcode/DerivedData/SDKStatCaches.noindex/iphonesimulator26.4-23E237-686eebb5dc1d8ecb277353a59184f4aa.sdkstatcache -target arm64-apple-ios12.0-simulator -fmessage-length\=0 -fdiagnostics-show-note-include-stack -fmacro-backtrace-limit\=0 -fno-color-diagnostics -fmodules-prune-interval\=86400 -fmodules-prune-after\=345600 -fbuild-session-file\=/Users/swan/Library/Developer/Xcode/DerivedData/ModuleCache.noindex/Session.modulevalidation -fmodules-validate-once-per-build-session -Wnon-modular-include-in-framework-module -Werror\=non-modular-include-in-framework-module -Wno-trigraphs -Wno-missing-field-initializers -Wno-missing-prototypes -Werror\=return-type -Wunreachable-code -Wno-implicit-atomic-properties -Werror\=deprecated-objc-isa-usage -Wno-objc-interface-ivars -Werror\=objc-root-class -Wno-arc-repeated-use-of-weak -Wimplicit-retain-self -Wduplicate-method-match -Wno-missing-braces -Wparentheses -Wswitch -Wunused-function -Wno-unused-label -Wno-unused-parameter -Wunused-variable -Wunused-value -Wempty-body -Wuninitialized -Wconditional-uninitialized -Wno-unknown-pragmas -Wno-shadow -Wno-four-char-constants -Wno-conversion -Wconstant-conversion -Wint-conversion -Wbool-conversion -Wenum-conversion -Wno-float-conversion -Wnon-literal-null-conversion -Wobjc-literal-conversion -Wshorten-64-to-32 -Wpointer-sign -Wno-newline-eof -Wno-selector -Wno-strict-selector-match -Wundeclared-selector -Wdeprecated-implementations -Wno-implicit-fallthrough -isysroot /Applications/Xcode.app/Contents/Developer/Platforms/iPhoneSimulator.platform/Developer/SDKs/iPhoneSimulator26.4.sdk -fstrict-aliasing -Wprotocol -Wdeprecated-declarations -Wno-sign-conversion -Winfinite-recursion -Wcomma -Wblock-capture-autoreleasing -Wstrict-prototypes -Wno-semicolon-before-method-body -index-store-path /Users/swan/Library/Developer/Xcode/DerivedData/vantiq-ui-ios-gueetvuzmuxrbegsztzkuatnhugx/Index.noindex/DataStore @/Users/swan/Development/vantiq-ui-ios/Example/build/vantiq-ui-ios.build/Debug-iphonesimulator/vantiq-ui-ios_Tests.build/Objects-normal/arm64/e6072d4f65d7061329687fe24e3d63a7-common-args.resp -include /Users/swan/Development/vantiq-ui-ios/Example/build/SharedPrecompiledHeaders/SharedPrecompiledHeaders/14904872467411920599/Tests-Prefix.pch -MMD -MT dependencies -MF /Users/swan/Development/vantiq-ui-ios/Example/build/vantiq-ui-ios.build/Debug-iphonesimulator/vantiq-ui-ios_Tests.build/Objects-normal/arm64/Tests.d --serialize-diagnostics /Users/swan/Development/vantiq-ui-ios/Example/build/vantiq-ui-ios.build/Debug-iphonesimulator/vantiq-ui-ios_Tests.build/Objects-normal/arm64/Tests.dia -c /Users/swan/Development/vantiq-ui-ios/Example/Tests/Tests.m -o /Users/swan/Development/vantiq-ui-ios/Example/build/vantiq-ui-ios.build/Debug-iphonesimulator/vantiq-ui-ios_Tests.build/Objects-normal/arm64/Tests.o -index-unit-output-path /vantiq-ui-ios.build/Debug-iphonesimulator/vantiq-ui-ios_Tests.build/Objects-normal/arm64/Tests.o

PrecompileModule /Users/swan/Development/vantiq-ui-ios/Example/build/ExplicitPrecompiledModules/_Builtin_stdarg-3LKGJJPPFQ7ENX0ZK5F84AY5P.scan
    cd /
    builtin-precompileModule /Users/swan/Development/vantiq-ui-ios/Example/build/ExplicitPrecompiledModules/_Builtin_stdarg-3LKGJJPPFQ7ENX0ZK5F84AY5P.scan

PrecompileModule /Users/swan/Development/vantiq-ui-ios/Example/build/ExplicitPrecompiledModules/_Builtin_stddef-9OM524WLVP3ZGXT07FFSK3T1K.scan
    cd /
    builtin-precompileModule /Users/swan/Development/vantiq-ui-ios/Example/build/ExplicitPrecompiledModules/_Builtin_stddef-9OM524WLVP3ZGXT07FFSK3T1K.scan

PrecompileModule /Users/swan/Development/vantiq-ui-ios/Example/build/ExplicitPrecompiledModules/ptrcheck-394G2TB2P6EB1VJNHFZ1HSOS7.scan
    cd /
    builtin-precompileModule /Users/swan/Development/vantiq-ui-ios/Example/build/ExplicitPrecompiledModules/ptrcheck-394G2TB2P6EB1VJNHFZ1HSOS7.scan

PrecompileModule /Users/swan/Development/vantiq-ui-ios/Example/build/ExplicitPrecompiledModules/ptrauth-CVZDS800P4T5C0ZJMG3J3FYXU.scan
    cd /
    builtin-precompileModule /Users/swan/Development/vantiq-ui-ios/Example/build/ExplicitPrecompiledModules/ptrauth-CVZDS800P4T5C0ZJMG3J3FYXU.scan

PrecompileModule /Users/swan/Development/vantiq-ui-ios/Example/build/ExplicitPrecompiledModules/_Builtin_float-CG7PBXL3479FRKC0TT2OYCH92.scan
    cd /
    builtin-precompileModule /Users/swan/Development/vantiq-ui-ios/Example/build/ExplicitPrecompiledModules/_Builtin_float-CG7PBXL3479FRKC0TT2OYCH92.scan

PrecompileModule /Users/swan/Development/vantiq-ui-ios/Example/build/ExplicitPrecompiledModules/_Builtin_stdbool-4CXHR2G1F1HTR6GGOI2O7DGME.scan
    cd /
    builtin-precompileModule /Users/swan/Development/vantiq-ui-ios/Example/build/ExplicitPrecompiledModules/_Builtin_stdbool-4CXHR2G1F1HTR6GGOI2O7DGME.scan

PrecompileModule /Users/swan/Development/vantiq-ui-ios/Example/build/ExplicitPrecompiledModules/_AvailabilityInternal-4219JNUL4VDNIZNB40LKJHID6.scan
    cd /
    builtin-precompileModule /Users/swan/Development/vantiq-ui-ios/Example/build/ExplicitPrecompiledModules/_AvailabilityInternal-4219JNUL4VDNIZNB40LKJHID6.scan

PrecompileModule /Users/swan/Development/vantiq-ui-ios/Example/build/ExplicitPrecompiledModules/_DarwinFoundation1-1W3JKXFP21F8RLP6TYEZZCW06.scan
    cd /
    builtin-precompileModule /Users/swan/Development/vantiq-ui-ios/Example/build/ExplicitPrecompiledModules/_DarwinFoundation1-1W3JKXFP21F8RLP6TYEZZCW06.scan

PrecompileModule /Users/swan/Development/vantiq-ui-ios/Example/build/ExplicitPrecompiledModules/_DarwinFoundation2-PI6APBPNX1BJEN86ZP2Z9WYK.scan
    cd /
    builtin-precompileModule /Users/swan/Development/vantiq-ui-ios/Example/build/ExplicitPrecompiledModules/_DarwinFoundation2-PI6APBPNX1BJEN86ZP2Z9WYK.scan

PrecompileModule /Users/swan/Development/vantiq-ui-ios/Example/build/ExplicitPrecompiledModules/_Builtin_limits-8CPAVPPVESUBHUC0VCC0IX81P.scan
    cd /
    builtin-precompileModule /Users/swan/Development/vantiq-ui-ios/Example/build/ExplicitPrecompiledModules/_Builtin_limits-8CPAVPPVESUBHUC0VCC0IX81P.scan

PrecompileModule /Users/swan/Development/vantiq-ui-ios/Example/build/ExplicitPrecompiledModules/_Builtin_stdint-D0F9HQTN6RL9UACMWI6ODMA7R.scan
    cd /
    builtin-precompileModule /Users/swan/Development/vantiq-ui-ios/Example/build/ExplicitPrecompiledModules/_Builtin_stdint-D0F9HQTN6RL9UACMWI6ODMA7R.scan

PrecompileModule /Users/swan/Development/vantiq-ui-ios/Example/build/ExplicitPrecompiledModules/_DarwinFoundation3-3YSX4HQQ7DC38J8BDTB40VB1J.scan
    cd /
    builtin-precompileModule /Users/swan/Development/vantiq-ui-ios/Example/build/ExplicitPrecompiledModules/_DarwinFoundation3-3YSX4HQQ7DC38J8BDTB40VB1J.scan

PrecompileModule /Users/swan/Development/vantiq-ui-ios/Example/build/ExplicitPrecompiledModules/_Builtin_inttypes-15VZAMO498PHUXNYPKOJGF6XP.scan
    cd /
    builtin-precompileModule /Users/swan/Development/vantiq-ui-ios/Example/build/ExplicitPrecompiledModules/_Builtin_inttypes-15VZAMO498PHUXNYPKOJGF6XP.scan

PrecompileModule /Users/swan/Development/vantiq-ui-ios/Example/build/ExplicitPrecompiledModules/Darwin-BLAIVWPCUA2OBY48X08XY07G6.scan
    cd /
    builtin-precompileModule /Users/swan/Development/vantiq-ui-ios/Example/build/ExplicitPrecompiledModules/Darwin-BLAIVWPCUA2OBY48X08XY07G6.scan

PrecompileModule /Users/swan/Development/vantiq-ui-ios/Example/build/ExplicitPrecompiledModules/ObjectiveC-4VXYT1IJG8F4BR3179MEP0U94.scan
    cd /
    builtin-precompileModule /Users/swan/Development/vantiq-ui-ios/Example/build/ExplicitPrecompiledModules/ObjectiveC-4VXYT1IJG8F4BR3179MEP0U94.scan

PrecompileModule /Users/swan/Development/vantiq-ui-ios/Example/build/ExplicitPrecompiledModules/os_object-5SH7MXFXK8NACDJLW37TFDYTZ.scan
    cd /
    builtin-precompileModule /Users/swan/Development/vantiq-ui-ios/Example/build/ExplicitPrecompiledModules/os_object-5SH7MXFXK8NACDJLW37TFDYTZ.scan

PrecompileModule /Users/swan/Development/vantiq-ui-ios/Example/build/ExplicitPrecompiledModules/os_workgroup-AXLMSEVCWEKWW0JM91D4MH3Q8.scan
    cd /
    builtin-precompileModule /Users/swan/Development/vantiq-ui-ios/Example/build/ExplicitPrecompiledModules/os_workgroup-AXLMSEVCWEKWW0JM91D4MH3Q8.scan

PrecompileModule /Users/swan/Development/vantiq-ui-ios/Example/build/ExplicitPrecompiledModules/Dispatch-31FVQUNLPEX7O0HWA55A4R10G.scan
    cd /
    builtin-precompileModule /Users/swan/Development/vantiq-ui-ios/Example/build/ExplicitPrecompiledModules/Dispatch-31FVQUNLPEX7O0HWA55A4R10G.scan

PrecompileModule /Users/swan/Development/vantiq-ui-ios/Example/build/ExplicitPrecompiledModules/XPC-VTLOCNYI9Y13CHSLCP0RVXA5.scan
    cd /
    builtin-precompileModule /Users/swan/Development/vantiq-ui-ios/Example/build/ExplicitPrecompiledModules/XPC-VTLOCNYI9Y13CHSLCP0RVXA5.scan

PrecompileModule /Users/swan/Development/vantiq-ui-ios/Example/build/ExplicitPrecompiledModules/CoreFoundation-13T5GKRC0B91GZIGDZGBGVX6J.scan
    cd /
    builtin-precompileModule /Users/swan/Development/vantiq-ui-ios/Example/build/ExplicitPrecompiledModules/CoreFoundation-13T5GKRC0B91GZIGDZGBGVX6J.scan

PrecompileModule /Users/swan/Development/vantiq-ui-ios/Example/build/ExplicitPrecompiledModules/CoreGraphics-AML3H45T18GNJMH1Y89KKALJS.scan
    cd /
    builtin-precompileModule /Users/swan/Development/vantiq-ui-ios/Example/build/ExplicitPrecompiledModules/CoreGraphics-AML3H45T18GNJMH1Y89KKALJS.scan

PrecompileModule /Users/swan/Development/vantiq-ui-ios/Example/build/ExplicitPrecompiledModules/Security-A639683BT15TDVPJI3HP8RK2J.scan
    cd /
    builtin-precompileModule /Users/swan/Development/vantiq-ui-ios/Example/build/ExplicitPrecompiledModules/Security-A639683BT15TDVPJI3HP8RK2J.scan

PrecompileModule /Users/swan/Development/vantiq-ui-ios/Example/build/ExplicitPrecompiledModules/CFNetwork-9E1TSZUZ15PTXCU2JI63AWH5R.scan
    cd /
    builtin-precompileModule /Users/swan/Development/vantiq-ui-ios/Example/build/ExplicitPrecompiledModules/CFNetwork-9E1TSZUZ15PTXCU2JI63AWH5R.scan

PrecompileModule /Users/swan/Development/vantiq-ui-ios/Example/build/ExplicitPrecompiledModules/Foundation-8W0EB8TQ27DD6O0UA253ECPIT.scan
    cd /
    builtin-precompileModule /Users/swan/Development/vantiq-ui-ios/Example/build/ExplicitPrecompiledModules/Foundation-8W0EB8TQ27DD6O0UA253ECPIT.scan

PrecompileModule /Users/swan/Development/vantiq-ui-ios/Example/build/ExplicitPrecompiledModules/CoreText-9Y7X4POLS65AXJ1E82LZ5TV8Y.scan
    cd /
    builtin-precompileModule /Users/swan/Development/vantiq-ui-ios/Example/build/ExplicitPrecompiledModules/CoreText-9Y7X4POLS65AXJ1E82LZ5TV8Y.scan

PrecompileModule /Users/swan/Development/vantiq-ui-ios/Example/build/ExplicitPrecompiledModules/ImageIO-21HODBHBOO8AEUIGDY6QWUM7M.scan
    cd /
    builtin-precompileModule /Users/swan/Development/vantiq-ui-ios/Example/build/ExplicitPrecompiledModules/ImageIO-21HODBHBOO8AEUIGDY6QWUM7M.scan

PrecompileModule /Users/swan/Development/vantiq-ui-ios/Example/build/ExplicitPrecompiledModules/Symbols-15LASX5BNT2SW0OZNZIZVT17U.scan
    cd /
    builtin-precompileModule /Users/swan/Development/vantiq-ui-ios/Example/build/ExplicitPrecompiledModules/Symbols-15LASX5BNT2SW0OZNZIZVT17U.scan

PrecompileModule /Users/swan/Development/vantiq-ui-ios/Example/build/ExplicitPrecompiledModules/FileProvider-1J5IS1LY7LJX90KCQFFOZ2KAV.scan
    cd /
    builtin-precompileModule /Users/swan/Development/vantiq-ui-ios/Example/build/ExplicitPrecompiledModules/FileProvider-1J5IS1LY7LJX90KCQFFOZ2KAV.scan

PrecompileModule /Users/swan/Development/vantiq-ui-ios/Example/build/ExplicitPrecompiledModules/IOSurface-F141U8BMBQ942ATFMQR4YDG89.scan
    cd /
    builtin-precompileModule /Users/swan/Development/vantiq-ui-ios/Example/build/ExplicitPrecompiledModules/IOSurface-F141U8BMBQ942ATFMQR4YDG89.scan

PrecompileModule /Users/swan/Development/vantiq-ui-ios/Example/build/ExplicitPrecompiledModules/OpenGLES-DN2TF5IXEMQ0Q5DCE1QLIK0B6.scan
    cd /
    builtin-precompileModule /Users/swan/Development/vantiq-ui-ios/Example/build/ExplicitPrecompiledModules/OpenGLES-DN2TF5IXEMQ0Q5DCE1QLIK0B6.scan

PrecompileModule /Users/swan/Development/vantiq-ui-ios/Example/build/ExplicitPrecompiledModules/UIUtilities-APV1N5MO3VQ4QP892BEABGV33.scan
    cd /
    builtin-precompileModule /Users/swan/Development/vantiq-ui-ios/Example/build/ExplicitPrecompiledModules/UIUtilities-APV1N5MO3VQ4QP892BEABGV33.scan

PrecompileModule /Users/swan/Development/vantiq-ui-ios/Example/build/ExplicitPrecompiledModules/UserNotifications-6GVNMB8XYA2L9EFIDK0W9D9IG.scan
    cd /
    builtin-precompileModule /Users/swan/Development/vantiq-ui-ios/Example/build/ExplicitPrecompiledModules/UserNotifications-6GVNMB8XYA2L9EFIDK0W9D9IG.scan

PrecompileModule /Users/swan/Development/vantiq-ui-ios/Example/build/ExplicitPrecompiledModules/Metal-67MJBEWQRWC2SY01X7VQWNVQV.scan
    cd /
    builtin-precompileModule /Users/swan/Development/vantiq-ui-ios/Example/build/ExplicitPrecompiledModules/Metal-67MJBEWQRWC2SY01X7VQWNVQV.scan

PrecompileModule /Users/swan/Development/vantiq-ui-ios/Example/build/ExplicitPrecompiledModules/CoreVideo-7VCRMTH8RXGROHLYW2056TKDP.scan
    cd /
    builtin-precompileModule /Users/swan/Development/vantiq-ui-ios/Example/build/ExplicitPrecompiledModules/CoreVideo-7VCRMTH8RXGROHLYW2056TKDP.scan

PrecompileModule /Users/swan/Development/vantiq-ui-ios/Example/build/ExplicitPrecompiledModules/CoreImage-76KHAEQ7TFBXR5Y2V3J3CJ9TN.scan
    cd /
    builtin-precompileModule /Users/swan/Development/vantiq-ui-ios/Example/build/ExplicitPrecompiledModules/CoreImage-76KHAEQ7TFBXR5Y2V3J3CJ9TN.scan

PrecompileModule /Users/swan/Development/vantiq-ui-ios/Example/build/ExplicitPrecompiledModules/QuartzCore-ENGL0LV82PXG6ALOO1JYL64CR.scan
    cd /
    builtin-precompileModule /Users/swan/Development/vantiq-ui-ios/Example/build/ExplicitPrecompiledModules/QuartzCore-ENGL0LV82PXG6ALOO1JYL64CR.scan

PrecompileModule /Users/swan/Development/vantiq-ui-ios/Example/build/ExplicitPrecompiledModules/UIKit-8PE75R0BELWGO3YUED4QHXZZT.scan
    cd /
    builtin-precompileModule /Users/swan/Development/vantiq-ui-ios/Example/build/ExplicitPrecompiledModules/UIKit-8PE75R0BELWGO3YUED4QHXZZT.scan

PrecompileModule /Users/swan/Development/vantiq-ui-ios/Example/build/ExplicitPrecompiledModules/XCUIAutomation-8MKH3FIXDE9BM8IZTVZ5VGTZF.scan
    cd /
    builtin-precompileModule /Users/swan/Development/vantiq-ui-ios/Example/build/ExplicitPrecompiledModules/XCUIAutomation-8MKH3FIXDE9BM8IZTVZ5VGTZF.scan

PrecompileModule /Users/swan/Development/vantiq-ui-ios/Example/build/ExplicitPrecompiledModules/XCTest-9EJWTB2NR28M55EZHEIEOOMV4.scan
    cd /
    builtin-precompileModule /Users/swan/Development/vantiq-ui-ios/Example/build/ExplicitPrecompiledModules/XCTest-9EJWTB2NR28M55EZHEIEOOMV4.scan

CompileC /Users/swan/Development/vantiq-ui-ios/Example/build/vantiq-ui-ios.build/Debug-iphonesimulator/vantiq-ui-ios_Tests.build/Objects-normal/arm64/Tests.o /Users/swan/Development/vantiq-ui-ios/Example/Tests/Tests.m normal arm64 objective-c com.apple.compilers.llvm.clang.1_0.compiler (in target 'vantiq-ui-ios_Tests' from project 'vantiq-ui-ios')
    cd /Users/swan/Development/vantiq-ui-ios/Example
    
    Using response file: /Users/swan/Development/vantiq-ui-ios/Example/build/vantiq-ui-ios.build/Debug-iphonesimulator/vantiq-ui-ios_Tests.build/Objects-normal/arm64/e6072d4f65d7061329687fe24e3d63a7-common-args.resp
    
    /Applications/Xcode.app/Contents/Developer/Toolchains/XcodeDefault.xctoolchain/usr/bin/clang -x objective-c -ivfsstatcache /Users/swan/Library/Developer/Xcode/DerivedData/SDKStatCaches.noindex/iphonesimulator26.4-23E237-686eebb5dc1d8ecb277353a59184f4aa.sdkstatcache -target arm64-apple-ios12.0-simulator -fmessage-length\=0 -fdiagnostics-show-note-include-stack -fmacro-backtrace-limit\=0 -fno-color-diagnostics -fmodules-prune-interval\=86400 -fmodules-prune-after\=345600 -fbuild-session-file\=/Users/swan/Library/Developer/Xcode/DerivedData/ModuleCache.noindex/Session.modulevalidation -fmodules-validate-once-per-build-session -Wnon-modular-include-in-framework-module -Werror\=non-modular-include-in-framework-module -Wno-trigraphs -Wno-missing-field-initializers -Wno-missing-prototypes -Werror\=return-type -Wunreachable-code -Wno-implicit-atomic-properties -Werror\=deprecated-objc-isa-usage -Wno-objc-interface-ivars -Werror\=objc-root-class -Wno-arc-repeated-use-of-weak -Wimplicit-retain-self -Wduplicate-method-match -Wno-missing-braces -Wparentheses -Wswitch -Wunused-function -Wno-unused-label -Wno-unused-parameter -Wunused-variable -Wunused-value -Wempty-body -Wuninitialized -Wconditional-uninitialized -Wno-unknown-pragmas -Wno-shadow -Wno-four-char-constants -Wno-conversion -Wconstant-conversion -Wint-conversion -Wbool-conversion -Wenum-conversion -Wno-float-conversion -Wnon-literal-null-conversion -Wobjc-literal-conversion -Wshorten-64-to-32 -Wpointer-sign -Wno-newline-eof -Wno-selector -Wno-strict-selector-match -Wundeclared-selector -Wdeprecated-implementations -Wno-implicit-fallthrough -isysroot /Applications/Xcode.app/Contents/Developer/Platforms/iPhoneSimulator.platform/Developer/SDKs/iPhoneSimulator26.4.sdk -fstrict-aliasing -Wprotocol -Wdeprecated-declarations -Wno-sign-conversion -Winfinite-recursion -Wcomma -Wblock-capture-autoreleasing -Wstrict-prototypes -Wno-semicolon-before-method-body -index-store-path /Users/swan/Library/Developer/Xcode/DerivedData/vantiq-ui-ios-gueetvuzmuxrbegsztzkuatnhugx/Index.noindex/DataStore @/Users/swan/Development/vantiq-ui-ios/Example/build/vantiq-ui-ios.build/Debug-iphonesimulator/vantiq-ui-ios_Tests.build/Objects-normal/arm64/e6072d4f65d7061329687fe24e3d63a7-common-args.resp -include /Users/swan/Development/vantiq-ui-ios/Example/build/SharedPrecompiledHeaders/SharedPrecompiledHeaders/14904872467411920599/Tests-Prefix.pch -MMD -MT dependencies -MF /Users/swan/Development/vantiq-ui-ios/Example/build/vantiq-ui-ios.build/Debug-iphonesimulator/vantiq-ui-ios_Tests.build/Objects-normal/arm64/Tests.d --serialize-diagnostics /Users/swan/Development/vantiq-ui-ios/Example/build/vantiq-ui-ios.build/Debug-iphonesimulator/vantiq-ui-ios_Tests.build/Objects-normal/arm64/Tests.dia -c /Users/swan/Development/vantiq-ui-ios/Example/Tests/Tests.m -o /Users/swan/Development/vantiq-ui-ios/Example/build/vantiq-ui-ios.build/Debug-iphonesimulator/vantiq-ui-ios_Tests.build/Objects-normal/arm64/Tests.o -index-unit-output-path /vantiq-ui-ios.build/Debug-iphonesimulator/vantiq-ui-ios_Tests.build/Objects-normal/arm64/Tests.o

Ld /Users/swan/Development/vantiq-ui-ios/Example/build/Debug-iphonesimulator/vantiq-ui-ios_Example.app/PlugIns/vantiq-ui-ios_Tests.xctest/vantiq-ui-ios_Tests normal (in target 'vantiq-ui-ios_Tests' from project 'vantiq-ui-ios')
    cd /Users/swan/Development/vantiq-ui-ios/Example
    /Applications/Xcode.app/Contents/Developer/Toolchains/XcodeDefault.xctoolchain/usr/bin/clang -Xlinker -reproducible -target arm64-apple-ios12.0-simulator -bundle -isysroot /Applications/Xcode.app/Contents/Developer/Platforms/iPhoneSimulator.platform/Developer/SDKs/iPhoneSimulator26.4.sdk -O0 -L/Users/swan/Development/vantiq-ui-ios/Example/build/EagerLinkingTBDs/Debug-iphonesimulator -L/Users/swan/Development/vantiq-ui-ios/Example/build/Debug-iphonesimulator -L/Applications/Xcode.app/Contents/Developer/Platforms/iPhoneSimulator.platform/Developer/usr/lib -F/Users/swan/Development/vantiq-ui-ios/Example/build/EagerLinkingTBDs/Debug-iphonesimulator -F/Users/swan/Development/vantiq-ui-ios/Example/build/Debug-iphonesimulator -F/Applications/Xcode.app/Contents/Developer/Platforms/iPhoneSimulator.platform/Developer/Library/Frameworks -F/Users/swan/Development/vantiq-ui-ios/Example/build/Debug-iphonesimulator/AppAuth -F/Users/swan/Development/vantiq-ui-ios/Example/build/Debug-iphonesimulator/Base64 -F/Users/swan/Development/vantiq-ui-ios/Example/build/Debug-iphonesimulator/JWT -F/Users/swan/Development/vantiq-ui-ios/Example/build/Debug-iphonesimulator/vantiq-sdk-ios -F/Users/swan/Development/vantiq-ui-ios/Example/build/Debug-iphonesimulator/vantiq-ui-ios -F/Applications/Xcode.app/Contents/Developer/Library/Frameworks -iframework /Applications/Xcode.app/Contents/Developer/Platforms/iPhoneSimulator.platform/Developer/Library/Frameworks -iframework /Applications/Xcode.app/Contents/Developer/Platforms/iPhoneSimulator.platform/Developer/SDKs/iPhoneSimulator26.4.sdk/Developer/Library/Frameworks -filelist /Users/swan/Development/vantiq-ui-ios/Example/build/vantiq-ui-ios.build/Debug-iphonesimulator/vantiq-ui-ios_Tests.build/Objects-normal/arm64/vantiq-ui-ios_Tests.LinkFileList -Xlinker -rpath -Xlinker @loader_path/Frameworks -Xlinker -rpath -Xlinker @executable_path/Frameworks -Xlinker -dead_strip -bundle_loader /Users/swan/Development/vantiq-ui-ios/Example/build/Debug-iphonesimulator/vantiq-ui-ios_Example.app/vantiq-ui-ios_Example -Xlinker -object_path_lto -Xlinker /Users/swan/Development/vantiq-ui-ios/Example/build/vantiq-ui-ios.build/Debug-iphonesimulator/vantiq-ui-ios_Tests.build/Objects-normal/arm64/vantiq-ui-ios_Tests_lto.o -rdynamic -Xlinker -no_deduplicate -Xlinker -objc_abi_version -Xlinker 2 -Xlinker -dependency_info -Xlinker /Users/swan/Development/vantiq-ui-ios/Example/build/vantiq-ui-ios.build/Debug-iphonesimulator/vantiq-ui-ios_Tests.build/Objects-normal/arm64/vantiq-ui-ios_Tests_dependency_info.dat -fobjc-arc -fobjc-link-runtime -framework AppAuth -framework Base64 -framework JWT -framework SafariServices -framework Security -framework vantiq_sdk_ios -framework vantiq_ui_ios -weak_framework AuthenticationServices -Xlinker -needed_framework -Xlinker XCTest -framework XCTest -Xlinker -needed-lXCTestSwiftSupport -lXCTestSwiftSupport -framework XCTest -framework UIKit -framework Foundation -framework Pods_vantiq_ui_ios_Tests -Xlinker -no_adhoc_codesign -o /Users/swan/Development/vantiq-ui-ios/Example/build/Debug-iphonesimulator/vantiq-ui-ios_Example.app/PlugIns/vantiq-ui-ios_Tests.xctest/vantiq-ui-ios_Tests
/Users/swan/Development/vantiq-ui-ios/Example/vantiq-ui-ios.xcodeproj: vantiq-ui-ios_Tests: ld: warning: building for iOS-simulator-14.0, but linking with dylib '' which was built for newer version 15.6

CodeSign /Users/swan/Development/vantiq-ui-ios/Example/build/Debug-iphonesimulator/vantiq-ui-ios_Example.app/PlugIns/vantiq-ui-ios_Tests.xctest (in target 'vantiq-ui-ios_Tests' from project 'vantiq-ui-ios')
    cd /Users/swan/Development/vantiq-ui-ios/Example
    
    Signing Identity:     "Sign to Run Locally"
    
    /usr/bin/codesign --force --sign - --timestamp\=none --generate-entitlement-der /Users/swan/Development/vantiq-ui-ios/Example/build/Debug-iphonesimulator/vantiq-ui-ios_Example.app/PlugIns/vantiq-ui-ios_Tests.xctest

RegisterExecutionPolicyException /Users/swan/Development/vantiq-ui-ios/Example/build/Debug-iphonesimulator/vantiq-ui-ios_Example.app/PlugIns/vantiq-ui-ios_Tests.xctest (in target 'vantiq-ui-ios_Tests' from project 'vantiq-ui-ios')
    cd /Users/swan/Development/vantiq-ui-ios/Example
    builtin-RegisterExecutionPolicyException /Users/swan/Development/vantiq-ui-ios/Example/build/Debug-iphonesimulator/vantiq-ui-ios_Example.app/PlugIns/vantiq-ui-ios_Tests.xctest

Touch /Users/swan/Development/vantiq-ui-ios/Example/build/Debug-iphonesimulator/vantiq-ui-ios_Example.app/PlugIns/vantiq-ui-ios_Tests.xctest (in target 'vantiq-ui-ios_Tests' from project 'vantiq-ui-ios')
    cd /Users/swan/Development/vantiq-ui-ios/Example
    /usr/bin/touch -c /Users/swan/Development/vantiq-ui-ios/Example/build/Debug-iphonesimulator/vantiq-ui-ios_Example.app/PlugIns/vantiq-ui-ios_Tests.xctest

CodeSign /Users/swan/Development/vantiq-ui-ios/Example/build/Debug-iphonesimulator/vantiq-ui-ios_Example.app (in target 'vantiq-ui-ios_Example' from project 'vantiq-ui-ios')
    cd /Users/swan/Development/vantiq-ui-ios/Example
    
    Signing Identity:     "Sign to Run Locally"
    
    /usr/bin/codesign --force --sign - --entitlements /Users/swan/Development/vantiq-ui-ios/Example/build/vantiq-ui-ios.build/Debug-iphonesimulator/vantiq-ui-ios_Example.build/vantiq-ui-ios_Example.app.xcent --timestamp\=none --generate-entitlement-der /Users/swan/Development/vantiq-ui-ios/Example/build/Debug-iphonesimulator/vantiq-ui-ios_Example.app

Validate /Users/swan/Development/vantiq-ui-ios/Example/build/Debug-iphonesimulator/vantiq-ui-ios_Example.app (in target 'vantiq-ui-ios_Example' from project 'vantiq-ui-ios')
    cd /Users/swan/Development/vantiq-ui-ios/Example
    builtin-validationUtility /Users/swan/Development/vantiq-ui-ios/Example/build/Debug-iphonesimulator/vantiq-ui-ios_Example.app -shallow-bundle -infoplist-subpath Info.plist

2026-04-30 16:41:08.533135-0700 vantiq-ui-ios_Example[81618:5099456] [UIKit App Config] `UIScene` lifecycle will soon be required. Failure to adopt will result in an assert in the future.
2026-04-30 16:41:08.595020-0700 vantiq-ui-ios_Example[81618:5099666] [General] Failed to send CA Event for app launch measurements for ca_event_type: 0 event_name: com.apple.app_launch_measurement.FirstFramePresentationMetric
2026-04-30 16:41:08.647424-0700 vantiq-ui-ios_Example[81618:5099654] [General] Failed to send CA Event for app launch measurements for ca_event_type: 1 event_name: com.apple.app_launch_measurement.ExtendedLaunchMetrics
Test Suite 'All tests' started at 2026-04-30 16:41:09.115.
Test Suite 'vantiq-ui-ios_Tests.xctest' started at 2026-04-30 16:41:09.115.
Test Suite 'Tests' started at 2026-04-30 16:41:09.115.
Test Case '-[Tests testExample]' started.
/Users/swan/Development/vantiq-ui-ios/Example/Tests/Tests.m:31: error: -[Tests testExample] : failed - No implementation for "-[Tests testExample]"
Test Case '-[Tests testExample]' failed (0.043 seconds).
Test Suite 'Tests' failed at 2026-04-30 16:41:09.159.
	 Executed 1 test, with 1 failure (0 unexpected) in 0.043 (0.044) seconds
Test Suite 'vantiq-ui-ios_Tests.xctest' failed at 2026-04-30 16:41:09.159.
	 Executed 1 test, with 1 failure (0 unexpected) in 0.043 (0.044) seconds
Test Suite 'All tests' failed at 2026-04-30 16:41:09.159.
	 Executed 1 test, with 1 failure (0 unexpected) in 0.043 (0.044) seconds

Test session results, code coverage, and logs:
	/Users/swan/Library/Developer/Xcode/DerivedData/vantiq-ui-ios-gueetvuzmuxrbegsztzkuatnhugx/Logs/Test/Run-vantiq-ui-ios-Example-2026.04.30_16-40-38--0700.xcresult

Testing started
